SymbolId,CurrentTime,Index,MarketConditionId,MarketConditionValue
F,20250717 09:33:02.000000,0,UGP50,True
F,20250717 09:33:08.000000,0,UGP50,True
F,20250717 09:33:12.000000,0,UGP50,True
F,20250717 09:33:13.000000,0,UGP50,True
F,20250717 09:33:32.000000,0,UGP50,True
F,20250717 09:33:34.000000,0,UGP50,True
F,20250717 09:33:35.000000,0,UGP50,True
F,20250717 09:34:12.000000,0,UGP50,True
F,20250717 09:34:15.000000,0,UGP50,True
F,20250717 09:34:16.000000,0,UGP50,True
F,20250717 09:34:17.000000,0,UGP50,True
F,20250717 09:34:19.000000,0,UGP50,True
F,20250717 09:34:21.000000,0,UGP50,True
F,20250717 09:34:22.000000,0,UGP50,True
F,20250717 09:34:23.000000,0,UGP50,True
F,20250717 09:34:24.000000,0,UGP50,True
F,20250717 09:34:25.000000,0,UGP50,True
F,20250717 09:34:26.000000,0,UGP50,True
F,20250717 09:34:27.000000,0,UGP50,True
F,20250717 09:34:28.000000,0,UGP50,True
F,20250717 09:34:29.000000,0,UGP50,True
F,20250717 09:34:30.000000,0,UGP50,True
F,20250717 09:34:31.000000,0,UGP50,True
F,20250717 09:34:32.000000,0,UGP50,True
F,20250717 09:34:33.000000,0,UGP50,True
F,20250717 09:34:34.000000,0,UGP50,True
F,20250717 09:34:35.000000,0,UGP50,True
F,20250717 09:34:38.000000,0,UGP50,True
F,20250717 09:34:39.000000,0,UGP50,True
F,20250717 09:34:40.000000,0,UGP50,True
F,20250717 09:34:42.000000,0,UGP50,True
F,20250717 09:34:43.000000,0,UGP50,True
F,20250717 09:34:44.000000,0,UGP50,True
F,20250717 09:34:45.000000,0,UGP50,True
F,20250717 09:34:46.000000,0,UGP50,True
F,20250717 09:34:47.000000,0,UGP50,True
F,20250717 09:34:48.000000,0,UGP50,True
F,20250717 09:34:49.000000,0,UGP50,True
F,20250717 09:34:50.000000,0,UGP50,True
F,20250717 09:34:51.000000,0,UGP50,True
F,20250717 09:34:53.000000,0,UGP50,True
F,20250717 09:34:54.000000,0,UGP50,True
F,20250717 09:34:55.000000,0,UGP50,True
F,20250717 09:34:56.000000,0,UGP50,True
F,20250717 09:34:57.000000,0,UGP50,True
F,20250717 09:34:58.000000,0,UGP50,True
F,20250717 09:34:59.000000,0,UGP50,True
F,20250717 09:35:00.000000,0,UGP50,True
F,20250717 09:35:01.000000,0,UGP50,True
F,20250717 09:35:02.000000,0,UGP50,True
F,20250717 09:35:22.000000,0,UGP50,True
F,20250717 09:35:28.000000,0,UGP50,True
F,20250717 09:35:35.000000,0,UGP50,True
F,20250717 09:35:39.000000,0,UGP50,True
F,20250717 09:35:43.000000,0,UGP50,True
F,20250717 09:35:46.000000,0,UGP50,True
F,20250717 09:35:47.000000,0,UGP50,True
F,20250717 09:35:48.000000,0,UGP50,True
F,20250717 09:35:49.000000,0,UGP50,True
F,20250717 09:35:50.000000,0,UGP50,True
F,20250717 09:35:51.000000,0,UGP50,True
F,20250717 09:35:52.000000,0,UGP50,True
F,20250717 09:35:53.000000,0,UGP50,True
F,20250717 09:35:54.000000,0,UGP50,True
F,20250717 09:35:55.000000,0,UGP50,True
F,20250717 09:35:56.000000,0,UGP50,True
F,20250717 09:35:57.000000,0,UGP50,True
F,20250717 09:35:58.000000,0,UGP50,True
F,20250717 09:35:59.000000,0,UGP50,True
F,20250717 09:36:00.000000,0,UGP50,True
F,20250717 09:36:01.000000,0,UGP50,True
F,20250717 09:36:02.000000,0,UGP50,True
F,20250717 09:36:03.000000,0,UGP50,True
F,20250717 09:36:04.000000,0,UGP50,True
F,20250717 09:36:05.000000,0,UGP50,True
F,20250717 09:36:06.000000,0,UGP50,True
F,20250717 09:36:07.000000,0,UGP50,True
F,20250717 09:36:08.000000,0,UGP50,True
F,20250717 09:36:09.000000,0,UGP50,True
F,20250717 09:36:10.000000,0,UGP50,True
F,20250717 09:36:11.000000,0,UGP50,True
F,20250717 09:36:12.000000,0,UGP50,True
F,20250717 09:36:13.000000,0,UGP50,True
F,20250717 09:36:14.000000,0,UGP50,True
F,20250717 09:36:15.000000,0,UGP50,True
F,20250717 09:36:16.000000,0,UGP50,True
F,20250717 09:36:17.000000,0,UGP50,True
F,20250717 09:36:18.000000,0,UGP50,True
F,20250717 09:36:19.000000,0,UGP50,True
F,20250717 09:36:20.000000,0,UGP50,True
F,20250717 09:36:21.000000,0,UGP50,True
F,20250717 09:36:22.000000,0,UGP50,True
F,20250717 09:36:23.000000,0,UGP50,True
F,20250717 09:36:24.000000,0,UGP50,True
F,20250717 09:36:25.000000,0,UGP50,True
F,20250717 09:36:26.000000,0,UGP50,True
F,20250717 09:36:27.000000,0,UGP50,True
F,20250717 09:36:28.000000,0,UGP50,True
F,20250717 09:36:29.000000,0,UGP50,True
F,20250717 09:36:30.000000,0,UGP50,True
F,20250717 09:36:31.000000,0,UGP50,True
F,20250717 09:36:32.000000,0,UGP50,True
F,20250717 09:36:33.000000,0,UGP50,True
F,20250717 09:36:34.000000,0,UGP50,True
F,20250717 09:36:35.000000,0,UGP50,True
F,20250717 09:36:37.000000,0,UGP50,True
F,20250717 09:36:38.000000,0,UGP50,True
F,20250717 09:36:39.000000,0,UGP50,True
F,20250717 09:36:41.000000,0,UGP50,True
F,20250717 09:36:42.000000,0,UGP50,True
F,20250717 09:36:43.000000,0,UGP50,True
F,20250717 09:36:44.000000,0,UGP50,True
F,20250717 09:36:45.000000,0,UGP50,True
F,20250717 09:36:46.000000,0,UGP50,True
F,20250717 09:36:47.000000,0,UGP50,True
F,20250717 09:36:48.000000,0,UGP50,True
F,20250717 09:36:49.000000,0,UGP50,True
F,20250717 09:36:50.000000,0,UGP50,True
F,20250717 09:36:51.000000,0,UGP50,True
F,20250717 09:36:52.000000,0,UGP50,True
F,20250717 09:36:53.000000,0,UGP50,True
F,20250717 09:36:54.000000,0,UGP50,True
F,20250717 09:36:55.000000,0,UGP50,True
F,20250717 09:36:56.000000,0,UGP50,True
F,20250717 09:36:57.000000,0,UGP50,True
F,20250717 09:36:58.000000,0,UGP50,True
F,20250717 09:37:00.000000,0,UGP50,True
F,20250717 09:37:01.000000,0,UGP50,True
F,20250717 09:37:02.000000,0,UGP50,True
F,20250717 09:37:03.000000,0,UGP50,True
F,20250717 09:37:04.000000,0,UGP50,True
F,20250717 09:37:05.000000,0,UGP50,True
F,20250717 09:37:06.000000,0,UGP50,True
F,20250717 09:37:07.000000,0,UGP50,True
F,20250717 09:37:08.000000,0,UGP50,True
F,20250717 09:37:09.000000,0,UGP50,True
F,20250717 09:37:10.000000,0,UGP50,True
F,20250717 09:37:11.000000,0,UGP50,True
F,20250717 09:37:13.000000,0,UGP50,True
F,20250717 09:37:14.000000,0,UGP50,True
F,20250717 09:37:15.000000,0,UGP50,True
F,20250717 09:37:16.000000,0,UGP50,True
F,20250717 09:37:17.000000,0,UGP50,True
F,20250717 09:37:18.000000,0,UGP50,True
F,20250717 09:37:19.000000,0,UGP50,True
F,20250717 09:37:20.000000,0,UGP50,True
F,20250717 09:37:21.000000,0,UGP50,True
F,20250717 09:37:22.000000,0,UGP50,True
F,20250717 09:37:23.000000,0,UGP50,True
F,20250717 09:37:24.000000,0,UGP50,True
F,20250717 09:37:25.000000,0,UGP50,True
F,20250717 09:37:26.000000,0,UGP50,True
F,20250717 09:37:27.000000,0,UGP50,True
F,20250717 09:37:28.000000,0,UGP50,True
F,20250717 09:37:29.000000,0,UGP50,True
F,20250717 09:37:30.000000,0,UGP50,True
F,20250717 09:37:31.000000,0,UGP50,True
F,20250717 09:37:32.000000,0,UGP50,True
F,20250717 09:37:33.000000,0,UGP50,True
F,20250717 09:37:34.000000,0,UGP50,True
F,20250717 09:37:35.000000,0,UGP50,True
F,20250717 09:37:36.000000,0,UGP50,True
F,20250717 09:37:37.000000,0,UGP50,True
F,20250717 09:37:38.000000,0,UGP50,True
F,20250717 09:37:39.000000,0,UGP50,True
F,20250717 09:37:40.000000,0,UGP50,True
F,20250717 09:37:41.000000,0,UGP50,True
F,20250717 09:37:42.000000,0,UGP50,True
F,20250717 09:37:44.000000,0,UGP50,True
F,20250717 09:37:45.000000,0,UGP50,True
F,20250717 09:37:46.000000,0,UGP50,True
F,20250717 09:37:47.000000,0,UGP50,True
F,20250717 09:37:48.000000,0,UGP50,True
F,20250717 09:37:49.000000,0,UGP50,True
F,20250717 09:37:50.000000,0,UGP50,True
F,20250717 09:37:51.000000,0,UGP50,True
F,20250717 09:37:52.000000,0,UGP50,True
F,20250717 09:37:53.000000,0,UGP50,True
F,20250717 09:37:55.000000,0,UGP50,True
F,20250717 09:37:57.000000,0,UGP50,True
F,20250717 09:37:58.000000,0,UGP50,True
F,20250717 09:37:59.000000,0,UGP50,True
F,20250717 09:38:00.000000,0,UGP50,True
F,20250717 09:38:01.000000,0,UGP50,True
F,20250717 09:38:02.000000,0,UGP50,True
F,20250717 09:38:03.000000,0,UGP50,True
F,20250717 09:38:04.000000,0,UGP50,True
F,20250717 09:38:05.000000,0,UGP50,True
F,20250717 09:38:06.000000,0,UGP50,True
F,20250717 09:38:07.000000,0,UGP50,True
F,20250717 09:38:08.000000,0,UGP50,True
F,20250717 09:38:09.000000,0,UGP50,True
F,20250717 09:38:10.000000,0,UGP50,True
F,20250717 09:38:11.000000,0,UGP50,True
F,20250717 09:38:12.000000,0,UGP50,True
F,20250717 09:38:13.000000,0,UGP50,True
F,20250717 09:38:15.000000,0,UGP50,True
F,20250717 09:38:16.000000,0,UGP50,True
F,20250717 09:38:18.000000,0,UGP50,True
F,20250717 09:38:19.000000,0,UGP50,True
F,20250717 09:38:20.000000,0,UGP50,True
F,20250717 09:38:21.000000,0,UGP50,True
F,20250717 09:38:22.000000,0,UGP50,True
F,20250717 09:38:23.000000,0,UGP50,True
F,20250717 09:38:24.000000,0,UGP50,True
F,20250717 09:38:25.000000,0,UGP50,True
F,20250717 09:38:26.000000,0,UGP50,True
F,20250717 09:38:27.000000,0,UGP50,True
F,20250717 09:38:28.000000,0,UGP50,True
F,20250717 09:38:29.000000,0,UGP50,True
F,20250717 09:38:30.000000,0,UGP50,True
F,20250717 09:38:32.000000,0,UGP50,True
F,20250717 09:38:33.000000,0,UGP50,True
F,20250717 09:38:34.000000,0,UGP50,True
F,20250717 09:38:35.000000,0,UGP50,True
F,20250717 09:38:37.000000,0,UGP50,True
F,20250717 09:38:38.000000,0,UGP50,True
F,20250717 09:38:39.000000,0,UGP50,True
F,20250717 09:38:40.000000,0,UGP50,True
F,20250717 09:38:42.000000,0,UGP50,True
F,20250717 09:38:43.000000,0,UGP50,True
F,20250717 09:38:44.000000,0,UGP50,True
F,20250717 09:38:45.000000,0,UGP50,True
F,20250717 09:38:46.000000,0,UGP50,True
F,20250717 09:38:47.000000,0,UGP50,True
F,20250717 09:38:48.000000,0,UGP50,True
F,20250717 09:38:49.000000,0,UGP50,True
F,20250717 09:38:50.000000,0,UGP50,True
F,20250717 09:38:51.000000,0,UGP50,True
F,20250717 09:38:52.000000,0,UGP50,True
F,20250717 09:38:53.000000,0,UGP50,True
F,20250717 09:38:55.000000,0,UGP50,True
F,20250717 09:38:56.000000,0,UGP50,True
F,20250717 09:38:57.000000,0,UGP50,True
F,20250717 09:38:59.000000,0,UGP50,True
F,20250717 09:39:00.000000,0,UGP50,True
F,20250717 09:39:01.000000,0,UGP50,True
F,20250717 09:39:03.000000,0,UGP50,True
F,20250717 09:39:04.000000,0,UGP50,True
F,20250717 09:39:05.000000,0,UGP50,True
F,20250717 09:39:06.000000,0,UGP50,True
F,20250717 09:39:07.000000,0,UGP50,True
F,20250717 09:39:08.000000,0,UGP50,True
F,20250717 09:39:09.000000,0,UGP50,True
F,20250717 09:39:10.000000,0,UGP50,True
F,20250717 09:39:11.000000,0,UGP50,True
F,20250717 09:39:12.000000,0,UGP50,True
F,20250717 09:39:13.000000,0,UGP50,True
F,20250717 09:39:14.000000,0,UGP50,True
F,20250717 09:39:15.000000,0,UGP50,True
F,20250717 09:39:16.000000,0,UGP50,True
F,20250717 09:39:17.000000,0,UGP50,True
F,20250717 09:39:19.000000,0,UGP50,True
F,20250717 09:39:20.000000,0,UGP50,True
F,20250717 09:39:21.000000,0,UGP50,True
F,20250717 09:39:22.000000,0,UGP50,True
F,20250717 09:39:23.000000,0,UGP50,True
F,20250717 09:39:25.000000,0,UGP50,True
F,20250717 09:39:26.000000,0,UGP50,True
F,20250717 09:39:27.000000,0,UGP50,True
F,20250717 09:39:28.000000,0,UGP50,True
F,20250717 09:39:29.000000,0,UGP50,True
F,20250717 09:39:30.000000,0,UGP50,True
F,20250717 09:39:31.000000,0,UGP50,True
F,20250717 09:39:32.000000,0,UGP50,True
F,20250717 09:39:33.000000,0,UGP50,True
F,20250717 09:39:34.000000,0,UGP50,True
F,20250717 09:39:35.000000,0,UGP50,True
F,20250717 09:39:37.000000,0,UGP50,True
F,20250717 09:39:38.000000,0,UGP50,True
F,20250717 09:39:39.000000,0,UGP50,True
F,20250717 09:39:40.000000,0,UGP50,True
F,20250717 09:39:41.000000,0,UGP50,True
F,20250717 09:39:42.000000,0,UGP50,True
F,20250717 09:39:43.000000,0,UGP50,True
F,20250717 09:39:44.000000,0,UGP50,True
F,20250717 09:39:45.000000,0,UGP50,True
F,20250717 09:39:46.000000,0,UGP50,True
F,20250717 09:39:47.000000,0,UGP50,True
F,20250717 09:39:48.000000,0,UGP50,True
F,20250717 09:39:49.000000,0,UGP50,True
F,20250717 09:39:50.000000,0,UGP50,True
F,20250717 09:39:51.000000,0,UGP50,True
F,20250717 09:39:52.000000,0,UGP50,True
F,20250717 09:39:53.000000,0,UGP50,True
F,20250717 09:39:54.000000,0,UGP50,True
F,20250717 09:39:55.000000,0,UGP50,True
F,20250717 09:39:56.000000,0,UGP50,True
F,20250717 09:39:57.000000,0,UGP50,True
F,20250717 09:39:58.000000,0,UGP50,True
F,20250717 09:39:59.000000,0,UGP50,True
F,20250717 09:40:00.000000,0,UGP50,True
F,20250717 09:40:01.000000,0,UGP50,True
F,20250717 09:40:02.000000,0,UGP50,True
F,20250717 09:40:03.000000,0,UGP50,True
F,20250717 09:40:05.000000,0,UGP50,True
F,20250717 09:40:06.000000,0,UGP50,True
F,20250717 09:40:07.000000,0,UGP50,True
F,20250717 09:40:08.000000,0,UGP50,True
F,20250717 09:40:09.000000,0,UGP50,True
F,20250717 09:40:09.000000,0,PDH_PMH_REV_PMH,True
F,20250717 09:40:10.000000,0,UGP50,True
F,20250717 09:40:11.000000,0,UGP50,True
F,20250717 09:40:12.000000,0,UGP50,True
F,20250717 09:40:13.000000,0,UGP50,True
F,20250717 09:40:14.000000,0,UGP50,True
F,20250717 09:40:15.000000,0,UGP50,True
F,20250717 09:40:16.000000,0,UGP50,True
F,20250717 09:40:17.000000,0,UGP50,True
F,20250717 09:40:18.000000,0,UGP50,True
F,20250717 09:40:19.000000,0,UGP50,True
F,20250717 09:40:20.000000,0,UGP50,True
F,20250717 09:40:21.000000,0,UGP50,True
F,20250717 09:40:22.000000,0,UGP50,True
F,20250717 09:40:23.000000,0,UGP50,True
F,20250717 09:40:24.000000,0,UGP50,True
F,20250717 09:40:25.000000,0,UGP50,True
F,20250717 09:40:26.000000,0,UGP50,True
F,20250717 09:40:27.000000,0,UGP50,True
F,20250717 09:40:29.000000,0,UGP50,True
F,20250717 09:40:30.000000,0,UGP50,True
F,20250717 09:40:31.000000,0,UGP50,True
F,20250717 09:40:32.000000,0,UGP50,True
F,20250717 09:40:34.000000,0,UGP50,True
F,20250717 09:40:35.000000,0,UGP50,True
F,20250717 09:40:36.000000,0,UGP50,True
F,20250717 09:40:37.000000,0,UGP50,True
F,20250717 09:40:39.000000,0,UGP50,True
F,20250717 09:40:40.000000,0,UGP50,True
F,20250717 09:40:41.000000,0,UGP50,True
F,20250717 09:40:43.000000,0,UGP50,True
F,20250717 09:40:44.000000,0,UGP50,True
F,20250717 09:40:45.000000,0,UGP50,True
F,20250717 09:40:46.000000,0,UGP50,True
F,20250717 09:40:47.000000,0,UGP50,True
F,20250717 09:40:48.000000,0,UGP50,True
F,20250717 09:40:49.000000,0,UGP50,True
F,20250717 09:40:50.000000,0,UGP50,True
F,20250717 09:40:51.000000,0,UGP50,True
F,20250717 09:40:52.000000,0,UGP50,True
F,20250717 09:40:53.000000,0,UGP50,True
F,20250717 09:40:55.000000,0,UGP50,True
F,20250717 09:40:59.000000,0,UGP50,True
F,20250717 09:41:00.000000,0,UGP50,True
F,20250717 09:41:01.000000,0,UGP50,True
F,20250717 09:41:02.000000,0,UGP50,True
F,20250717 09:41:03.000000,0,UGP50,True
F,20250717 09:41:04.000000,0,UGP50,True
F,20250717 09:41:05.000000,0,UGP50,True
F,20250717 09:41:07.000000,0,UGP50,True
F,20250717 09:41:08.000000,0,UGP50,True
F,20250717 09:41:09.000000,0,UGP50,True
F,20250717 09:41:10.000000,0,UGP50,True
F,20250717 09:41:11.000000,0,UGP50,True
F,20250717 09:41:12.000000,0,UGP50,True
F,20250717 09:41:13.000000,0,UGP50,True
F,20250717 09:41:14.000000,0,UGP50,True
F,20250717 09:41:15.000000,0,UGP50,True
F,20250717 09:41:16.000000,0,UGP50,True
F,20250717 09:41:18.000000,0,UGP50,True
F,20250717 09:41:19.000000,0,UGP50,True
F,20250717 09:41:20.000000,0,UGP50,True
F,20250717 09:41:21.000000,0,UGP50,True
F,20250717 09:41:22.000000,0,UGP50,True
F,20250717 09:41:23.000000,0,UGP50,True
F,20250717 09:41:25.000000,0,UGP50,True
F,20250717 09:41:26.000000,0,UGP50,True
F,20250717 09:41:28.000000,0,UGP50,True
F,20250717 09:41:29.000000,0,UGP50,True
F,20250717 09:41:31.000000,0,UGP50,True
F,20250717 09:41:32.000000,0,UGP50,True
F,20250717 09:41:33.000000,0,UGP50,True
F,20250717 09:41:34.000000,0,UGP50,True
F,20250717 09:41:35.000000,0,UGP50,True
F,20250717 09:41:36.000000,0,UGP50,True
F,20250717 09:41:38.000000,0,UGP50,True
F,20250717 09:41:39.000000,0,UGP50,True
F,20250717 09:41:40.000000,0,UGP50,True
F,20250717 09:41:41.000000,0,UGP50,True
F,20250717 09:41:42.000000,0,UGP50,True
F,20250717 09:41:43.000000,0,UGP50,True
F,20250717 09:41:44.000000,0,UGP50,True
F,20250717 09:41:45.000000,0,UGP50,True
F,20250717 09:41:46.000000,0,UGP50,True
F,20250717 09:41:47.000000,0,UGP50,True
F,20250717 09:41:48.000000,0,UGP50,True
F,20250717 09:41:49.000000,0,UGP50,True
F,20250717 09:41:50.000000,0,UGP50,True
F,20250717 09:41:51.000000,0,UGP50,True
F,20250717 09:41:52.000000,0,UGP50,True
F,20250717 09:41:53.000000,0,UGP50,True
F,20250717 09:41:54.000000,0,UGP50,True
F,20250717 09:41:55.000000,0,UGP50,True
F,20250717 09:41:56.000000,0,UGP50,True
F,20250717 09:41:59.000000,0,UGP50,True
F,20250717 09:42:00.000000,0,UGP50,True
F,20250717 09:42:01.000000,0,UGP50,True
F,20250717 09:42:02.000000,0,UGP50,True
F,20250717 09:42:03.000000,0,UGP50,True
F,20250717 09:42:04.000000,0,UGP50,True
F,20250717 09:42:05.000000,0,UGP50,True
F,20250717 09:42:06.000000,0,UGP50,True
F,20250717 09:42:07.000000,0,UGP50,True
F,20250717 09:42:08.000000,0,UGP50,True
F,20250717 09:42:09.000000,0,UGP50,True
F,20250717 09:42:10.000000,0,UGP50,True
F,20250717 09:42:11.000000,0,UGP50,True
F,20250717 09:42:12.000000,0,UGP50,True
F,20250717 09:42:13.000000,0,UGP50,True
F,20250717 09:42:14.000000,0,UGP50,True
F,20250717 09:42:15.000000,0,UGP50,True
F,20250717 09:42:16.000000,0,UGP50,True
F,20250717 09:42:17.000000,0,UGP50,True
F,20250717 09:42:18.000000,0,UGP50,True
F,20250717 09:42:19.000000,0,UGP50,True
F,20250717 09:42:20.000000,0,UGP50,True
F,20250717 09:42:21.000000,0,UGP50,True
F,20250717 09:42:22.000000,0,UGP50,True
F,20250717 09:42:23.000000,0,UGP50,True
F,20250717 09:42:24.000000,0,UGP50,True
F,20250717 09:42:25.000000,0,UGP50,True
F,20250717 09:42:26.000000,0,UGP50,True
F,20250717 09:42:27.000000,0,UGP50,True
F,20250717 09:42:28.000000,0,UGP50,True
F,20250717 09:42:29.000000,0,UGP50,True
F,20250717 09:42:30.000000,0,UGP50,True
F,20250717 09:42:31.000000,0,UGP50,True
F,20250717 09:42:32.000000,0,UGP50,True
F,20250717 09:42:33.000000,0,UGP50,True
F,20250717 09:42:34.000000,0,UGP50,True
F,20250717 09:42:35.000000,0,UGP50,True
F,20250717 09:42:36.000000,0,UGP50,True
F,20250717 09:42:37.000000,0,UGP50,True
F,20250717 09:42:38.000000,0,UGP50,True
F,20250717 09:42:39.000000,0,UGP50,True
F,20250717 09:42:40.000000,0,UGP50,True
F,20250717 09:42:41.000000,0,UGP50,True
F,20250717 09:42:43.000000,0,UGP50,True
F,20250717 09:42:44.000000,0,UGP50,True
F,20250717 09:42:45.000000,0,UGP50,True
F,20250717 09:42:47.000000,0,UGP50,True
F,20250717 09:42:48.000000,0,UGP50,True
F,20250717 09:42:49.000000,0,UGP50,True
F,20250717 09:42:50.000000,0,UGP50,True
F,20250717 09:42:51.000000,0,UGP50,True
F,20250717 09:42:52.000000,0,UGP50,True
F,20250717 09:42:54.000000,0,UGP50,True
F,20250717 09:42:55.000000,0,UGP50,True
F,20250717 09:42:57.000000,0,UGP50,True
F,20250717 09:42:59.000000,0,UGP50,True
F,20250717 09:43:00.000000,0,UGP50,True
F,20250717 09:43:02.000000,0,UGP50,True
F,20250717 09:43:03.000000,0,UGP50,True
F,20250717 09:43:04.000000,0,UGP50,True
F,20250717 09:43:05.000000,0,UGP50,True
F,20250717 09:43:06.000000,0,UGP50,True
F,20250717 09:43:07.000000,0,UGP50,True
F,20250717 09:43:08.000000,0,UGP50,True
F,20250717 09:43:09.000000,0,UGP50,True
F,20250717 09:43:10.000000,0,UGP50,True
F,20250717 09:43:11.000000,0,UGP50,True
F,20250717 09:43:12.000000,0,UGP50,True
F,20250717 09:43:13.000000,0,UGP50,True
F,20250717 09:43:14.000000,0,UGP50,True
F,20250717 09:43:15.000000,0,UGP50,True
F,20250717 09:43:16.000000,0,UGP50,True
F,20250717 09:43:17.000000,0,UGP50,True
F,20250717 09:43:19.000000,0,UGP50,True
F,20250717 09:43:20.000000,0,UGP50,True
F,20250717 09:43:21.000000,0,UGP50,True
F,20250717 09:43:22.000000,0,UGP50,True
F,20250717 09:43:23.000000,0,UGP50,True
F,20250717 09:43:24.000000,0,UGP50,True
F,20250717 09:43:25.000000,0,UGP50,True
F,20250717 09:43:27.000000,0,UGP50,True
F,20250717 09:43:28.000000,0,UGP50,True
F,20250717 09:43:30.000000,0,UGP50,True
F,20250717 09:43:31.000000,0,UGP50,True
F,20250717 09:43:32.000000,0,UGP50,True
F,20250717 09:43:33.000000,0,UGP50,True
F,20250717 09:43:35.000000,0,UGP50,True
F,20250717 09:43:36.000000,0,UGP50,True
F,20250717 09:43:37.000000,0,UGP50,True
F,20250717 09:43:38.000000,0,UGP50,True
F,20250717 09:43:39.000000,0,UGP50,True
F,20250717 09:43:40.000000,0,UGP50,True
F,20250717 09:43:41.000000,0,UGP50,True
F,20250717 09:43:42.000000,0,UGP50,True
F,20250717 09:43:43.000000,0,UGP50,True
F,20250717 09:43:44.000000,0,UGP50,True
F,20250717 09:43:45.000000,0,UGP50,True
F,20250717 09:43:47.000000,0,UGP50,True
F,20250717 09:43:48.000000,0,UGP50,True
F,20250717 09:43:49.000000,0,UGP50,True
F,20250717 09:43:50.000000,0,UGP50,True
F,20250717 09:43:51.000000,0,UGP50,True
F,20250717 09:43:52.000000,0,UGP50,True
F,20250717 09:43:54.000000,0,UGP50,True
F,20250717 09:43:55.000000,0,UGP50,True
F,20250717 09:43:56.000000,0,UGP50,True
F,20250717 09:43:57.000000,0,UGP50,True
F,20250717 09:43:58.000000,0,UGP50,True
F,20250717 09:43:59.000000,0,UGP50,True
F,20250717 09:44:00.000000,0,UGP50,True
F,20250717 09:44:02.000000,0,UGP50,True
F,20250717 09:44:03.000000,0,UGP50,True
F,20250717 09:44:05.000000,0,UGP50,True
F,20250717 09:44:07.000000,0,UGP50,True
F,20250717 09:44:09.000000,0,UGP50,True
F,20250717 09:44:10.000000,0,UGP50,True
F,20250717 09:44:11.000000,0,UGP50,True
F,20250717 09:44:12.000000,0,UGP50,True
F,20250717 09:44:13.000000,0,UGP50,True
F,20250717 09:44:14.000000,0,UGP50,True
F,20250717 09:44:15.000000,0,UGP50,True
F,20250717 09:44:16.000000,0,UGP50,True
F,20250717 09:44:18.000000,0,UGP50,True
F,20250717 09:44:19.000000,0,UGP50,True
F,20250717 09:44:20.000000,0,UGP50,True
F,20250717 09:44:21.000000,0,UGP50,True
F,20250717 09:44:25.000000,0,UGP50,True
F,20250717 09:44:26.000000,0,UGP50,True
F,20250717 09:44:27.000000,0,UGP50,True
F,20250717 09:44:28.000000,0,UGP50,True
F,20250717 09:44:29.000000,0,UGP50,True
F,20250717 09:44:30.000000,0,UGP50,True
F,20250717 09:44:31.000000,0,UGP50,True
F,20250717 09:44:32.000000,0,UGP50,True
F,20250717 09:44:33.000000,0,UGP50,True
F,20250717 09:44:34.000000,0,UGP50,True
F,20250717 09:44:35.000000,0,UGP50,True
F,20250717 09:44:36.000000,0,UGP50,True
F,20250717 09:44:37.000000,0,UGP50,True
F,20250717 09:44:38.000000,0,UGP50,True
F,20250717 09:44:39.000000,0,UGP50,True
F,20250717 09:44:40.000000,0,UGP50,True
F,20250717 09:44:41.000000,0,UGP50,True
F,20250717 09:44:42.000000,0,UGP50,True
F,20250717 09:44:43.000000,0,UGP50,True
F,20250717 09:44:44.000000,0,UGP50,True
F,20250717 09:44:45.000000,0,UGP50,True
F,20250717 09:44:46.000000,0,UGP50,True
F,20250717 09:44:47.000000,0,UGP50,True
F,20250717 09:44:48.000000,0,UGP50,True
F,20250717 09:44:49.000000,0,UGP50,True
F,20250717 09:44:50.000000,0,UGP50,True
F,20250717 09:44:51.000000,0,UGP50,True
F,20250717 09:44:52.000000,0,UGP50,True
F,20250717 09:44:53.000000,0,UGP50,True
F,20250717 09:44:54.000000,0,UGP50,True
F,20250717 09:44:55.000000,0,UGP50,True
F,20250717 09:44:56.000000,0,UGP50,True
F,20250717 09:44:57.000000,0,UGP50,True
F,20250717 09:44:58.000000,0,UGP50,True
F,20250717 09:44:59.000000,0,UGP50,True
F,20250717 09:45:00.000000,0,UGP50,True
F,20250717 09:45:01.000000,0,UGP50,True
F,20250717 09:45:02.000000,0,UGP50,True
F,20250717 09:45:03.000000,0,UGP50,True
F,20250717 09:45:04.000000,0,UGP50,True
F,20250717 09:45:05.000000,0,UGP50,True
F,20250717 09:45:06.000000,0,UGP50,True
F,20250717 09:45:07.000000,0,UGP50,True
F,20250717 09:45:08.000000,0,UGP50,True
F,20250717 09:45:09.000000,0,UGP50,True
F,20250717 09:45:10.000000,0,UGP50,True
F,20250717 09:45:11.000000,0,UGP50,True
F,20250717 09:45:12.000000,0,UGP50,True
F,20250717 09:45:13.000000,0,UGP50,True
F,20250717 09:45:14.000000,0,UGP50,True
F,20250717 09:45:15.000000,0,UGP50,True
F,20250717 09:45:16.000000,0,UGP50,True
F,20250717 09:45:17.000000,0,UGP50,True
F,20250717 09:45:18.000000,0,UGP50,True
F,20250717 09:45:19.000000,0,UGP50,True
F,20250717 09:45:20.000000,0,UGP50,True
F,20250717 09:45:21.000000,0,UGP50,True
F,20250717 09:45:22.000000,0,UGP50,True
F,20250717 09:45:23.000000,0,UGP50,True
F,20250717 09:45:24.000000,0,UGP50,True
F,20250717 09:45:25.000000,0,UGP50,True
F,20250717 09:45:26.000000,0,UGP50,True
F,20250717 09:45:27.000000,0,UGP50,True
F,20250717 09:45:31.000000,0,UGP50,True
F,20250717 09:45:32.000000,0,UGP50,True
F,20250717 09:45:33.000000,0,UGP50,True
F,20250717 09:45:34.000000,0,UGP50,True
F,20250717 09:45:35.000000,0,UGP50,True
F,20250717 09:45:36.000000,0,UGP50,True
F,20250717 09:45:37.000000,0,UGP50,True
F,20250717 09:45:38.000000,0,UGP50,True
F,20250717 09:45:39.000000,0,UGP50,True
F,20250717 09:45:40.000000,0,UGP50,True
F,20250717 09:45:41.000000,0,UGP50,True
F,20250717 09:45:42.000000,0,UGP50,True
F,20250717 09:45:43.000000,0,UGP50,True
F,20250717 09:45:44.000000,0,UGP50,True
F,20250717 09:45:45.000000,0,UGP50,True
F,20250717 09:45:47.000000,0,UGP50,True
F,20250717 09:45:48.000000,0,UGP50,True
F,20250717 09:45:49.000000,0,UGP50,True
F,20250717 09:45:51.000000,0,UGP50,True
F,20250717 09:45:53.000000,0,UGP50,True
F,20250717 09:45:54.000000,0,UGP50,True
F,20250717 09:45:55.000000,0,UGP50,True
F,20250717 09:45:56.000000,0,UGP50,True
F,20250717 09:45:57.000000,0,UGP50,True
F,20250717 09:45:59.000000,0,UGP50,True
F,20250717 09:46:01.000000,0,UGP50,True
F,20250717 09:46:02.000000,0,UGP50,True
F,20250717 09:46:03.000000,0,UGP50,True
F,20250717 09:46:04.000000,0,UGP50,True
F,20250717 09:46:05.000000,0,UGP50,True
F,20250717 09:46:06.000000,0,UGP50,True
F,20250717 09:46:07.000000,0,UGP50,True
F,20250717 09:46:08.000000,0,UGP50,True
F,20250717 09:46:09.000000,0,UGP50,True
F,20250717 09:46:10.000000,0,UGP50,True
F,20250717 09:46:11.000000,0,UGP50,True
F,20250717 09:46:12.000000,0,UGP50,True
F,20250717 09:46:13.000000,0,UGP50,True
F,20250717 09:46:14.000000,0,UGP50,True
F,20250717 09:46:15.000000,0,UGP50,True
F,20250717 09:46:17.000000,0,UGP50,True
F,20250717 09:46:18.000000,0,UGP50,True
F,20250717 09:46:19.000000,0,UGP50,True
F,20250717 09:46:22.000000,0,UGP50,True
F,20250717 09:46:23.000000,0,UGP50,True
F,20250717 09:46:24.000000,0,UGP50,True
F,20250717 09:46:25.000000,0,UGP50,True
F,20250717 09:46:26.000000,0,UGP50,True
F,20250717 09:46:28.000000,0,UGP50,True
F,20250717 09:46:29.000000,0,UGP50,True
F,20250717 09:46:30.000000,0,UGP50,True
F,20250717 09:46:31.000000,0,UGP50,True
F,20250717 09:46:32.000000,0,UGP50,True
F,20250717 09:46:33.000000,0,UGP50,True
F,20250717 09:46:35.000000,0,UGP50,True
F,20250717 09:46:36.000000,0,UGP50,True
F,20250717 09:46:37.000000,0,UGP50,True
F,20250717 09:46:38.000000,0,UGP50,True
F,20250717 09:46:39.000000,0,UGP50,True
F,20250717 09:46:40.000000,0,UGP50,True
F,20250717 09:46:41.000000,0,UGP50,True
F,20250717 09:46:42.000000,0,UGP50,True
F,20250717 09:46:43.000000,0,UGP50,True
F,20250717 09:46:44.000000,0,UGP50,True
F,20250717 09:46:45.000000,0,UGP50,True
F,20250717 09:46:47.000000,0,UGP50,True
F,20250717 09:46:48.000000,0,UGP50,True
F,20250717 09:46:49.000000,0,UGP50,True
F,20250717 09:46:50.000000,0,UGP50,True
F,20250717 09:46:52.000000,0,UGP50,True
F,20250717 09:46:53.000000,0,UGP50,True
F,20250717 09:46:54.000000,0,UGP50,True
F,20250717 09:46:55.000000,0,UGP50,True
F,20250717 09:46:56.000000,0,UGP50,True
F,20250717 09:46:57.000000,0,UGP50,True
F,20250717 09:46:58.000000,0,UGP50,True
F,20250717 09:46:59.000000,0,UGP50,True
F,20250717 09:47:00.000000,0,UGP50,True
F,20250717 09:47:01.000000,0,UGP50,True
F,20250717 09:47:02.000000,0,UGP50,True
F,20250717 09:47:03.000000,0,UGP50,True
F,20250717 09:47:04.000000,0,UGP50,True
F,20250717 09:47:05.000000,0,UGP50,True
F,20250717 09:47:06.000000,0,UGP50,True
F,20250717 09:47:09.000000,0,UGP50,True
F,20250717 09:47:10.000000,0,UGP50,True
F,20250717 09:47:11.000000,0,UGP50,True
F,20250717 09:47:12.000000,0,UGP50,True
F,20250717 09:47:13.000000,0,UGP50,True
F,20250717 09:47:15.000000,0,UGP50,True
F,20250717 09:47:19.000000,0,UGP50,True
F,20250717 09:47:20.000000,0,UGP50,True
F,20250717 09:47:21.000000,0,UGP50,True
F,20250717 09:47:22.000000,0,UGP50,True
F,20250717 09:47:23.000000,0,UGP50,True
F,20250717 09:47:24.000000,0,UGP50,True
F,20250717 09:47:25.000000,0,UGP50,True
F,20250717 09:47:26.000000,0,UGP50,True
F,20250717 09:47:27.000000,0,UGP50,True
F,20250717 09:47:28.000000,0,UGP50,True
F,20250717 09:47:29.000000,0,UGP50,True
F,20250717 09:47:30.000000,0,UGP50,True
F,20250717 09:47:31.000000,0,UGP50,True
F,20250717 09:47:32.000000,0,UGP50,True
F,20250717 09:47:33.000000,0,UGP50,True
F,20250717 09:47:34.000000,0,UGP50,True
F,20250717 09:47:35.000000,0,UGP50,True
F,20250717 09:47:36.000000,0,UGP50,True
F,20250717 09:47:37.000000,0,UGP50,True
F,20250717 09:47:39.000000,0,UGP50,True
F,20250717 09:47:40.000000,0,UGP50,True
F,20250717 09:47:41.000000,0,UGP50,True
F,20250717 09:47:42.000000,0,UGP50,True
F,20250717 09:47:43.000000,0,UGP50,True
F,20250717 09:47:44.000000,0,UGP50,True
F,20250717 09:47:45.000000,0,UGP50,True
F,20250717 09:47:46.000000,0,UGP50,True
F,20250717 09:47:47.000000,0,UGP50,True
F,20250717 09:47:49.000000,0,UGP50,True
F,20250717 09:47:50.000000,0,UGP50,True
F,20250717 09:47:51.000000,0,UGP50,True
F,20250717 09:47:53.000000,0,UGP50,True
F,20250717 09:47:54.000000,0,UGP50,True
F,20250717 09:47:56.000000,0,UGP50,True
F,20250717 09:47:57.000000,0,UGP50,True
F,20250717 09:47:58.000000,0,UGP50,True
F,20250717 09:47:59.000000,0,UGP50,True
F,20250717 09:48:00.000000,0,UGP50,True
F,20250717 09:48:01.000000,0,UGP50,True
F,20250717 09:48:02.000000,0,UGP50,True
F,20250717 09:48:03.000000,0,UGP50,True
F,20250717 09:48:04.000000,0,UGP50,True
F,20250717 09:48:05.000000,0,UGP50,True
F,20250717 09:48:07.000000,0,UGP50,True
F,20250717 09:48:08.000000,0,UGP50,True
F,20250717 09:48:09.000000,0,UGP50,True
F,20250717 09:48:10.000000,0,UGP50,True
F,20250717 09:48:11.000000,0,UGP50,True
F,20250717 09:48:12.000000,0,UGP50,True
F,20250717 09:48:13.000000,0,UGP50,True
F,20250717 09:48:15.000000,0,UGP50,True
F,20250717 09:48:16.000000,0,UGP50,True
F,20250717 09:48:17.000000,0,UGP50,True
F,20250717 09:48:18.000000,0,UGP50,True
F,20250717 09:48:20.000000,0,UGP50,True
F,20250717 09:48:22.000000,0,UGP50,True
F,20250717 09:48:23.000000,0,UGP50,True
F,20250717 09:48:24.000000,0,UGP50,True
F,20250717 09:48:25.000000,0,UGP50,True
F,20250717 09:48:26.000000,0,UGP50,True
F,20250717 09:48:27.000000,0,UGP50,True
F,20250717 09:48:29.000000,0,UGP50,True
F,20250717 09:48:30.000000,0,UGP50,True
F,20250717 09:48:31.000000,0,UGP50,True
F,20250717 09:48:32.000000,0,UGP50,True
F,20250717 09:48:33.000000,0,UGP50,True
F,20250717 09:48:35.000000,0,UGP50,True
F,20250717 09:48:36.000000,0,UGP50,True
F,20250717 09:48:39.000000,0,UGP50,True
F,20250717 09:48:40.000000,0,UGP50,True
F,20250717 09:48:41.000000,0,UGP50,True
F,20250717 09:48:43.000000,0,UGP50,True
F,20250717 09:48:44.000000,0,UGP50,True
F,20250717 09:48:45.000000,0,UGP50,True
F,20250717 09:48:46.000000,0,UGP50,True
F,20250717 09:48:47.000000,0,UGP50,True
F,20250717 09:48:49.000000,0,UGP50,True
F,20250717 09:48:50.000000,0,UGP50,True
F,20250717 09:48:51.000000,0,UGP50,True
F,20250717 09:48:52.000000,0,UGP50,True
F,20250717 09:48:53.000000,0,UGP50,True
F,20250717 09:48:54.000000,0,UGP50,True
F,20250717 09:48:56.000000,0,UGP50,True
F,20250717 09:48:57.000000,0,UGP50,True
F,20250717 09:48:58.000000,0,UGP50,True
F,20250717 09:48:59.000000,0,UGP50,True
F,20250717 09:49:00.000000,0,UGP50,True
F,20250717 09:49:01.000000,0,UGP50,True
F,20250717 09:49:02.000000,0,UGP50,True
F,20250717 09:49:03.000000,0,UGP50,True
F,20250717 09:49:04.000000,0,UGP50,True
F,20250717 09:49:05.000000,0,UGP50,True
F,20250717 09:49:06.000000,0,UGP50,True
F,20250717 09:49:07.000000,0,UGP50,True
F,20250717 09:49:08.000000,0,UGP50,True
F,20250717 09:49:09.000000,0,UGP50,True
F,20250717 09:49:12.000000,0,UGP50,True
F,20250717 09:49:13.000000,0,UGP50,True
F,20250717 09:49:14.000000,0,UGP50,True
F,20250717 09:49:15.000000,0,UGP50,True
F,20250717 09:49:16.000000,0,UGP50,True
F,20250717 09:49:17.000000,0,UGP50,True
F,20250717 09:49:18.000000,0,UGP50,True
F,20250717 09:49:19.000000,0,UGP50,True
F,20250717 09:49:20.000000,0,UGP50,True
F,20250717 09:49:21.000000,0,UGP50,True
F,20250717 09:49:22.000000,0,UGP50,True
F,20250717 09:49:23.000000,0,UGP50,True
F,20250717 09:49:26.000000,0,UGP50,True
F,20250717 09:49:27.000000,0,UGP50,True
F,20250717 09:49:28.000000,0,UGP50,True
F,20250717 09:49:29.000000,0,UGP50,True
F,20250717 09:49:30.000000,0,UGP50,True
F,20250717 09:49:31.000000,0,UGP50,True
F,20250717 09:49:32.000000,0,UGP50,True
F,20250717 09:49:33.000000,0,UGP50,True
F,20250717 09:49:34.000000,0,UGP50,True
F,20250717 09:49:35.000000,0,UGP50,True
F,20250717 09:49:37.000000,0,UGP50,True
F,20250717 09:49:39.000000,0,UGP50,True
F,20250717 09:49:40.000000,0,UGP50,True
F,20250717 09:49:42.000000,0,UGP50,True
F,20250717 09:49:43.000000,0,UGP50,True
F,20250717 09:49:44.000000,0,UGP50,True
F,20250717 09:49:45.000000,0,UGP50,True
F,20250717 09:49:46.000000,0,UGP50,True
F,20250717 09:49:47.000000,0,UGP50,True
F,20250717 09:49:48.000000,0,UGP50,True
F,20250717 09:49:49.000000,0,UGP50,True
F,20250717 09:49:50.000000,0,UGP50,True
F,20250717 09:49:52.000000,0,UGP50,True
F,20250717 09:49:54.000000,0,UGP50,True
F,20250717 09:49:56.000000,0,UGP50,True
F,20250717 09:49:57.000000,0,UGP50,True
F,20250717 09:49:58.000000,0,UGP50,True
F,20250717 09:49:59.000000,0,UGP50,True
F,20250717 09:50:01.000000,0,UGP50,True
F,20250717 09:50:02.000000,0,UGP50,True
F,20250717 09:50:03.000000,0,UGP50,True
F,20250717 09:50:05.000000,0,UGP50,True
F,20250717 09:50:06.000000,0,UGP50,True
F,20250717 09:50:07.000000,0,UGP50,True
F,20250717 09:50:08.000000,0,UGP50,True
F,20250717 09:50:09.000000,0,UGP50,True
F,20250717 09:50:10.000000,0,UGP50,True
F,20250717 09:50:11.000000,0,UGP50,True
F,20250717 09:50:12.000000,0,UGP50,True
F,20250717 09:50:13.000000,0,UGP50,True
F,20250717 09:50:14.000000,0,UGP50,True
F,20250717 09:50:15.000000,0,UGP50,True
F,20250717 09:50:16.000000,0,UGP50,True
F,20250717 09:50:17.000000,0,UGP50,True
F,20250717 09:50:21.000000,0,UGP50,True
F,20250717 09:50:23.000000,0,UGP50,True
F,20250717 09:50:24.000000,0,UGP50,True
F,20250717 09:50:26.000000,0,UGP50,True
F,20250717 09:50:28.000000,0,UGP50,True
F,20250717 09:50:30.000000,0,UGP50,True
F,20250717 09:50:31.000000,0,UGP50,True
F,20250717 09:50:32.000000,0,UGP50,True
F,20250717 09:50:33.000000,0,UGP50,True
F,20250717 09:50:34.000000,0,UGP50,True
F,20250717 09:50:35.000000,0,UGP50,True
F,20250717 09:50:36.000000,0,UGP50,True
F,20250717 09:50:37.000000,0,UGP50,True
F,20250717 09:50:39.000000,0,UGP50,True
F,20250717 09:50:40.000000,0,UGP50,True
F,20250717 09:50:41.000000,0,UGP50,True
F,20250717 09:50:42.000000,0,UGP50,True
F,20250717 09:50:43.000000,0,UGP50,True
F,20250717 09:50:44.000000,0,UGP50,True
F,20250717 09:50:45.000000,0,UGP50,True
F,20250717 09:50:46.000000,0,UGP50,True
F,20250717 09:50:47.000000,0,UGP50,True
F,20250717 09:50:48.000000,0,UGP50,True
F,20250717 09:50:49.000000,0,UGP50,True
F,20250717 09:50:50.000000,0,UGP50,True
F,20250717 09:50:51.000000,0,UGP50,True
F,20250717 09:50:52.000000,0,UGP50,True
F,20250717 09:50:53.000000,0,UGP50,True
F,20250717 09:50:54.000000,0,UGP50,True
F,20250717 09:50:55.000000,0,UGP50,True
F,20250717 09:50:57.000000,0,UGP50,True
F,20250717 09:50:58.000000,0,UGP50,True
F,20250717 09:50:59.000000,0,UGP50,True
F,20250717 09:51:00.000000,0,UGP50,True
F,20250717 09:51:01.000000,0,UGP50,True
F,20250717 09:51:02.000000,0,UGP50,True
F,20250717 09:51:03.000000,0,UGP50,True
F,20250717 09:51:04.000000,0,UGP50,True
F,20250717 09:51:06.000000,0,UGP50,True
F,20250717 09:51:07.000000,0,UGP50,True
F,20250717 09:51:08.000000,0,UGP50,True
F,20250717 09:51:09.000000,0,UGP50,True
F,20250717 09:51:10.000000,0,UGP50,True
F,20250717 09:51:11.000000,0,UGP50,True
F,20250717 09:51:12.000000,0,UGP50,True
F,20250717 09:51:13.000000,0,UGP50,True
F,20250717 09:51:14.000000,0,UGP50,True
F,20250717 09:51:15.000000,0,UGP50,True
F,20250717 09:51:17.000000,0,UGP50,True
F,20250717 09:51:18.000000,0,UGP50,True
F,20250717 09:51:19.000000,0,UGP50,True
F,20250717 09:51:20.000000,0,UGP50,True
F,20250717 09:51:21.000000,0,UGP50,True
F,20250717 09:51:22.000000,0,UGP50,True
F,20250717 09:51:23.000000,0,UGP50,True
F,20250717 09:51:24.000000,0,UGP50,True
F,20250717 09:51:25.000000,0,UGP50,True
F,20250717 09:51:26.000000,0,UGP50,True
F,20250717 09:51:27.000000,0,UGP50,True
F,20250717 09:51:28.000000,0,UGP50,True
F,20250717 09:51:29.000000,0,UGP50,True
F,20250717 09:51:30.000000,0,UGP50,True
F,20250717 09:51:31.000000,0,UGP50,True
F,20250717 09:51:32.000000,0,UGP50,True
F,20250717 09:51:33.000000,0,UGP50,True
F,20250717 09:51:35.000000,0,UGP50,True
F,20250717 09:51:37.000000,0,UGP50,True
F,20250717 09:51:38.000000,0,UGP50,True
F,20250717 09:51:39.000000,0,UGP50,True
F,20250717 09:51:40.000000,0,UGP50,True
F,20250717 09:51:42.000000,0,UGP50,True
F,20250717 09:51:44.000000,0,UGP50,True
F,20250717 09:51:45.000000,0,UGP50,True
F,20250717 09:51:46.000000,0,UGP50,True
F,20250717 09:51:48.000000,0,UGP50,True
F,20250717 09:51:49.000000,0,UGP50,True
F,20250717 09:51:51.000000,0,UGP50,True
F,20250717 09:51:53.000000,0,UGP50,True
F,20250717 09:51:54.000000,0,UGP50,True
F,20250717 09:51:56.000000,0,UGP50,True
F,20250717 09:51:57.000000,0,UGP50,True
F,20250717 09:51:58.000000,0,UGP50,True
F,20250717 09:51:59.000000,0,UGP50,True
F,20250717 09:52:00.000000,0,UGP50,True
F,20250717 09:52:01.000000,0,UGP50,True
F,20250717 09:52:03.000000,0,UGP50,True
F,20250717 09:52:04.000000,0,UGP50,True
F,20250717 09:52:05.000000,0,UGP50,True
F,20250717 09:52:06.000000,0,UGP50,True
F,20250717 09:52:07.000000,0,UGP50,True
F,20250717 09:52:08.000000,0,UGP50,True
F,20250717 09:52:09.000000,0,UGP50,True
F,20250717 09:52:10.000000,0,UGP50,True
F,20250717 09:52:11.000000,0,UGP50,True
F,20250717 09:52:13.000000,0,UGP50,True
F,20250717 09:52:14.000000,0,UGP50,True
F,20250717 09:52:15.000000,0,UGP50,True
F,20250717 09:52:16.000000,0,UGP50,True
F,20250717 09:52:17.000000,0,UGP50,True
F,20250717 09:52:18.000000,0,UGP50,True
F,20250717 09:52:19.000000,0,UGP50,True
F,20250717 09:52:20.000000,0,UGP50,True
F,20250717 09:52:21.000000,0,UGP50,True
F,20250717 09:52:22.000000,0,UGP50,True
F,20250717 09:52:23.000000,0,UGP50,True
F,20250717 09:52:24.000000,0,UGP50,True
F,20250717 09:52:25.000000,0,UGP50,True
F,20250717 09:52:26.000000,0,UGP50,True
F,20250717 09:52:27.000000,0,UGP50,True
F,20250717 09:52:28.000000,0,UGP50,True
F,20250717 09:52:30.000000,0,UGP50,True
F,20250717 09:52:31.000000,0,UGP50,True
F,20250717 09:52:32.000000,0,UGP50,True
F,20250717 09:52:33.000000,0,UGP50,True
F,20250717 09:52:34.000000,0,UGP50,True
F,20250717 09:52:35.000000,0,UGP50,True
F,20250717 09:52:37.000000,0,UGP50,True
F,20250717 09:52:38.000000,0,UGP50,True
F,20250717 09:52:40.000000,0,UGP50,True
F,20250717 09:52:41.000000,0,UGP50,True
F,20250717 09:52:42.000000,0,UGP50,True
F,20250717 09:52:43.000000,0,UGP50,True
F,20250717 09:52:44.000000,0,UGP50,True
F,20250717 09:52:45.000000,0,UGP50,True
F,20250717 09:52:46.000000,0,UGP50,True
F,20250717 09:52:49.000000,0,UGP50,True
F,20250717 09:52:50.000000,0,UGP50,True
F,20250717 09:52:51.000000,0,UGP50,True
F,20250717 09:52:52.000000,0,UGP50,True
F,20250717 09:52:53.000000,0,UGP50,True
F,20250717 09:52:54.000000,0,UGP50,True
F,20250717 09:52:55.000000,0,UGP50,True
F,20250717 09:52:56.000000,0,UGP50,True
F,20250717 09:52:57.000000,0,UGP50,True
F,20250717 09:52:58.000000,0,UGP50,True
F,20250717 09:52:59.000000,0,UGP50,True
F,20250717 09:53:00.000000,0,UGP50,True
F,20250717 09:53:01.000000,0,UGP50,True
F,20250717 09:53:02.000000,0,UGP50,True
F,20250717 09:53:03.000000,0,UGP50,True
F,20250717 09:53:04.000000,0,UGP50,True
F,20250717 09:53:05.000000,0,UGP50,True
F,20250717 09:53:06.000000,0,UGP50,True
F,20250717 09:53:07.000000,0,UGP50,True
F,20250717 09:53:08.000000,0,UGP50,True
F,20250717 09:53:09.000000,0,UGP50,True
F,20250717 09:53:10.000000,0,UGP50,True
F,20250717 09:53:11.000000,0,UGP50,True
F,20250717 09:53:12.000000,0,UGP50,True
F,20250717 09:53:13.000000,0,UGP50,True
F,20250717 09:53:14.000000,0,UGP50,True
F,20250717 09:53:15.000000,0,UGP50,True
F,20250717 09:53:16.000000,0,UGP50,True
F,20250717 09:53:17.000000,0,UGP50,True
F,20250717 09:53:18.000000,0,UGP50,True
F,20250717 09:53:19.000000,0,UGP50,True
F,20250717 09:53:20.000000,0,UGP50,True
F,20250717 09:53:21.000000,0,UGP50,True
F,20250717 09:53:22.000000,0,UGP50,True
F,20250717 09:53:24.000000,0,UGP50,True
F,20250717 09:53:25.000000,0,UGP50,True
F,20250717 09:53:26.000000,0,UGP50,True
F,20250717 09:53:27.000000,0,UGP50,True
F,20250717 09:53:28.000000,0,UGP50,True
F,20250717 09:53:31.000000,0,UGP50,True
F,20250717 09:53:32.000000,0,UGP50,True
F,20250717 09:53:33.000000,0,UGP50,True
F,20250717 09:53:34.000000,0,UGP50,True
F,20250717 09:53:35.000000,0,UGP50,True
F,20250717 09:53:36.000000,0,UGP50,True
F,20250717 09:53:37.000000,0,UGP50,True
F,20250717 09:53:39.000000,0,UGP50,True
F,20250717 09:53:40.000000,0,UGP50,True
F,20250717 09:53:41.000000,0,UGP50,True
F,20250717 09:53:42.000000,0,UGP50,True
F,20250717 09:53:44.000000,0,UGP50,True
F,20250717 09:53:45.000000,0,UGP50,True
F,20250717 09:53:46.000000,0,UGP50,True
F,20250717 09:53:47.000000,0,UGP50,True
F,20250717 09:53:48.000000,0,UGP50,True
F,20250717 09:53:49.000000,0,UGP50,True
F,20250717 09:53:50.000000,0,UGP50,True
F,20250717 09:53:51.000000,0,UGP50,True
F,20250717 09:53:52.000000,0,UGP50,True
F,20250717 09:53:53.000000,0,UGP50,True
F,20250717 09:53:54.000000,0,UGP50,True
F,20250717 09:53:55.000000,0,UGP50,True
F,20250717 09:53:56.000000,0,UGP50,True
F,20250717 09:53:57.000000,0,UGP50,True
F,20250717 09:53:58.000000,0,UGP50,True
F,20250717 09:53:59.000000,0,UGP50,True
F,20250717 09:54:00.000000,0,UGP50,True
F,20250717 09:54:01.000000,0,UGP50,True
F,20250717 09:54:02.000000,0,UGP50,True
F,20250717 09:54:03.000000,0,UGP50,True
F,20250717 09:54:04.000000,0,UGP50,True
F,20250717 09:54:05.000000,0,UGP50,True
F,20250717 09:54:06.000000,0,UGP50,True
F,20250717 09:54:07.000000,0,UGP50,True
F,20250717 09:54:08.000000,0,UGP50,True
F,20250717 09:54:09.000000,0,UGP50,True
F,20250717 09:54:10.000000,0,UGP50,True
F,20250717 09:54:11.000000,0,UGP50,True
F,20250717 09:54:12.000000,0,UGP50,True
F,20250717 09:54:13.000000,0,UGP50,True
F,20250717 09:54:14.000000,0,UGP50,True
F,20250717 09:54:15.000000,0,UGP50,True
F,20250717 09:54:16.000000,0,UGP50,True
F,20250717 09:54:17.000000,0,UGP50,True
F,20250717 09:54:18.000000,0,UGP50,True
F,20250717 09:54:19.000000,0,UGP50,True
F,20250717 09:54:20.000000,0,UGP50,True
F,20250717 09:55:21.000000,0,UGP50,True
F,20250717 09:55:45.000000,0,UGP50,True
