SymbolId,CurrentTime,Index,Bid,BidSize,Ask,AskSize,BidCondition,AskCondition,BidExchange,AskExchange
NAOV,20250717 04:02:40.003000,0,0.95,1,1.01,17,REGULAR,REGULAR,NQEX,10241
NAOV,20250717 04:07:30.996000,0,0.94,7,0.97,3,REGULAR,REGULAR,NQEX,10247
NAOV,20250717 04:15:13.094000,0,0.94,7,0.97,3,REGULAR,REGULAR,NQEX,10247
NAOV,20250717 04:16:45.791000,0,0.94,1,0.97,3,REGULAR,REGULAR,PACF,10247
NAOV,20250717 04:19:09.268000,0,0.94,1,0.97,3,REGULAR,REGULAR,PACF,10247
NAOV,20250717 04:19:16.271000,0,0.94,1,0.97,3,REGULAR,REGULAR,PACF,10247
NAOV,20250717 04:20:19.815000,0,0.94,1,0.97,3,REGULAR,REGULAR,PACF,10247
NAOV,20250717 04:21:26.577000,0,0.94,1,0.97,3,REGULAR,REGULAR,PACF,10247
NAOV,20250717 04:27:33.471000,0,0.94,1,0.97,3,REGULAR,REGULAR,NQEX,10247
NAOV,20250717 04:27:33.471000,0,0.94,1,0.97,3,REGULAR,REGULAR,NQEX,10247
NAOV,20250717 04:27:33.471000,0,0.94,1,0.97,3,REGULAR,REGULAR,NQEX,10247
NAOV,20250717 04:27:33.471000,0,0.94,1,0.97,3,REGULAR,REGULAR,NQEX,10247
NAOV,20250717 04:32:09.096000,0,0.94,1,0.97,3,REGULAR,REGULAR,PACF,10247
NAOV,20250717 04:38:07.558000,0,0.94,1,0.97,3,REGULAR,REGULAR,PACF,10247
NAOV,20250717 04:38:26.283000,0,0.94,1,0.97,3,REGULAR,REGULAR,PACF,10247
NAOV,20250717 04:38:29.360000,0,0.94,1,0.97,3,REGULAR,REGULAR,PACF,10247
NAOV,20250717 04:38:33.181000,0,0.94,1,0.97,3,REGULAR,REGULAR,PACF,10247
NAOV,20250717 04:38:37.220000,0,0.94,1,0.97,3,REGULAR,REGULAR,PACF,10247
NAOV,20250717 04:38:40.918000,0,0.94,1,0.97,3,REGULAR,REGULAR,PACF,10247
NAOV,20250717 04:38:47.362000,0,0.94,1,0.97,3,REGULAR,REGULAR,PACF,10247
NAOV,20250717 04:38:51.030000,0,0.94,1,0.97,3,REGULAR,REGULAR,PACF,10247
NAOV,20250717 04:38:53.911000,0,0.94,1,0.97,3,REGULAR,REGULAR,PACF,10247
NAOV,20250717 04:38:57.000000,0,0.94,1,0.97,3,REGULAR,REGULAR,PACF,10247
NAOV,20250717 04:39:00.879000,0,0.94,1,0.97,3,REGULAR,REGULAR,PACF,10247
NAOV,20250717 04:39:04.139000,0,0.94,1,0.97,3,REGULAR,REGULAR,PACF,10247
NAOV,20250717 04:39:06.840000,0,0.94,1,0.97,3,REGULAR,REGULAR,PACF,10247
NAOV,20250717 04:39:09.920000,0,0.94,1,0.97,3,REGULAR,REGULAR,PACF,10247
NAOV,20250717 04:39:12.640000,0,0.94,1,0.97,3,REGULAR,REGULAR,PACF,10247
NAOV,20250717 04:39:15.739000,0,0.94,1,0.97,3,REGULAR,REGULAR,PACF,10247
NAOV,20250717 04:39:18.481000,0,0.94,1,0.97,3,REGULAR,REGULAR,PACF,10247
NAOV,20250717 04:39:21.223000,0,0.94,1,0.97,3,REGULAR,REGULAR,PACF,10247
NAOV,20250717 04:39:23.979000,0,0.94,1,0.97,3,REGULAR,REGULAR,PACF,10247
NAOV,20250717 04:39:26.671000,0,0.94,1,0.97,3,REGULAR,REGULAR,PACF,10247
NAOV,20250717 04:39:29.188000,0,0.94,1,0.97,3,REGULAR,REGULAR,PACF,10247
NAOV,20250717 04:39:31.921000,0,0.94,1,0.97,3,REGULAR,REGULAR,PACF,10247
NAOV,20250717 04:39:34.977000,0,0.94,1,0.97,3,REGULAR,REGULAR,PACF,10247
NAOV,20250717 04:39:38.138000,0,0.94,1,0.97,3,REGULAR,REGULAR,PACF,10247
NAOV,20250717 04:39:40.677000,0,0.94,1,0.97,3,REGULAR,REGULAR,PACF,10247
NAOV,20250717 04:39:43.029000,0,0.94,1,0.97,3,REGULAR,REGULAR,PACF,10247
NAOV,20250717 04:39:45.582000,0,0.94,1,0.97,3,REGULAR,REGULAR,PACF,10247
NAOV,20250717 04:39:48.519000,0,0.94,1,0.97,3,REGULAR,REGULAR,PACF,10247
NAOV,20250717 04:39:50.995000,0,0.94,1,0.97,3,REGULAR,REGULAR,PACF,10247
NAOV,20250717 04:39:53.390000,0,0.94,1,0.97,3,REGULAR,REGULAR,PACF,10247
NAOV,20250717 04:39:55.800000,0,0.94,1,0.97,3,REGULAR,REGULAR,PACF,10247
NAOV,20250717 04:39:58.449000,0,0.94,1,0.97,3,REGULAR,REGULAR,PACF,10247
NAOV,20250717 04:40:00.954000,0,0.94,1,0.97,3,REGULAR,REGULAR,PACF,10247
NAOV,20250717 04:40:03.599000,0,0.94,1,0.97,3,REGULAR,REGULAR,PACF,10247
NAOV,20250717 04:40:06.226000,0,0.94,1,0.97,3,REGULAR,REGULAR,PACF,10247
NAOV,20250717 04:40:09.027000,0,0.94,1,0.97,3,REGULAR,REGULAR,PACF,10247
NAOV,20250717 04:40:11.561000,0,0.94,1,0.97,3,REGULAR,REGULAR,PACF,10247
NAOV,20250717 04:40:13.893000,0,0.94,1,0.97,3,REGULAR,REGULAR,PACF,10247
NAOV,20250717 04:40:16.240000,0,0.94,1,0.97,3,REGULAR,REGULAR,PACF,10247
NAOV,20250717 04:40:18.693000,0,0.94,1,0.97,3,REGULAR,REGULAR,PACF,10247
NAOV,20250717 04:40:20.928000,0,0.94,1,0.97,3,REGULAR,REGULAR,PACF,10247
NAOV,20250717 04:40:23.268000,0,0.94,1,0.97,3,REGULAR,REGULAR,PACF,10247
NAOV,20250717 04:40:25.597000,0,0.94,1,0.97,3,REGULAR,REGULAR,PACF,10247
NAOV,20250717 04:40:27.817000,0,0.94,1,0.97,3,REGULAR,REGULAR,PACF,10247
NAOV,20250717 04:40:30.121000,0,0.94,1,0.97,3,REGULAR,REGULAR,PACF,10247
NAOV,20250717 04:40:32.508000,0,0.94,1,0.97,3,REGULAR,REGULAR,PACF,10247
NAOV,20250717 04:40:34.819000,0,0.94,1,0.97,3,REGULAR,REGULAR,PACF,10247
NAOV,20250717 04:40:37.160000,0,0.94,1,0.97,3,REGULAR,REGULAR,PACF,10247
NAOV,20250717 04:40:39.969000,0,0.94,1,0.97,3,REGULAR,REGULAR,PACF,10247
NAOV,20250717 04:40:42.237000,0,0.94,1,0.97,3,REGULAR,REGULAR,PACF,10247
NAOV,20250717 04:40:44.497000,0,0.94,1,0.97,3,REGULAR,REGULAR,PACF,10247
NAOV,20250717 04:40:47.037000,0,0.94,1,0.97,3,REGULAR,REGULAR,PACF,10247
NAOV,20250717 04:40:49.288000,0,0.94,1,0.97,3,REGULAR,REGULAR,PACF,10247
NAOV,20250717 04:40:51.464000,0,0.94,1,0.97,3,REGULAR,REGULAR,PACF,10247
NAOV,20250717 04:40:53.676000,0,0.94,1,0.97,3,REGULAR,REGULAR,PACF,10247
NAOV,20250717 04:40:55.955000,0,0.94,1,0.97,3,REGULAR,REGULAR,PACF,10247
NAOV,20250717 04:40:58.209000,0,0.94,1,0.97,3,REGULAR,REGULAR,PACF,10247
NAOV,20250717 04:41:00.458000,0,0.94,1,0.97,3,REGULAR,REGULAR,PACF,10247
NAOV,20250717 04:41:02.719000,0,0.94,1,0.97,3,REGULAR,REGULAR,PACF,10247
NAOV,20250717 04:41:05.047000,0,0.94,1,0.97,3,REGULAR,REGULAR,PACF,10247
NAOV,20250717 04:41:07.282000,0,0.94,1,0.97,3,REGULAR,REGULAR,PACF,10247
NAOV,20250717 04:41:09.694000,0,0.94,1,0.97,3,REGULAR,REGULAR,PACF,10247
NAOV,20250717 04:41:12.016000,0,0.94,1,0.97,3,REGULAR,REGULAR,PACF,10247
NAOV,20250717 04:41:14.566000,0,0.94,1,0.97,3,REGULAR,REGULAR,PACF,10247
NAOV,20250717 04:41:16.820000,0,0.94,1,0.97,3,REGULAR,REGULAR,PACF,10247
NAOV,20250717 04:41:19.050000,0,0.94,1,0.97,3,REGULAR,REGULAR,PACF,10247
NAOV,20250717 04:41:21.360000,0,0.94,1,0.97,3,REGULAR,REGULAR,PACF,10247
NAOV,20250717 04:41:23.735000,0,0.94,1,0.97,3,REGULAR,REGULAR,PACF,10247
NAOV,20250717 04:41:26.061000,0,0.94,1,0.97,2,REGULAR,REGULAR,PACF,10247
NAOV,20250717 04:41:29.110000,0,0.94,1,0.97,2,REGULAR,REGULAR,PACF,10247
NAOV,20250717 04:41:31.437000,0,0.94,1,0.97,2,REGULAR,REGULAR,PACF,10247
NAOV,20250717 04:41:33.574000,0,0.94,1,0.97,2,REGULAR,REGULAR,PACF,10247
NAOV,20250717 04:41:35.781000,0,0.94,1,0.97,2,REGULAR,REGULAR,PACF,10247
NAOV,20250717 04:41:38.007000,0,0.94,1,0.97,2,REGULAR,REGULAR,PACF,10247
NAOV,20250717 04:41:40.314000,0,0.94,1,0.97,2,REGULAR,REGULAR,PACF,10247
NAOV,20250717 04:41:42.591000,0,0.94,1,0.97,2,REGULAR,REGULAR,PACF,10247
NAOV,20250717 04:41:44.808000,0,0.94,1,0.97,2,REGULAR,REGULAR,PACF,10247
NAOV,20250717 04:41:47.127000,0,0.94,1,0.97,2,REGULAR,REGULAR,PACF,10247
NAOV,20250717 04:41:49.366000,0,0.94,1,0.97,2,REGULAR,REGULAR,PACF,10247
NAOV,20250717 04:41:51.548000,0,0.94,1,0.97,2,REGULAR,REGULAR,PACF,10247
NAOV,20250717 04:41:53.824000,0,0.94,1,0.97,2,REGULAR,REGULAR,PACF,10247
NAOV,20250717 04:41:55.998000,0,0.94,1,0.97,2,REGULAR,REGULAR,PACF,10247
NAOV,20250717 04:41:58.186000,0,0.94,1,0.97,2,REGULAR,REGULAR,PACF,10247
NAOV,20250717 04:42:00.351000,0,0.94,1,0.97,2,REGULAR,REGULAR,PACF,10247
NAOV,20250717 04:42:02.466000,0,0.94,1,0.97,2,REGULAR,REGULAR,PACF,10247
NAOV,20250717 04:42:04.719000,0,0.94,1,0.97,2,REGULAR,REGULAR,PACF,10247
NAOV,20250717 04:42:06.882000,0,0.94,1,0.97,2,REGULAR,REGULAR,PACF,10247
NAOV,20250717 04:42:09.123000,0,0.94,1,0.97,2,REGULAR,REGULAR,PACF,10247
NAOV,20250717 04:42:11.296000,0,0.94,1,0.97,2,REGULAR,REGULAR,PACF,10247
NAOV,20250717 04:42:13.431000,0,0.94,1,0.97,2,REGULAR,REGULAR,PACF,10247
NAOV,20250717 04:42:15.772000,0,0.94,1,0.97,2,REGULAR,REGULAR,PACF,10247
NAOV,20250717 04:42:18.141000,0,0.94,1,0.97,2,REGULAR,REGULAR,PACF,10247
NAOV,20250717 04:42:20.274000,0,0.94,1,0.97,2,REGULAR,REGULAR,PACF,10247
NAOV,20250717 04:42:22.613000,0,0.94,1,0.97,2,REGULAR,REGULAR,PACF,10247
NAOV,20250717 04:42:24.739000,0,0.94,1,0.97,2,REGULAR,REGULAR,PACF,10247
NAOV,20250717 04:42:26.902000,0,0.94,1,0.97,2,REGULAR,REGULAR,PACF,10247
NAOV,20250717 04:42:29.067000,0,0.94,1,0.97,2,REGULAR,REGULAR,PACF,10247
NAOV,20250717 04:42:31.278000,0,0.94,1,0.97,2,REGULAR,REGULAR,PACF,10247
NAOV,20250717 04:42:33.301000,0,0.94,1,0.97,2,REGULAR,REGULAR,PACF,10247
NAOV,20250717 04:42:35.433000,0,0.94,1,0.97,2,REGULAR,REGULAR,PACF,10247
NAOV,20250717 04:42:37.663000,0,0.94,1,0.97,2,REGULAR,REGULAR,PACF,10247
NAOV,20250717 04:42:39.833000,0,0.94,1,0.97,2,REGULAR,REGULAR,PACF,10247
NAOV,20250717 04:42:41.957000,0,0.94,1,0.97,2,REGULAR,REGULAR,PACF,10247
NAOV,20250717 04:42:44.230000,0,0.94,1,0.97,2,REGULAR,REGULAR,PACF,10247
NAOV,20250717 04:42:46.386000,0,0.94,1,0.97,2,REGULAR,REGULAR,PACF,10247
NAOV,20250717 04:42:48.673000,0,0.94,1,0.97,2,REGULAR,REGULAR,PACF,10247
NAOV,20250717 04:42:50.704000,0,0.94,1,0.97,2,REGULAR,REGULAR,PACF,10247
NAOV,20250717 04:42:52.898000,0,0.94,1,0.97,2,REGULAR,REGULAR,PACF,10247
NAOV,20250717 04:42:55.095000,0,0.94,1,0.97,2,REGULAR,REGULAR,PACF,10247
NAOV,20250717 04:42:57.121000,0,0.94,1,0.97,2,REGULAR,REGULAR,PACF,10247
NAOV,20250717 04:42:59.375000,0,0.94,1,0.97,2,REGULAR,REGULAR,PACF,10247
NAOV,20250717 04:43:01.529000,0,0.94,1,0.97,2,REGULAR,REGULAR,PACF,10247
NAOV,20250717 04:43:03.551000,0,0.94,1,0.97,2,REGULAR,REGULAR,PACF,10247
NAOV,20250717 04:43:06.770000,0,0.94,1,0.97,2,REGULAR,REGULAR,PACF,10247
NAOV,20250717 04:43:09.056000,0,0.94,1,0.97,2,REGULAR,REGULAR,PACF,10247
NAOV,20250717 04:43:14.518000,0,0.94,1,0.97,2,REGULAR,REGULAR,PACF,10247
NAOV,20250717 04:43:16.978000,0,0.94,1,0.97,2,REGULAR,REGULAR,PACF,10247
NAOV,20250717 04:43:19.152000,0,0.94,1,0.97,2,REGULAR,REGULAR,PACF,10247
NAOV,20250717 04:43:21.429000,0,0.94,1,0.97,2,REGULAR,REGULAR,PACF,10247
NAOV,20250717 04:43:23.571000,0,0.94,1,0.97,2,REGULAR,REGULAR,PACF,10247
NAOV,20250717 04:43:28.187000,0,0.94,1,0.97,2,REGULAR,REGULAR,PACF,10247
NAOV,20250717 04:43:30.543000,0,0.94,1,0.97,2,REGULAR,REGULAR,PACF,10247
NAOV,20250717 04:43:32.736000,0,0.94,1,0.97,2,REGULAR,REGULAR,PACF,10247
NAOV,20250717 04:43:34.947000,0,0.94,1,0.97,2,REGULAR,REGULAR,PACF,10247
NAOV,20250717 04:43:41.434000,0,0.94,1,0.97,2,REGULAR,REGULAR,PACF,10247
NAOV,20250717 04:43:43.857000,0,0.94,1,0.97,2,REGULAR,REGULAR,PACF,10247
NAOV,20250717 04:43:45.759000,0,0.94,1,0.97,2,REGULAR,REGULAR,PACF,10247
NAOV,20250717 04:43:47.857000,0,0.94,1,0.97,2,REGULAR,REGULAR,PACF,10247
NAOV,20250717 04:43:49.777000,0,0.94,1,0.97,2,REGULAR,REGULAR,PACF,10247
NAOV,20250717 04:43:51.937000,0,0.94,1,0.97,2,REGULAR,REGULAR,PACF,10247
NAOV,20250717 04:43:54.051000,0,0.94,1,0.97,2,REGULAR,REGULAR,PACF,10247
NAOV,20250717 04:43:56.375000,0,0.94,1,0.97,2,REGULAR,REGULAR,PACF,10247
NAOV,20250717 04:43:58.692000,0,0.94,1,0.97,2,REGULAR,REGULAR,PACF,10247
NAOV,20250717 04:44:00.926000,0,0.94,1,0.97,2,REGULAR,REGULAR,PACF,10247
NAOV,20250717 04:44:03.071000,0,0.94,1,0.97,2,REGULAR,REGULAR,PACF,10247
NAOV,20250717 04:44:05.275000,0,0.94,1,0.97,2,REGULAR,REGULAR,PACF,10247
NAOV,20250717 04:44:07.294000,0,0.94,1,0.97,2,REGULAR,REGULAR,PACF,10247
NAOV,20250717 04:44:09.437000,0,0.94,1,0.97,2,REGULAR,REGULAR,PACF,10247
NAOV,20250717 04:44:11.556000,0,0.94,1,0.97,2,REGULAR,REGULAR,PACF,10247
NAOV,20250717 04:44:13.717000,0,0.94,1,0.97,2,REGULAR,REGULAR,PACF,10247
NAOV,20250717 04:44:15.936000,0,0.94,1,0.97,2,REGULAR,REGULAR,PACF,10247
NAOV,20250717 04:44:17.996000,0,0.94,1,0.97,2,REGULAR,REGULAR,PACF,10247
NAOV,20250717 04:44:20.285000,0,0.94,1,0.97,2,REGULAR,REGULAR,PACF,10247
NAOV,20250717 04:44:22.314000,0,0.94,1,0.97,2,REGULAR,REGULAR,PACF,10247
NAOV,20250717 04:44:24.306000,0,0.94,1,0.97,2,REGULAR,REGULAR,PACF,10247
NAOV,20250717 04:44:26.384000,0,0.94,1,0.97,2,REGULAR,REGULAR,PACF,10247
NAOV,20250717 04:44:28.477000,0,0.94,1,0.97,2,REGULAR,REGULAR,PACF,10247
NAOV,20250717 04:44:30.598000,0,0.94,1,0.97,2,REGULAR,REGULAR,PACF,10247
NAOV,20250717 04:44:32.736000,0,0.94,1,0.97,2,REGULAR,REGULAR,PACF,10247
NAOV,20250717 04:44:35.340000,0,0.94,1,0.97,2,REGULAR,REGULAR,PACF,10247
NAOV,20250717 04:44:37.579000,0,0.94,1,0.97,2,REGULAR,REGULAR,PACF,10247
NAOV,20250717 04:44:40.296000,0,0.94,1,0.97,2,REGULAR,REGULAR,PACF,10247
NAOV,20250717 04:44:42.407000,0,0.94,1,0.97,2,REGULAR,REGULAR,PACF,10247
NAOV,20250717 04:44:42.755000,0,0.94,1,0.97,2,REGULAR,REGULAR,PACF,10247
NAOV,20250717 04:44:44.585000,0,0.94,1,0.97,2,REGULAR,REGULAR,PACF,10247
NAOV,20250717 04:44:46.632000,0,0.94,1,0.97,2,REGULAR,REGULAR,PACF,10247
NAOV,20250717 04:44:48.910000,0,0.94,1,0.97,2,REGULAR,REGULAR,PACF,10247
NAOV,20250717 04:44:51.145000,0,0.94,1,0.97,2,REGULAR,REGULAR,PACF,10247
NAOV,20250717 04:44:53.032000,0,0.94,1,0.97,2,REGULAR,REGULAR,PACF,10247
NAOV,20250717 04:44:54.977000,0,0.94,1,0.97,2,REGULAR,REGULAR,PACF,10247
NAOV,20250717 04:44:56.955000,0,0.94,1,0.97,2,REGULAR,REGULAR,PACF,10247
NAOV,20250717 04:44:58.897000,0,0.94,1,0.97,2,REGULAR,REGULAR,PACF,10247
NAOV,20250717 04:45:00.858000,0,0.94,1,0.97,2,REGULAR,REGULAR,PACF,10247
NAOV,20250717 04:45:03.199000,0,0.94,1,0.97,2,REGULAR,REGULAR,PACF,10247
NAOV,20250717 04:45:05.651000,0,0.94,1,0.97,2,REGULAR,REGULAR,PACF,10247
NAOV,20250717 04:45:07.338000,0,0.94,1,0.97,1,REGULAR,REGULAR,PACF,10247
NAOV,20250717 04:45:07.688000,0,0.94,1,0.97,1,REGULAR,REGULAR,PACF,10247
NAOV,20250717 04:45:09.775000,0,0.94,1,0.97,1,REGULAR,REGULAR,PACF,10247
NAOV,20250717 04:45:11.978000,0,0.94,1,0.97,1,REGULAR,REGULAR,PACF,10247
NAOV,20250717 04:45:14.021000,0,0.94,1,0.97,1,REGULAR,REGULAR,PACF,10247
NAOV,20250717 04:45:15.916000,0,0.94,1,0.97,1,REGULAR,REGULAR,PACF,10247
NAOV,20250717 04:45:18.172000,0,0.94,1,0.97,1,REGULAR,REGULAR,PACF,10247
NAOV,20250717 04:45:25.930000,0,0.94,1,0.97,1,REGULAR,REGULAR,PACF,10247
NAOV,20250717 04:45:28.187000,0,0.94,1,0.97,1,REGULAR,REGULAR,PACF,10247
NAOV,20250717 04:45:30.338000,0,0.94,1,0.97,1,REGULAR,REGULAR,PACF,10247
NAOV,20250717 04:45:32.855000,0,0.94,1,0.97,1,REGULAR,REGULAR,PACF,10247
NAOV,20250717 04:45:34.948000,0,0.94,1,0.97,1,REGULAR,REGULAR,PACF,10247
NAOV,20250717 04:45:37.295000,0,0.94,1,0.97,1,REGULAR,REGULAR,PACF,10247
NAOV,20250717 04:45:39.488000,0,0.94,1,0.97,1,REGULAR,REGULAR,PACF,10247
NAOV,20250717 04:45:41.575000,0,0.94,1,0.97,1,REGULAR,REGULAR,PACF,10247
NAOV,20250717 04:45:43.662000,0,0.94,1,0.97,1,REGULAR,REGULAR,PACF,10247
NAOV,20250717 04:45:45.687000,0,0.94,1,0.97,1,REGULAR,REGULAR,PACF,10247
NAOV,20250717 04:45:47.601000,0,0.94,1,0.97,1,REGULAR,REGULAR,PACF,10247
NAOV,20250717 04:45:49.540000,0,0.94,1,0.97,1,REGULAR,REGULAR,PACF,10247
NAOV,20250717 04:45:51.825000,0,0.94,1,0.97,1,REGULAR,REGULAR,PACF,10247
NAOV,20250717 04:45:54.785000,0,0.94,1,0.97,1,REGULAR,REGULAR,PACF,10247
NAOV,20250717 04:45:56.914000,0,0.94,1,0.97,1,REGULAR,REGULAR,PACF,10247
NAOV,20250717 04:45:59.418000,0,0.94,1,0.97,1,REGULAR,REGULAR,PACF,10247
NAOV,20250717 04:46:01.459000,0,0.94,1,0.97,1,REGULAR,REGULAR,PACF,10247
NAOV,20250717 04:46:03.436000,0,0.94,1,0.97,1,REGULAR,REGULAR,PACF,10247
NAOV,20250717 04:46:05.536000,0,0.94,1,0.97,1,REGULAR,REGULAR,PACF,10247
NAOV,20250717 04:46:07.617000,0,0.94,1,0.97,1,REGULAR,REGULAR,PACF,10247
NAOV,20250717 04:46:09.511000,0,0.94,1,0.97,1,REGULAR,REGULAR,PACF,10247
NAOV,20250717 04:46:11.373000,0,0.94,1,0.97,1,REGULAR,REGULAR,PACF,10247
NAOV,20250717 04:46:13.229000,0,0.94,1,0.97,1,REGULAR,REGULAR,PACF,10247
NAOV,20250717 04:46:14.990000,0,0.94,1,0.97,1,REGULAR,REGULAR,PACF,10247
NAOV,20250717 04:46:17.281000,0,0.94,1,0.97,1,REGULAR,REGULAR,PACF,10247
NAOV,20250717 04:46:18.868000,0,0.94,1,0.97,1,REGULAR,REGULAR,PACF,10247
NAOV,20250717 04:46:20.735000,0,0.94,1,0.97,1,REGULAR,REGULAR,PACF,10247
NAOV,20250717 04:46:25.395000,0,0.94,1,0.97,1,REGULAR,REGULAR,PACF,10247
NAOV,20250717 04:46:27.550000,0,0.94,1,0.97,1,REGULAR,REGULAR,PACF,10247
NAOV,20250717 04:46:33.176000,0,0.94,1,0.97,1,REGULAR,REGULAR,PACF,10247
NAOV,20250717 04:46:35.059000,0,0.94,1,0.97,1,REGULAR,REGULAR,PACF,10247
NAOV,20250717 04:46:37.023000,0,0.94,1,0.97,1,REGULAR,REGULAR,PACF,10247
NAOV,20250717 04:46:39.097000,0,0.94,1,0.97,1,REGULAR,REGULAR,PACF,10247
NAOV,20250717 04:46:40.885000,0,0.94,1,0.97,1,REGULAR,REGULAR,PACF,10247
NAOV,20250717 04:46:42.942000,0,0.94,1,0.97,1,REGULAR,REGULAR,PACF,10247
NAOV,20250717 04:46:45.007000,0,0.94,1,0.97,1,REGULAR,REGULAR,PACF,10247
NAOV,20250717 04:46:46.978000,0,0.94,1,0.97,1,REGULAR,REGULAR,PACF,10247
NAOV,20250717 04:46:48.809000,0,0.94,1,0.97,1,REGULAR,REGULAR,PACF,10247
NAOV,20250717 04:46:50.547000,0,0.94,1,0.97,1,REGULAR,REGULAR,PACF,10247
NAOV,20250717 04:46:53.927000,0,0.94,1,0.97,1,REGULAR,REGULAR,PACF,10247
NAOV,20250717 04:46:55.916000,0,0.94,1,0.97,1,REGULAR,REGULAR,PACF,10247
NAOV,20250717 04:46:57.999000,0,0.94,1,0.97,1,REGULAR,REGULAR,PACF,10247
NAOV,20250717 04:46:59.913000,0,0.94,1,0.97,1,REGULAR,REGULAR,PACF,10247
NAOV,20250717 04:47:01.918000,0,0.94,1,0.97,1,REGULAR,REGULAR,PACF,10247
NAOV,20250717 04:47:03.958000,0,0.94,1,0.97,1,REGULAR,REGULAR,PACF,10247
NAOV,20250717 04:47:05.982000,0,0.94,1,0.97,1,REGULAR,REGULAR,PACF,10247
NAOV,20250717 04:47:07.897000,0,0.94,1,0.97,1,REGULAR,REGULAR,PACF,10247
NAOV,20250717 04:47:09.772000,0,0.94,1,0.97,1,REGULAR,REGULAR,PACF,10247
NAOV,20250717 04:47:11.670000,0,0.94,1,0.97,1,REGULAR,REGULAR,PACF,10247
NAOV,20250717 04:47:13.747000,0,0.94,1,0.97,1,REGULAR,REGULAR,PACF,10247
NAOV,20250717 04:47:15.575000,0,0.94,1,0.97,1,REGULAR,REGULAR,PACF,10247
NAOV,20250717 04:47:17.353000,0,0.94,1,0.97,1,REGULAR,REGULAR,PACF,10247
NAOV,20250717 04:47:19.228000,0,0.94,1,0.97,1,REGULAR,REGULAR,PACF,10247
NAOV,20250717 04:47:21.071000,0,0.94,1,0.97,1,REGULAR,REGULAR,PACF,10247
NAOV,20250717 04:47:34.463000,0,0.94,1,0.97,1,REGULAR,REGULAR,PACF,10247
NAOV,20250717 04:47:36.635000,0,0.94,1,0.97,1,REGULAR,REGULAR,PACF,10247
NAOV,20250717 04:47:39.346000,0,0.94,1,0.97,1,REGULAR,REGULAR,PACF,10247
NAOV,20250717 04:47:41.563000,0,0.94,1,0.97,1,REGULAR,REGULAR,PACF,10247
NAOV,20250717 04:47:43.391000,0,0.94,1,0.97,1,REGULAR,REGULAR,PACF,10247
NAOV,20250717 04:47:45.415000,0,0.94,1,0.97,1,REGULAR,REGULAR,PACF,10247
NAOV,20250717 04:47:47.394000,0,0.94,1,0.97,1,REGULAR,REGULAR,PACF,10247
NAOV,20250717 04:47:49.395000,0,0.94,1,0.97,1,REGULAR,REGULAR,PACF,10247
NAOV,20250717 04:47:51.367000,0,0.94,1,0.97,1,REGULAR,REGULAR,PACF,10247
NAOV,20250717 04:47:53.609000,0,0.94,1,0.97,1,REGULAR,REGULAR,PACF,10247
NAOV,20250717 04:47:55.790000,0,0.94,1,0.97,1,REGULAR,REGULAR,PACF,10247
NAOV,20250717 04:47:57.838000,0,0.94,1,0.97,1,REGULAR,REGULAR,PACF,10247
NAOV,20250717 04:47:59.855000,0,0.94,1,0.97,1,REGULAR,REGULAR,PACF,10247
NAOV,20250717 04:48:03.436000,0,0.94,1,0.97,1,REGULAR,REGULAR,PACF,10247
NAOV,20250717 04:48:05.266000,0,0.94,1,0.97,1,REGULAR,REGULAR,PACF,10247
NAOV,20250717 04:48:07.119000,0,0.94,1,0.97,1,REGULAR,REGULAR,PACF,10247
NAOV,20250717 04:48:09.169000,0,0.94,1,0.97,1,REGULAR,REGULAR,PACF,10247
NAOV,20250717 04:48:11.046000,0,0.94,1,0.97,1,REGULAR,REGULAR,PACF,10247
NAOV,20250717 04:48:13.018000,0,0.94,1,0.97,1,REGULAR,REGULAR,PACF,10247
NAOV,20250717 04:48:15.023000,0,0.94,1,0.97,1,REGULAR,REGULAR,PACF,10247
NAOV,20250717 04:48:16.984000,0,0.94,1,0.97,1,REGULAR,REGULAR,PACF,10247
NAOV,20250717 04:48:19.112000,0,0.94,1,0.97,1,REGULAR,REGULAR,PACF,10247
NAOV,20250717 04:48:21.045000,0,0.94,1,0.97,1,REGULAR,REGULAR,PACF,10247
NAOV,20250717 04:48:22.849000,0,0.94,1,0.97,1,REGULAR,REGULAR,PACF,10247
NAOV,20250717 04:48:24.705000,0,0.94,1,0.97,1,REGULAR,REGULAR,PACF,10247
NAOV,20250717 04:48:26.477000,0,0.94,1,0.97,1,REGULAR,REGULAR,PACF,10247
NAOV,20250717 04:48:28.598000,0,0.94,1,0.97,1,REGULAR,REGULAR,PACF,10247
NAOV,20250717 04:48:30.531000,0,0.94,1,0.97,1,REGULAR,REGULAR,PACF,10247
NAOV,20250717 04:48:32.417000,0,0.94,1,0.97,1,REGULAR,REGULAR,PACF,10247
NAOV,20250717 04:48:34.229000,0,0.94,1,0.97,1,REGULAR,REGULAR,PACF,10247
NAOV,20250717 04:48:35.909000,0,0.94,1,0.97,1,REGULAR,REGULAR,PACF,10247
NAOV,20250717 04:48:38.748000,0,0.94,1,0.97,1,REGULAR,REGULAR,PACF,10247
NAOV,20250717 04:48:40.407000,0,0.94,1,0.97,1,REGULAR,REGULAR,PACF,10247
NAOV,20250717 04:48:41.965000,0,0.94,1,0.97,1,REGULAR,REGULAR,PACF,10247
NAOV,20250717 04:48:43.697000,0,0.94,1,0.97,1,REGULAR,REGULAR,PACF,10247
NAOV,20250717 04:48:45.536000,0,0.94,1,0.97,1,REGULAR,REGULAR,PACF,10247
NAOV,20250717 04:48:47.379000,0,0.94,1,0.97,1,REGULAR,REGULAR,PACF,10247
NAOV,20250717 04:48:49.525000,0,0.94,1,0.97,1,REGULAR,REGULAR,PACF,10247
NAOV,20250717 04:48:51.452000,0,0.94,1,0.97,1,REGULAR,REGULAR,PACF,10247
NAOV,20250717 04:48:53.489000,0,0.94,1,0.97,1,REGULAR,REGULAR,PACF,10247
NAOV,20250717 04:49:00.731000,0,0.94,1,1,1,REGULAR,REGULAR,PACF,10247
NAOV,20250717 04:49:02.557000,0,0.94,1,1,1,REGULAR,REGULAR,PACF,10247
NAOV,20250717 04:49:04.379000,0,0.94,1,1,1,REGULAR,REGULAR,PACF,10247
NAOV,20250717 04:49:09.379000,0,0.94,1,1,1,REGULAR,REGULAR,PACF,10247
NAOV,20250717 04:49:11.520000,0,0.94,1,1,1,REGULAR,REGULAR,PACF,10247
NAOV,20250717 04:49:13.416000,0,0.94,1,1,1,REGULAR,REGULAR,PACF,10247
NAOV,20250717 04:49:15.490000,0,0.94,1,1,1,REGULAR,REGULAR,PACF,10247
NAOV,20250717 04:49:17.558000,0,0.94,1,1,1,REGULAR,REGULAR,PACF,10247
NAOV,20250717 04:49:19.456000,0,0.94,1,1,1,REGULAR,REGULAR,PACF,10247
NAOV,20250717 04:49:21.338000,0,0.94,1,1,1,REGULAR,REGULAR,PACF,10247
NAOV,20250717 04:49:23.289000,0,0.94,1,1,1,REGULAR,REGULAR,PACF,10247
NAOV,20250717 04:49:25.038000,0,0.94,1,1,1,REGULAR,REGULAR,PACF,10247
NAOV,20250717 04:49:27.311000,0,0.94,1,1,1,REGULAR,REGULAR,PACF,10247
NAOV,20250717 04:49:29.370000,0,0.94,1,1,1,REGULAR,REGULAR,PACF,10247
NAOV,20250717 04:49:32.108000,0,0.94,1,1,1,REGULAR,REGULAR,PACF,10247
NAOV,20250717 04:49:33.995000,0,0.94,1,1,1,REGULAR,REGULAR,PACF,10247
NAOV,20250717 04:49:35.996000,0,0.94,1,1,1,REGULAR,REGULAR,PACF,10247
NAOV,20250717 04:49:37.823000,0,0.94,1,1,1,REGULAR,REGULAR,PACF,10247
NAOV,20250717 04:49:39.664000,0,0.94,1,1,1,REGULAR,REGULAR,PACF,10247
NAOV,20250717 04:49:41.564000,0,0.94,1,1,1,REGULAR,REGULAR,PACF,10247
NAOV,20250717 04:49:43.315000,0,0.94,1,1,1,REGULAR,REGULAR,PACF,10247
NAOV,20250717 04:49:44.997000,0,0.94,1,1,1,REGULAR,REGULAR,PACF,10247
NAOV,20250717 04:49:46.806000,0,0.94,1,1,1,REGULAR,REGULAR,PACF,10247
NAOV,20250717 04:49:48.561000,0,0.94,1,1,1,REGULAR,REGULAR,PACF,10247
NAOV,20250717 04:49:50.568000,0,0.94,1,1,1,REGULAR,REGULAR,PACF,10247
NAOV,20250717 04:49:52.377000,0,0.94,1,1,1,REGULAR,REGULAR,PACF,10247
NAOV,20250717 04:49:54.311000,0,0.94,1,1,1,REGULAR,REGULAR,PACF,10247
NAOV,20250717 04:49:56.359000,0,0.94,1,1,1,REGULAR,REGULAR,PACF,10247
NAOV,20250717 04:49:58.345000,0,0.94,1,1,1,REGULAR,REGULAR,PACF,10247
NAOV,20250717 04:50:02.451000,0,0.94,1,1,1,REGULAR,REGULAR,PACF,10247
NAOV,20250717 04:50:04.695000,0,0.94,1,1,1,REGULAR,REGULAR,PACF,10247
NAOV,20250717 04:53:42.669000,0,0.94,1,1,1,REGULAR,REGULAR,PACF,10247
NAOV,20250717 05:03:24.444000,0,0.94,1,1,1,REGULAR,REGULAR,PACF,10247
NAOV,20250717 05:05:23.999000,0,0.94,1,1,1,REGULAR,REGULAR,PACF,10247
NAOV,20250717 05:05:54.919000,0,0.96,1,1.01,17,REGULAR,REGULAR,PACF,10241
NAOV,20250717 05:05:54.919000,0,0.96,1,1.01,17,REGULAR,REGULAR,PACF,10241
NAOV,20250717 05:05:54.919000,0,0.96,1,1.01,17,REGULAR,REGULAR,PACF,10241
NAOV,20250717 05:05:54.919000,0,0.96,1,1.01,17,REGULAR,REGULAR,PACF,10241
NAOV,20250717 05:05:54.919000,0,0.96,1,1.01,17,REGULAR,REGULAR,PACF,10241
NAOV,20250717 05:05:54.919000,0,0.96,1,1.01,17,REGULAR,REGULAR,PACF,10241
NAOV,20250717 05:05:54.919000,0,0.96,1,1.01,17,REGULAR,REGULAR,PACF,10241
NAOV,20250717 05:05:54.919000,0,0.96,1,1.01,17,REGULAR,REGULAR,PACF,10241
NAOV,20250717 05:05:54.919000,0,0.96,1,1.01,17,REGULAR,REGULAR,PACF,10241
NAOV,20250717 05:06:12.525000,0,0.94,1,1.01,17,REGULAR,REGULAR,PACF,10241
NAOV,20250717 05:08:04.585000,0,0.98,4,1.01,17,REGULAR,REGULAR,EDGX,10241
NAOV,20250717 05:09:26.424000,0,0.98,2,1.01,17,REGULAR,REGULAR,NQEX,10241
NAOV,20250717 05:09:26.424000,0,0.98,2,1.01,17,REGULAR,REGULAR,NQEX,10241
NAOV,20250717 05:11:33.179000,0,0.98,4,1.01,17,REGULAR,REGULAR,EDGX,10241
NAOV,20250717 05:12:16.734000,0,0.98,4,1.01,18,REGULAR,REGULAR,EDGX,10241
NAOV,20250717 05:12:16.734000,0,0.98,4,1.01,18,REGULAR,REGULAR,EDGX,10241
NAOV,20250717 05:12:25.656000,0,0.98,4,1.01,18,REGULAR,REGULAR,EDGX,10241
NAOV,20250717 05:13:03.151000,0,0.98,4,1.01,18,REGULAR,REGULAR,EDGX,10241
NAOV,20250717 05:17:03.578000,0,0.98,5,1.01,18,REGULAR,REGULAR,EDGX,10241
NAOV,20250717 05:17:07.252000,0,0.98,5,1.01,18,REGULAR,REGULAR,EDGX,10241
NAOV,20250717 05:18:18.298000,0,1,2,1.01,18,REGULAR,REGULAR,EDGX,10241
NAOV,20250717 05:26:37.048000,0,1,2,1.01,18,REGULAR,REGULAR,EDGX,10241
NAOV,20250717 05:29:13.125000,0,1,1,1.01,18,REGULAR,REGULAR,EDGX,10241
NAOV,20250717 05:29:13.126000,0,1,1,1.01,18,REGULAR,REGULAR,EDGX,10241
NAOV,20250717 05:30:22.709000,0,1,1,1.01,18,REGULAR,REGULAR,EDGX,10241
NAOV,20250717 05:30:22.709000,0,1,1,1.01,18,REGULAR,REGULAR,EDGX,10241
NAOV,20250717 05:30:22.709000,0,1,1,1.01,18,REGULAR,REGULAR,EDGX,10241
NAOV,20250717 05:30:22.709000,0,1,1,1.01,18,REGULAR,REGULAR,EDGX,10241
NAOV,20250717 05:30:46.519000,0,1,1,1.01,18,REGULAR,REGULAR,EDGX,10241
NAOV,20250717 05:30:46.519000,0,1,1,1.01,18,REGULAR,REGULAR,EDGX,10241
NAOV,20250717 05:31:46.551000,0,0.98,1,1.01,18,REGULAR,REGULAR,EDGX,10241
NAOV,20250717 05:31:46.551000,0,0.98,1,1.01,18,REGULAR,REGULAR,EDGX,10241
NAOV,20250717 05:31:46.551000,0,0.98,1,1.01,18,REGULAR,REGULAR,EDGX,10241
NAOV,20250717 05:34:30.053000,0,1,6,1.01,14,REGULAR,REGULAR,PACF,10241
NAOV,20250717 05:34:30.053000,0,1,6,1.01,14,REGULAR,REGULAR,PACF,10241
NAOV,20250717 05:34:30.053000,0,1,6,1.01,14,REGULAR,REGULAR,PACF,10241
NAOV,20250717 05:34:30.053000,0,1,6,1.01,14,REGULAR,REGULAR,PACF,10241
NAOV,20250717 05:34:30.053000,0,1,6,1.01,14,REGULAR,REGULAR,PACF,10241
NAOV,20250717 05:34:30.053000,0,1,6,1.01,14,REGULAR,REGULAR,PACF,10241
NAOV,20250717 05:34:30.053000,0,1,6,1.01,14,REGULAR,REGULAR,PACF,10241
NAOV,20250717 05:34:56.339000,0,0.96,3,1.01,14,REGULAR,REGULAR,NQEX,10241
NAOV,20250717 05:34:56.339000,0,0.96,3,1.01,14,REGULAR,REGULAR,NQEX,10241
NAOV,20250717 05:34:56.339000,0,0.96,3,1.01,14,REGULAR,REGULAR,NQEX,10241
NAOV,20250717 05:34:56.339000,0,0.96,3,1.01,14,REGULAR,REGULAR,NQEX,10241
NAOV,20250717 05:34:56.339000,0,0.96,3,1.01,14,REGULAR,REGULAR,NQEX,10241
NAOV,20250717 05:34:56.339000,0,0.96,3,1.01,14,REGULAR,REGULAR,NQEX,10241
NAOV,20250717 05:34:56.339000,0,0.96,3,1.01,14,REGULAR,REGULAR,NQEX,10241
NAOV,20250717 05:34:56.339000,0,0.96,3,1.01,14,REGULAR,REGULAR,NQEX,10241
NAOV,20250717 05:34:56.340000,0,0.96,3,1.01,15,REGULAR,REGULAR,NQEX,10241
NAOV,20250717 05:37:26.614000,0,0.96,10,1.01,14,REGULAR,REGULAR,NQEX,10241
NAOV,20250717 06:12:00.871000,0,0.99,10,1.01,14,REGULAR,REGULAR,MEMX,10241
NAOV,20250717 06:22:06.087000,0,0.99,10,1.01,14,REGULAR,REGULAR,MEMX,10241
NAOV,20250717 06:24:35.884000,0,0.99,5,1.01,14,REGULAR,REGULAR,MEMX,10241
NAOV,20250717 06:25:51.027000,0,0.99,5,1.01,14,REGULAR,REGULAR,MEMX,10241
NAOV,20250717 06:31:12.263000,0,0.99,2,1.01,15,REGULAR,REGULAR,MEMX,10241
NAOV,20250717 06:33:07.528000,0,0.99,1,1.01,14,REGULAR,REGULAR,MEMX,10241
NAOV,20250717 06:37:13.550000,0,0.99,1,1.01,14,REGULAR,REGULAR,MEMX,10241
NAOV,20250717 06:39:15.615000,0,0.99,1,1.01,14,REGULAR,REGULAR,MEMX,10241
NAOV,20250717 06:41:56.645000,0,0.99,1,1.01,14,REGULAR,REGULAR,MEMX,10241
NAOV,20250717 06:41:56.645000,0,0.99,1,1.01,14,REGULAR,REGULAR,MEMX,10241
NAOV,20250717 06:41:56.645000,0,0.99,1,1.01,14,REGULAR,REGULAR,MEMX,10241
NAOV,20250717 06:41:56.647000,0,0.99,1,1.01,14,REGULAR,REGULAR,MEMX,10241
NAOV,20250717 06:42:41.709000,0,0.99,1,1.01,14,REGULAR,REGULAR,MEMX,10241
NAOV,20250717 06:43:53.170000,0,0.99,1,1.01,14,REGULAR,REGULAR,MEMX,10241
NAOV,20250717 06:44:31.967000,0,0.99,1,1.01,14,REGULAR,REGULAR,MEMX,10241
NAOV,20250717 06:44:50.969000,0,0.99,1,1.01,14,REGULAR,REGULAR,MEMX,10241
NAOV,20250717 06:45:15.562000,0,0.98,1,1.01,14,REGULAR,REGULAR,PACF,10241
NAOV,20250717 06:45:39.422000,0,0.98,1,0.99,1,REGULAR,REGULAR,MEMX,10241
NAOV,20250717 06:45:39.422000,0,0.98,1,0.99,1,REGULAR,REGULAR,MEMX,10241
NAOV,20250717 06:45:39.422000,0,0.98,1,0.99,1,REGULAR,REGULAR,MEMX,10241
NAOV,20250717 06:45:39.422000,0,0.98,1,0.99,1,REGULAR,REGULAR,MEMX,10241
NAOV,20250717 06:46:04.309000,0,0.96,10,1.01,19,REGULAR,REGULAR,PACF,10241
NAOV,20250717 06:46:04.309000,0,0.96,10,1.01,19,REGULAR,REGULAR,PACF,10241
NAOV,20250717 06:46:15.457000,0,0.96,10,1.01,17,REGULAR,REGULAR,PACF,10241
NAOV,20250717 07:06:07.424000,0,0.97,1,1.01,14,REGULAR,REGULAR,PACF,10241
NAOV,20250717 07:06:07.424000,0,0.97,1,1.01,14,REGULAR,REGULAR,PACF,10241
NAOV,20250717 07:21:50.424000,0,0.96,10,0.98,9,REGULAR,REGULAR,PACF,10305
NAOV,20250717 07:22:24.798000,0,0.96,10,0.98,9,REGULAR,REGULAR,PACF,10305
NAOV,20250717 07:22:54.413000,0,0.96,10,0.98,9,REGULAR,REGULAR,PACF,10305
NAOV,20250717 07:26:08.454000,0,0.96,10,0.98,9,REGULAR,REGULAR,PACF,10305
NAOV,20250717 07:32:39.237000,0,0.96,10,0.98,8,REGULAR,REGULAR,PACF,10305
NAOV,20250717 07:39:35.008000,0,0.96,3,1.01,14,REGULAR,REGULAR,NQEX,10241
NAOV,20250717 07:39:35.009000,0,0.98,11,1.01,14,REGULAR,REGULAR,PACF,10241
NAOV,20250717 07:41:00.870000,0,0.98,11,1.01,14,REGULAR,REGULAR,PACF,10241
NAOV,20250717 07:46:58.107000,0,0.98,11,1.01,16,REGULAR,REGULAR,PACF,10247
NAOV,20250717 07:50:34.692000,0,0.98,4,1.01,17,REGULAR,REGULAR,PACF,10247
NAOV,20250717 07:59:31.743000,0,0.98,4,1.01,16,REGULAR,REGULAR,PACF,10247
NAOV,20250717 08:00:00.323000,0,0.98,4,1.01,16,REGULAR,REGULAR,PACF,10247
NAOV,20250717 08:00:00.534000,0,0.98,4,1.01,16,REGULAR,REGULAR,PACF,10247
NAOV,20250717 08:00:00.930000,0,0.98,4,1.01,16,REGULAR,REGULAR,PACF,10247
NAOV,20250717 08:00:01.235000,0,0.98,4,1.01,16,REGULAR,REGULAR,PACF,10247
NAOV,20250717 08:00:01.589000,0,0.98,4,1.01,16,REGULAR,REGULAR,PACF,10247
NAOV,20250717 08:00:04.394000,0,0.98,4,1.01,16,REGULAR,REGULAR,PACF,10247
NAOV,20250717 08:00:04.743000,0,0.98,4,1.01,16,REGULAR,REGULAR,PACF,10247
NAOV,20250717 08:00:05.221000,0,0.98,4,1.01,16,REGULAR,REGULAR,PACF,10247
NAOV,20250717 08:00:05.951000,0,0.98,4,1.01,16,REGULAR,REGULAR,PACF,10247
NAOV,20250717 08:00:06.116000,0,0.98,4,1.01,16,REGULAR,REGULAR,PACF,10247
NAOV,20250717 08:00:10.286000,0,0.98,4,1.01,16,REGULAR,REGULAR,PACF,10247
NAOV,20250717 08:00:11.406000,0,0.98,4,1.01,16,REGULAR,REGULAR,PACF,10247
NAOV,20250717 08:00:12.311000,0,0.98,4,1.01,16,REGULAR,REGULAR,PACF,10247
NAOV,20250717 08:00:12.340000,0,0.98,4,1.01,16,REGULAR,REGULAR,PACF,10247
NAOV,20250717 08:00:20.875000,0,0.98,4,1.01,16,REGULAR,REGULAR,PACF,10247
NAOV,20250717 08:00:33.792000,0,0.98,4,1.01,16,REGULAR,REGULAR,PACF,10247
NAOV,20250717 08:00:33.831000,0,0.98,4,1.01,16,REGULAR,REGULAR,PACF,10247
NAOV,20250717 08:00:33.831000,0,0.98,4,1.01,16,REGULAR,REGULAR,PACF,10247
NAOV,20250717 08:01:32.859000,0,0.98,3,1.01,17,REGULAR,REGULAR,PACF,10247
NAOV,20250717 08:01:43.895000,0,0.97,1,0.99,1,REGULAR,REGULAR,PACF,10241
NAOV,20250717 08:01:43.895000,0,0.97,1,0.99,1,REGULAR,REGULAR,PACF,10241
NAOV,20250717 08:01:43.896000,0,0.97,20,0.99,1,REGULAR,REGULAR,NQEX,10241
NAOV,20250717 08:02:01.439000,0,0.97,20,1.01,19,REGULAR,REGULAR,NQEX,10247
NAOV,20250717 08:02:17.571000,0,0.97,20,1,1,REGULAR,REGULAR,NQEX,10305
NAOV,20250717 08:05:48.705000,0,0.97,13,0.98,1,REGULAR,REGULAR,NQEX,10241
NAOV,20250717 08:05:48.705000,0,0.97,13,0.98,1,REGULAR,REGULAR,NQEX,10241
NAOV,20250717 08:05:48.705000,0,0.97,13,0.98,1,REGULAR,REGULAR,NQEX,10241
NAOV,20250717 08:05:48.705000,0,0.97,13,0.98,1,REGULAR,REGULAR,NQEX,10241
NAOV,20250717 08:05:48.705000,0,0.97,13,0.98,1,REGULAR,REGULAR,NQEX,10241
NAOV,20250717 08:06:44.834000,0,0.97,13,1.01,16,REGULAR,REGULAR,NQEX,10247
NAOV,20250717 08:08:32.553000,0,0.97,7,0.99,1,REGULAR,REGULAR,NQEX,10241
NAOV,20250717 08:08:32.553000,0,0.97,7,0.99,1,REGULAR,REGULAR,NQEX,10241
NAOV,20250717 08:11:30.064000,0,0.97,5,1,1,REGULAR,REGULAR,MEMX,10305
NAOV,20250717 08:11:56.051000,0,0.97,3,1,1,REGULAR,REGULAR,MEMX,10305
NAOV,20250717 08:18:48.368000,0,0.97,1,0.98,1,REGULAR,REGULAR,PACF,10241
NAOV,20250717 08:18:48.368000,0,0.97,1,0.98,1,REGULAR,REGULAR,PACF,10241
NAOV,20250717 08:18:48.368000,0,0.97,1,0.98,1,REGULAR,REGULAR,PACF,10241
NAOV,20250717 08:18:48.369000,0,0.96,10,0.97,1,REGULAR,REGULAR,PACF,10241
NAOV,20250717 08:18:48.369000,0,0.96,10,0.97,1,REGULAR,REGULAR,PACF,10241
NAOV,20250717 08:18:48.369000,0,0.96,10,0.97,1,REGULAR,REGULAR,PACF,10241
NAOV,20250717 08:18:48.369000,0,0.96,10,0.97,1,REGULAR,REGULAR,PACF,10241
NAOV,20250717 08:18:48.369000,0,0.96,10,0.97,1,REGULAR,REGULAR,PACF,10241
NAOV,20250717 08:18:48.370000,0,0.96,10,0.97,1,REGULAR,REGULAR,PACF,10241
NAOV,20250717 08:18:48.370000,0,0.96,10,0.97,1,REGULAR,REGULAR,PACF,10241
NAOV,20250717 08:19:10.998000,0,0.96,10,0.97,1,REGULAR,REGULAR,PACF,10241
NAOV,20250717 08:22:22.027000,0,0.96,10,0.97,5,REGULAR,REGULAR,PACF,10247
NAOV,20250717 08:23:21.348000,0,0.96,10,0.97,18,REGULAR,REGULAR,PACF,10247
NAOV,20250717 08:23:29.568000,0,0.96,10,0.97,18,REGULAR,REGULAR,PACF,10247
NAOV,20250717 08:25:33.010000,0,0.96,10,0.96,4,REGULAR,REGULAR,PACF,10305
NAOV,20250717 08:26:19.403000,0,0.96,10,0.96,4,REGULAR,REGULAR,PACF,10305
NAOV,20250717 08:26:49.576000,0,0.96,9,0.96,4,REGULAR,REGULAR,PACF,10305
NAOV,20250717 08:28:19.314000,0,0.95,8,0.96,1,REGULAR,REGULAR,EDGX,10247
NAOV,20250717 08:28:19.314000,0,0.95,8,0.96,1,REGULAR,REGULAR,EDGX,10247
NAOV,20250717 08:28:19.314000,0,0.95,8,0.96,1,REGULAR,REGULAR,EDGX,10247
NAOV,20250717 08:28:19.314000,0,0.95,8,0.96,1,REGULAR,REGULAR,EDGX,10247
NAOV,20250717 08:28:19.314000,0,0.95,8,0.96,1,REGULAR,REGULAR,EDGX,10247
NAOV,20250717 08:28:19.314000,0,0.95,8,0.96,1,REGULAR,REGULAR,EDGX,10247
NAOV,20250717 08:28:19.314000,0,0.95,8,0.96,1,REGULAR,REGULAR,EDGX,10247
NAOV,20250717 08:28:19.314000,0,0.95,8,0.96,1,REGULAR,REGULAR,EDGX,10247
NAOV,20250717 08:28:19.314000,0,0.95,8,0.96,1,REGULAR,REGULAR,EDGX,10247
NAOV,20250717 08:28:19.314000,0,0.95,8,0.96,1,REGULAR,REGULAR,EDGX,10247
NAOV,20250717 08:28:19.314000,0,0.95,8,0.96,1,REGULAR,REGULAR,EDGX,10247
NAOV,20250717 08:28:19.314000,0,0.95,8,0.96,1,REGULAR,REGULAR,EDGX,10247
NAOV,20250717 08:28:32.179000,0,0.95,8,0.96,4,REGULAR,REGULAR,EDGX,10305
NAOV,20250717 08:31:30.584000,0,0.95,8,0.96,4,REGULAR,REGULAR,EDGX,10247
NAOV,20250717 08:31:45.773000,0,0.95,8,0.96,4,REGULAR,REGULAR,EDGX,10247
NAOV,20250717 08:31:50.734000,0,0.96,1,0.97,1,REGULAR,REGULAR,PACF,10241
NAOV,20250717 08:31:50.734000,0,0.96,1,0.97,1,REGULAR,REGULAR,PACF,10241
NAOV,20250717 08:31:53.184000,0,0.95,8,0.97,1,REGULAR,REGULAR,EDGX,10241
NAOV,20250717 08:31:53.185000,0,0.95,8,0.97,1,REGULAR,REGULAR,EDGX,10241
NAOV,20250717 08:32:40.683000,0,0.95,8,0.97,1,REGULAR,REGULAR,EDGX,10241
NAOV,20250717 08:32:40.683000,0,0.95,8,0.97,1,REGULAR,REGULAR,EDGX,10241
NAOV,20250717 08:36:03.262000,0,0.96,20,0.97,1,REGULAR,REGULAR,MEMX,10241
NAOV,20250717 08:37:39.490000,0,0.96,20,0.97,1,REGULAR,REGULAR,MEMX,10241
NAOV,20250717 08:37:56.110000,0,0.96,20,0.97,1,REGULAR,REGULAR,MEMX,10241
NAOV,20250717 08:37:56.110000,0,0.96,20,0.97,1,REGULAR,REGULAR,MEMX,10241
NAOV,20250717 08:38:01.867000,0,0.96,20,1.01,17,REGULAR,REGULAR,MEMX,10247
NAOV,20250717 08:38:01.867000,0,0.96,20,1.01,17,REGULAR,REGULAR,MEMX,10247
NAOV,20250717 08:38:01.868000,0,0.96,1,1.01,16,REGULAR,REGULAR,NQEX,10247
NAOV,20250717 08:40:03.244000,0,0.96,20,0.97,1,REGULAR,REGULAR,MEMX,10305
NAOV,20250717 08:40:03.244000,0,0.96,20,0.97,1,REGULAR,REGULAR,MEMX,10305
NAOV,20250717 08:41:11.999000,0,0.96,20,0.97,1,REGULAR,REGULAR,MEMX,10305
NAOV,20250717 08:42:24.218000,0,0.96,20,0.97,1,REGULAR,REGULAR,MEMX,10305
NAOV,20250717 08:43:52.146000,0,0.96,19,0.97,1,REGULAR,REGULAR,MEMX,10305
NAOV,20250717 08:43:59.699000,0,0.96,6,1.01,17,REGULAR,REGULAR,PACF,10247
NAOV,20250717 08:43:59.699000,0,0.96,6,1.01,17,REGULAR,REGULAR,PACF,10247
NAOV,20250717 08:43:59.699000,0,0.96,6,1.01,17,REGULAR,REGULAR,PACF,10247
NAOV,20250717 08:44:29.154000,0,0.96,3,1.01,17,REGULAR,REGULAR,PACF,10247
NAOV,20250717 08:49:09.744000,0,0.96,19,1.01,17,REGULAR,REGULAR,MEMX,10247
NAOV,20250717 08:49:51.261000,0,0.96,19,1.01,17,REGULAR,REGULAR,MEMX,10247
NAOV,20250717 08:51:35.743000,0,0.97,2,1.01,16,REGULAR,REGULAR,EDGX,10247
NAOV,20250717 08:58:22.138000,0,0.98,5,1.01,16,REGULAR,REGULAR,EDGX,10247
NAOV,20250717 08:59:45.853000,0,0.98,5,1.01,16,REGULAR,REGULAR,EDGX,10247
NAOV,20250717 08:59:51.755000,0,0.98,4,1,1,REGULAR,REGULAR,EDGX,10305
NAOV,20250717 08:59:51.755000,0,0.98,4,1,1,REGULAR,REGULAR,EDGX,10305
NAOV,20250717 09:02:23.489000,0,0.98,4,1.01,16,REGULAR,REGULAR,EDGX,10247
NAOV,20250717 09:03:10.334000,0,0.98,4,1.01,16,REGULAR,REGULAR,EDGX,10247
NAOV,20250717 09:04:42.831000,0,0.98,2,1.01,16,REGULAR,REGULAR,EDGX,10247
NAOV,20250717 09:04:42.833000,0,0.98,2,1.01,16,REGULAR,REGULAR,EDGX,10247
NAOV,20250717 09:04:42.835000,0,0.98,2,1.01,16,REGULAR,REGULAR,EDGX,10247
NAOV,20250717 09:04:49.277000,0,0.98,2,1.01,16,REGULAR,REGULAR,EDGX,10247
NAOV,20250717 09:05:07.157000,0,0.96,1,1.01,16,REGULAR,REGULAR,PACF,10247
NAOV,20250717 09:05:13.898000,0,0.96,1,1.01,16,REGULAR,REGULAR,PACF,10247
NAOV,20250717 09:05:33.845000,0,0.96,1,0.99,1,REGULAR,REGULAR,PACF,10241
NAOV,20250717 09:07:47.353000,0,0.98,2,1.01,16,REGULAR,REGULAR,EDGX,10247
NAOV,20250717 09:10:19.056000,0,0.98,1,1.01,16,REGULAR,REGULAR,EDGX,10247
NAOV,20250717 09:11:25.878000,0,0.98,1,1.01,16,REGULAR,REGULAR,EDGX,10247
NAOV,20250717 09:15:08.355000,0,0.98,1,1.01,16,REGULAR,REGULAR,EDGX,10247
NAOV,20250717 09:15:49.763000,0,0.98,1,1.01,16,REGULAR,REGULAR,EDGX,10247
NAOV,20250717 09:15:54.533000,0,0.98,1,1.01,16,REGULAR,REGULAR,EDGX,10247
NAOV,20250717 09:17:38.050000,0,0.98,1,1.01,16,REGULAR,REGULAR,EDGX,10247
NAOV,20250717 09:18:45.943000,0,0.98,1,1.01,16,REGULAR,REGULAR,EDGX,10247
NAOV,20250717 09:20:51.585000,0,0.98,1,1.01,16,REGULAR,REGULAR,EDGX,10247
NAOV,20250717 09:26:29.397000,0,0.98,1,0.99,1,REGULAR,REGULAR,EDGX,10247
NAOV,20250717 09:30:00.984000,0,0.98,1,0.98,1,REGULAR,REGULAR,EDGX,10241
NAOV,20250717 09:30:00.984000,0,0.98,1,0.98,1,REGULAR,REGULAR,EDGX,10241
NAOV,20250717 09:30:49.570000,0,0.98,1,0.99,4,REGULAR,REGULAR,EDGX,10247
NAOV,20250717 09:30:55.842000,0,0.98,1,1.01,17,REGULAR,REGULAR,EDGX,10247
NAOV,20250717 09:32:43.044000,0,0.98,10,0.99,1,REGULAR,REGULAR,EDGX,10241
NAOV,20250717 09:32:46.164000,0,0.98,10,0.98,2,REGULAR,REGULAR,EDGX,10241
NAOV,20250717 09:32:49.004000,0,0.98,10,0.98,2,REGULAR,REGULAR,EDGX,10241
NAOV,20250717 09:32:59.616000,0,0.98,10,0.98,2,REGULAR,REGULAR,EDGX,10241
NAOV,20250717 09:32:59.620000,0,0.98,10,0.98,2,REGULAR,REGULAR,EDGX,10241
NAOV,20250717 09:33:22.201000,0,0.98,10,0.98,4,REGULAR,REGULAR,EDGX,10304
NAOV,20250717 09:33:28.931000,0,0.98,9,0.98,4,REGULAR,REGULAR,EDGX,10304
NAOV,20250717 09:33:39.981000,0,0.98,9,0.98,4,REGULAR,REGULAR,EDGX,10304
NAOV,20250717 09:33:46.403000,0,0.98,9,0.98,4,REGULAR,REGULAR,EDGX,10304
NAOV,20250717 09:34:16.144000,0,0.98,9,0.98,4,REGULAR,REGULAR,EDGX,10304
NAOV,20250717 09:35:48.074000,0,0.98,9,0.98,2,REGULAR,REGULAR,EDGX,10241
NAOV,20250717 09:36:57.685000,0,0.98,9,0.98,2,REGULAR,REGULAR,EDGX,10241
NAOV,20250717 09:38:46.189000,0,0.98,6,0.99,4,REGULAR,REGULAR,EDGX,10313
NAOV,20250717 09:40:25.659000,0,0.96,10,0.98,4,REGULAR,REGULAR,NQEX,10283
NAOV,20250717 09:40:25.659000,0,0.96,10,0.98,4,REGULAR,REGULAR,NQEX,10283
NAOV,20250717 09:40:49.976000,0,0.96,10,0.98,4,REGULAR,REGULAR,NQEX,10283
NAOV,20250717 09:46:16.958000,0,0.96,10,0.98,3,REGULAR,REGULAR,NQEX,10247
NAOV,20250717 09:46:17.948000,0,0.96,10,0.98,3,REGULAR,REGULAR,NQEX,10247
NAOV,20250717 09:46:37.632000,0,0.96,10,0.98,2,REGULAR,REGULAR,NQEX,10247
NAOV,20250717 09:46:37.632000,0,0.96,10,0.98,2,REGULAR,REGULAR,NQEX,10247
NAOV,20250717 09:46:37.632000,0,0.96,10,0.98,2,REGULAR,REGULAR,NQEX,10247
NAOV,20250717 09:46:37.632000,0,0.96,10,0.98,2,REGULAR,REGULAR,NQEX,10247
NAOV,20250717 09:46:37.632000,0,0.96,10,0.98,2,REGULAR,REGULAR,NQEX,10247
NAOV,20250717 09:46:37.632000,0,0.96,10,0.98,2,REGULAR,REGULAR,NQEX,10247
NAOV,20250717 09:46:37.632000,0,0.96,10,0.98,2,REGULAR,REGULAR,NQEX,10247
NAOV,20250717 09:46:37.634000,0,0.96,8,0.98,2,REGULAR,REGULAR,NQEX,10247
NAOV,20250717 09:46:37.634000,0,0.96,8,0.98,2,REGULAR,REGULAR,NQEX,10247
NAOV,20250717 09:46:37.635000,0,0.96,8,0.97,1,REGULAR,REGULAR,NQEX,10241
NAOV,20250717 09:46:37.635000,0,0.96,8,0.97,1,REGULAR,REGULAR,NQEX,10241
NAOV,20250717 09:46:37.635000,0,0.96,8,0.97,1,REGULAR,REGULAR,NQEX,10241
NAOV,20250717 09:46:37.635000,0,0.96,8,0.97,1,REGULAR,REGULAR,NQEX,10241
NAOV,20250717 09:46:37.822000,0,0.96,8,0.98,2,REGULAR,REGULAR,NQEX,10247
NAOV,20250717 09:47:06.613000,0,0.96,8,0.98,2,REGULAR,REGULAR,NQEX,10247
NAOV,20250717 09:47:06.635000,0,0.96,8,0.98,2,REGULAR,REGULAR,NQEX,10247
NAOV,20250717 09:47:10.492000,0,0.96,8,0.98,2,REGULAR,REGULAR,NQEX,10247
NAOV,20250717 09:47:20.295000,0,0.96,8,1,5,REGULAR,REGULAR,NQEX,10241
NAOV,20250717 09:47:51.883000,0,0.96,8,0.98,2,REGULAR,REGULAR,NQEX,10300
NAOV,20250717 09:48:28.649000,0,0.96,8,0.98,2,REGULAR,REGULAR,NQEX,10300
NAOV,20250717 09:48:28.674000,0,0.96,8,0.98,2,REGULAR,REGULAR,NQEX,10300
NAOV,20250717 09:48:54.307000,0,0.96,8,0.98,2,REGULAR,REGULAR,NQEX,10300
NAOV,20250717 09:48:54.338000,0,0.96,8,0.98,2,REGULAR,REGULAR,NQEX,10300
NAOV,20250717 09:49:31.785000,0,0.96,8,0.98,2,REGULAR,REGULAR,NQEX,10300
NAOV,20250717 09:50:10.675000,0,0.96,8,0.98,2,REGULAR,REGULAR,NQEX,10300
NAOV,20250717 09:50:35.178000,0,0.96,8,0.98,2,REGULAR,REGULAR,NQEX,10300
NAOV,20250717 09:50:35.214000,0,0.96,8,0.98,2,REGULAR,REGULAR,NQEX,10300
NAOV,20250717 09:50:38.756000,0,0.96,8,0.98,2,REGULAR,REGULAR,NQEX,10300
NAOV,20250717 09:51:07.647000,0,0.96,8,0.98,2,REGULAR,REGULAR,NQEX,10300
NAOV,20250717 09:51:18.779000,0,0.96,8,0.98,2,REGULAR,REGULAR,NQEX,10300
NAOV,20250717 09:51:18.832000,0,0.96,8,0.98,2,REGULAR,REGULAR,NQEX,10300
NAOV,20250717 09:53:26.694000,0,0.96,8,0.98,2,REGULAR,REGULAR,NQEX,10300
NAOV,20250717 09:53:42.673000,0,0.96,8,0.98,2,REGULAR,REGULAR,NQEX,10300
NAOV,20250717 09:53:55.623000,0,0.96,8,0.98,2,REGULAR,REGULAR,NQEX,10300
NAOV,20250717 09:54:04.606000,0,0.96,8,0.98,2,REGULAR,REGULAR,NQEX,10300
NAOV,20250717 09:55:45.944000,0,0.96,8,0.98,7,REGULAR,REGULAR,NQEX,10247
NAOV,20250717 09:57:04.075000,0,0.96,8,0.98,7,REGULAR,REGULAR,NQEX,10247
NAOV,20250717 09:57:38.330000,0,0.96,8,0.98,7,REGULAR,REGULAR,NQEX,10247
NAOV,20250717 09:57:38.364000,0,0.96,8,0.98,7,REGULAR,REGULAR,NQEX,10247
NAOV,20250717 09:58:41.056000,0,0.96,40,0.98,7,REGULAR,REGULAR,MEMX,10247
NAOV,20250717 09:58:41.122000,0,0.96,40,0.98,7,REGULAR,REGULAR,MEMX,10247
NAOV,20250717 09:59:20.204000,0,0.96,40,0.98,7,REGULAR,REGULAR,MEMX,10247
NAOV,20250717 10:00:12.078000,0,0.96,40,0.98,7,REGULAR,REGULAR,MEMX,10247
NAOV,20250717 10:01:44.594000,0,0.96,40,0.98,7,REGULAR,REGULAR,MEMX,10247
NAOV,20250717 10:02:32.854000,0,0.96,40,0.98,7,REGULAR,REGULAR,MEMX,10247
NAOV,20250717 10:02:49.488000,0,0.96,40,0.98,7,REGULAR,REGULAR,MEMX,10247
NAOV,20250717 10:04:30.882000,0,0.96,40,0.98,8,REGULAR,REGULAR,MEMX,10247
NAOV,20250717 10:04:55.636000,0,0.96,40,0.98,7,REGULAR,REGULAR,MEMX,10247
NAOV,20250717 10:04:55.636000,0,0.96,40,0.98,7,REGULAR,REGULAR,MEMX,10247
NAOV,20250717 10:05:06.630000,0,0.96,40,0.98,2,REGULAR,REGULAR,MEMX,10300
NAOV,20250717 10:05:20.184000,0,0.96,40,0.98,2,REGULAR,REGULAR,MEMX,10300
NAOV,20250717 10:05:33.497000,0,0.96,40,0.98,2,REGULAR,REGULAR,MEMX,10300
NAOV,20250717 10:05:49.699000,0,0.96,40,0.98,2,REGULAR,REGULAR,MEMX,10300
NAOV,20250717 10:06:11.492000,0,0.96,40,0.98,2,REGULAR,REGULAR,MEMX,10300
NAOV,20250717 10:07:09.719000,0,0.96,40,0.98,5,REGULAR,REGULAR,MEMX,10305
NAOV,20250717 10:07:27.548000,0,0.96,40,0.98,5,REGULAR,REGULAR,MEMX,10305
NAOV,20250717 10:07:41.077000,0,0.96,40,0.98,4,REGULAR,REGULAR,MEMX,10305
NAOV,20250717 10:08:19.659000,0,0.96,40,0.98,4,REGULAR,REGULAR,MEMX,10305
NAOV,20250717 10:08:19.995000,0,0.96,40,0.98,4,REGULAR,REGULAR,MEMX,10305
NAOV,20250717 10:08:20.063000,0,0.96,40,0.98,4,REGULAR,REGULAR,MEMX,10305
NAOV,20250717 10:08:38.314000,0,0.96,40,0.98,2,REGULAR,REGULAR,MEMX,10300
NAOV,20250717 10:08:41.611000,0,0.96,40,0.98,2,REGULAR,REGULAR,MEMX,10300
NAOV,20250717 10:09:39.472000,0,0.96,40,0.98,2,REGULAR,REGULAR,MEMX,10300
NAOV,20250717 10:09:41.031000,0,0.96,40,0.98,2,REGULAR,REGULAR,MEMX,10300
NAOV,20250717 10:11:05.599000,0,0.96,40,0.98,2,REGULAR,REGULAR,MEMX,10300
NAOV,20250717 10:11:10.469000,0,0.96,40,0.98,2,REGULAR,REGULAR,MEMX,10300
NAOV,20250717 10:11:10.504000,0,0.96,40,0.98,2,REGULAR,REGULAR,MEMX,10300
NAOV,20250717 10:11:13.699000,0,0.96,40,0.98,2,REGULAR,REGULAR,MEMX,10300
NAOV,20250717 10:11:30.953000,0,0.96,40,0.98,2,REGULAR,REGULAR,MEMX,10300
NAOV,20250717 10:11:31.009000,0,0.96,40,0.98,2,REGULAR,REGULAR,MEMX,10300
NAOV,20250717 10:11:33.901000,0,0.96,40,0.98,2,REGULAR,REGULAR,MEMX,10300
NAOV,20250717 10:11:49.546000,0,0.96,40,0.98,2,REGULAR,REGULAR,MEMX,10300
NAOV,20250717 10:12:00.380000,0,0.97,1,0.98,2,REGULAR,REGULAR,EDGX,10300
NAOV,20250717 10:12:00.402000,0,0.97,1,0.98,2,REGULAR,REGULAR,EDGX,10300
NAOV,20250717 10:12:46.004000,0,0.96,1,0.98,2,REGULAR,REGULAR,PACF,10300
NAOV,20250717 10:12:46.461000,0,0.96,1,0.98,2,REGULAR,REGULAR,PACF,10300
NAOV,20250717 10:12:50.929000,0,0.96,1,0.98,2,REGULAR,REGULAR,PACF,10300
NAOV,20250717 10:12:50.962000,0,0.96,1,0.98,2,REGULAR,REGULAR,PACF,10300
NAOV,20250717 10:13:46.991000,0,0.96,1,0.98,1,REGULAR,REGULAR,PACF,10305
NAOV,20250717 10:14:09.860000,0,0.96,1,0.98,5,REGULAR,REGULAR,PACF,10313
NAOV,20250717 10:14:31.841000,0,0.96,1,0.98,5,REGULAR,REGULAR,PACF,10313
NAOV,20250717 10:14:31.841000,0,0.96,1,0.98,5,REGULAR,REGULAR,PACF,10313
NAOV,20250717 10:14:31.877000,0,0.96,1,0.98,5,REGULAR,REGULAR,PACF,10313
NAOV,20250717 10:16:17.735000,0,0.96,7,0.98,5,REGULAR,REGULAR,EDGX,10313
NAOV,20250717 10:16:49.081000,0,0.96,6,0.97,1,REGULAR,REGULAR,EDGX,10313
NAOV,20250717 10:16:49.081000,0,0.96,6,0.97,1,REGULAR,REGULAR,EDGX,10313
NAOV,20250717 10:16:49.081000,0,0.96,6,0.97,1,REGULAR,REGULAR,EDGX,10313
NAOV,20250717 10:17:14.759000,0,0.96,6,0.98,5,REGULAR,REGULAR,EDGX,10313
NAOV,20250717 10:17:18.646000,0,0.96,6,0.98,5,REGULAR,REGULAR,EDGX,10313
NAOV,20250717 10:17:33.994000,0,0.96,6,0.98,5,REGULAR,REGULAR,EDGX,10313
NAOV,20250717 10:17:34.070000,0,0.96,6,0.98,5,REGULAR,REGULAR,EDGX,10313
NAOV,20250717 10:18:56.335000,0,0.96,6,0.98,5,REGULAR,REGULAR,PACF,10313
NAOV,20250717 10:18:56.336000,0,0.96,5,0.98,5,REGULAR,REGULAR,PACF,10313
NAOV,20250717 10:18:56.336000,0,0.96,5,0.98,5,REGULAR,REGULAR,PACF,10313
NAOV,20250717 10:18:56.336000,0,0.96,5,0.98,5,REGULAR,REGULAR,PACF,10313
NAOV,20250717 10:18:56.336000,0,0.96,5,0.98,5,REGULAR,REGULAR,PACF,10313
NAOV,20250717 10:19:55.259000,0,0.96,5,0.98,5,REGULAR,REGULAR,PACF,10313
NAOV,20250717 10:21:25.607000,0,0.96,39,0.98,5,REGULAR,REGULAR,MEMX,10313
NAOV,20250717 10:21:25.607000,0,0.96,39,0.98,5,REGULAR,REGULAR,MEMX,10313
NAOV,20250717 10:21:25.607000,0,0.96,39,0.98,5,REGULAR,REGULAR,MEMX,10313
NAOV,20250717 10:22:03.500000,0,0.96,39,0.98,5,REGULAR,REGULAR,MEMX,10313
NAOV,20250717 10:23:09.459000,0,0.97,10,0.98,5,REGULAR,REGULAR,BATS,10313
NAOV,20250717 10:23:09.460000,0,0.97,10,0.98,5,REGULAR,REGULAR,BATS,10313
NAOV,20250717 10:23:09.603000,0,0.97,10,0.98,5,REGULAR,REGULAR,BATS,10313
NAOV,20250717 10:24:12.480000,0,0.97,10,0.98,5,REGULAR,REGULAR,BATS,10313
NAOV,20250717 10:24:14.283000,0,0.97,10,0.97,1,REGULAR,REGULAR,BATS,10241
NAOV,20250717 10:24:14.321000,0,0.97,10,0.98,5,REGULAR,REGULAR,BATS,10313
NAOV,20250717 10:25:06.581000,0,0.97,10,0.98,5,REGULAR,REGULAR,BATS,10313
NAOV,20250717 10:25:06.615000,0,0.97,10,0.98,5,REGULAR,REGULAR,BATS,10313
NAOV,20250717 10:25:53.668000,0,0.97,10,0.98,5,REGULAR,REGULAR,BATS,10313
NAOV,20250717 10:25:53.717000,0,0.97,10,0.98,5,REGULAR,REGULAR,BATS,10313
NAOV,20250717 10:26:26.976000,0,0.97,10,0.98,5,REGULAR,REGULAR,BATS,10313
NAOV,20250717 10:26:40.357000,0,0.97,10,0.98,5,REGULAR,REGULAR,BATS,10313
NAOV,20250717 10:26:51.533000,0,0.97,10,0.98,5,REGULAR,REGULAR,BATS,10313
NAOV,20250717 10:26:51.576000,0,0.97,10,0.98,5,REGULAR,REGULAR,BATS,10313
NAOV,20250717 10:27:29.167000,0,0.97,10,0.98,5,REGULAR,REGULAR,BATS,10313
NAOV,20250717 10:27:29.167000,0,0.97,10,0.98,5,REGULAR,REGULAR,BATS,10313
NAOV,20250717 10:27:29.338000,0,0.97,1,0.98,5,REGULAR,REGULAR,PACF,10313
NAOV,20250717 10:27:29.338000,0,0.97,1,0.98,5,REGULAR,REGULAR,PACF,10313
NAOV,20250717 10:27:31.792000,0,0.97,1,0.98,5,REGULAR,REGULAR,PACF,10313
NAOV,20250717 10:27:33.052000,0,0.97,1,0.98,5,REGULAR,REGULAR,PACF,10313
NAOV,20250717 10:28:44.243000,0,0.97,1,0.98,5,REGULAR,REGULAR,PACF,10313
NAOV,20250717 10:29:10.235000,0,0.97,1,0.98,5,REGULAR,REGULAR,PACF,10313
NAOV,20250717 10:29:10.263000,0,0.97,1,0.98,5,REGULAR,REGULAR,PACF,10313
NAOV,20250717 10:29:35.421000,0,0.97,1,0.98,5,REGULAR,REGULAR,PACF,10313
NAOV,20250717 10:29:35.425000,0,0.97,1,0.98,5,REGULAR,REGULAR,PACF,10313
NAOV,20250717 10:30:04.172000,0,0.97,1,0.98,5,REGULAR,REGULAR,PACF,10313
NAOV,20250717 10:30:15.037000,0,0.97,1,0.98,5,REGULAR,REGULAR,PACF,10313
NAOV,20250717 10:30:15.037000,0,0.97,1,0.98,5,REGULAR,REGULAR,PACF,10313
NAOV,20250717 10:30:15.039000,0,0.97,1,0.98,1,REGULAR,REGULAR,PACF,10305
NAOV,20250717 10:30:15.039000,0,0.97,1,0.98,1,REGULAR,REGULAR,PACF,10305
NAOV,20250717 10:30:15.039000,0,0.97,1,0.98,1,REGULAR,REGULAR,PACF,10305
NAOV,20250717 10:30:15.042000,0,0.97,1,0.98,1,REGULAR,REGULAR,PACF,10305
NAOV,20250717 10:30:15.044000,0,0.97,1,0.99,3,REGULAR,REGULAR,NQEX,10308
NAOV,20250717 10:30:15.044000,0,0.97,1,0.99,3,REGULAR,REGULAR,NQEX,10308
NAOV,20250717 10:30:15.044000,0,0.97,1,0.99,3,REGULAR,REGULAR,NQEX,10308
NAOV,20250717 10:30:15.044000,0,0.97,1,0.99,3,REGULAR,REGULAR,NQEX,10308
NAOV,20250717 10:30:15.044000,0,0.97,1,0.99,3,REGULAR,REGULAR,NQEX,10308
NAOV,20250717 10:30:15.044000,0,0.97,1,0.99,3,REGULAR,REGULAR,NQEX,10308
NAOV,20250717 10:30:15.044000,0,0.97,1,0.99,3,REGULAR,REGULAR,NQEX,10308
NAOV,20250717 10:30:15.044000,0,0.97,1,0.99,3,REGULAR,REGULAR,NQEX,10308
NAOV,20250717 10:30:15.049000,0,0.97,1,1,4,REGULAR,REGULAR,NQEX,10305
NAOV,20250717 10:30:15.054000,0,0.97,1,1,3,REGULAR,REGULAR,MEMX,10305
NAOV,20250717 10:30:15.057000,0,0.97,1,1,3,REGULAR,REGULAR,MEMX,10305
NAOV,20250717 10:30:15.058000,0,0.98,1,1,3,REGULAR,REGULAR,EDGX,10305
NAOV,20250717 10:30:15.062000,0,0.99,1,1,3,REGULAR,REGULAR,PACF,10305
NAOV,20250717 10:30:15.062000,0,0.99,1,1,3,REGULAR,REGULAR,PACF,10305
NAOV,20250717 10:30:15.066000,0,0.99,1,1.01,17,REGULAR,REGULAR,NQEX,10247
NAOV,20250717 10:30:15.066000,0,0.99,1,1.01,17,REGULAR,REGULAR,NQEX,10247
NAOV,20250717 10:30:15.066000,0,0.99,1,1.01,17,REGULAR,REGULAR,NQEX,10247
NAOV,20250717 10:30:16.975000,0,1,56,1.01,16,REGULAR,REGULAR,NQEX,10247
NAOV,20250717 10:30:34.624000,0,1,56,1.01,16,REGULAR,REGULAR,NQEX,10247
NAOV,20250717 10:30:48.979000,0,1,56,1.01,16,REGULAR,REGULAR,NQEX,10247
NAOV,20250717 10:31:13.195000,0,1,56,1.01,16,REGULAR,REGULAR,NQEX,10247
NAOV,20250717 10:31:15.168000,0,1,56,1.01,16,REGULAR,REGULAR,NQEX,10247
NAOV,20250717 10:31:37.645000,0,0.98,2,1,2,REGULAR,REGULAR,NQEX,10241
NAOV,20250717 10:31:37.645000,0,0.98,2,1,2,REGULAR,REGULAR,NQEX,10241
NAOV,20250717 10:31:37.645000,0,0.98,2,1,2,REGULAR,REGULAR,NQEX,10241
NAOV,20250717 10:31:37.645000,0,0.98,2,1,2,REGULAR,REGULAR,NQEX,10241
NAOV,20250717 10:31:37.645000,0,0.98,2,1,2,REGULAR,REGULAR,NQEX,10241
NAOV,20250717 10:31:37.645000,0,0.98,2,1,2,REGULAR,REGULAR,NQEX,10241
NAOV,20250717 10:31:37.645000,0,0.98,2,1,2,REGULAR,REGULAR,NQEX,10241
NAOV,20250717 10:32:21.236000,0,0.97,3,1.01,16,REGULAR,REGULAR,NQEX,10247
NAOV,20250717 10:34:09.530000,0,0.97,1,1.01,16,REGULAR,REGULAR,PACF,10247
NAOV,20250717 10:34:09.567000,0,0.97,1,1.01,16,REGULAR,REGULAR,PACF,10247
NAOV,20250717 10:36:51.502000,0,0.98,1,1.01,16,REGULAR,REGULAR,EDGX,10247
NAOV,20250717 10:38:33.756000,0,0.98,1,1.01,16,REGULAR,REGULAR,EDGX,10247
NAOV,20250717 10:39:07.514000,0,0.98,1,1.01,16,REGULAR,REGULAR,EDGX,10247
NAOV,20250717 10:39:07.553000,0,0.98,1,1.01,16,REGULAR,REGULAR,EDGX,10247
NAOV,20250717 10:39:18.536000,0,0.98,1,1.01,16,REGULAR,REGULAR,EDGX,10247
NAOV,20250717 10:40:50.927000,0,0.98,1,1.01,16,REGULAR,REGULAR,EDGX,10247
NAOV,20250717 10:40:50.968000,0,0.98,1,1.01,16,REGULAR,REGULAR,EDGX,10247
NAOV,20250717 10:41:08.259000,0,0.98,1,1.01,16,REGULAR,REGULAR,EDGX,10247
NAOV,20250717 10:41:21.825000,0,0.98,1,1.01,16,REGULAR,REGULAR,EDGX,10247
NAOV,20250717 10:41:40.574000,0,0.98,1,1.01,16,REGULAR,REGULAR,EDGX,10247
NAOV,20250717 10:41:40.622000,0,0.98,1,1.01,16,REGULAR,REGULAR,EDGX,10247
NAOV,20250717 10:42:19.278000,0,0.98,1,1.01,16,REGULAR,REGULAR,EDGX,10247
NAOV,20250717 10:42:19.306000,0,0.98,1,1.01,16,REGULAR,REGULAR,EDGX,10247
NAOV,20250717 10:44:06.791000,0,0.98,1,1.01,16,REGULAR,REGULAR,EDGX,10247
NAOV,20250717 10:44:18.525000,0,0.98,1,1.01,16,REGULAR,REGULAR,EDGX,10247
NAOV,20250717 10:44:28.139000,0,0.98,1,1.01,16,REGULAR,REGULAR,EDGX,10247
NAOV,20250717 10:44:55.489000,0,0.98,1,1.01,16,REGULAR,REGULAR,EDGX,10247
NAOV,20250717 10:45:30.688000,0,0.98,1,1.01,16,REGULAR,REGULAR,EDGX,10247
NAOV,20250717 10:45:36.969000,0,0.98,1,1.01,16,REGULAR,REGULAR,EDGX,10247
NAOV,20250717 10:47:03.205000,0,0.98,1,1.01,16,REGULAR,REGULAR,EDGX,10247
NAOV,20250717 10:47:22.318000,0,0.98,1,1.01,16,REGULAR,REGULAR,EDGX,10247
NAOV,20250717 10:47:55.367000,0,0.98,1,1,4,REGULAR,REGULAR,EDGX,10300
NAOV,20250717 10:48:30.055000,0,0.98,1,1,4,REGULAR,REGULAR,EDGX,10300
NAOV,20250717 10:48:45.625000,0,0.98,1,1,4,REGULAR,REGULAR,EDGX,10300
NAOV,20250717 10:48:59.988000,0,0.98,1,1,4,REGULAR,REGULAR,EDGX,10300
NAOV,20250717 10:51:19.815000,0,0.98,1,1,4,REGULAR,REGULAR,EDGX,10300
NAOV,20250717 10:52:47.409000,0,0.98,1,1,4,REGULAR,REGULAR,EDGX,10300
NAOV,20250717 10:53:11.248000,0,0.98,1,1,10,REGULAR,REGULAR,EDGX,10304
NAOV,20250717 10:53:17.941000,0,0.98,1,1,10,REGULAR,REGULAR,EDGX,10304
NAOV,20250717 10:53:35.611000,0,0.98,1,1,10,REGULAR,REGULAR,EDGX,10304
NAOV,20250717 10:53:41.965000,0,0.98,1,1,10,REGULAR,REGULAR,EDGX,10304
NAOV,20250717 10:54:42.312000,0,0.99,2,1,10,REGULAR,REGULAR,EDGX,10304
NAOV,20250717 10:54:42.312000,0,0.99,2,1,10,REGULAR,REGULAR,EDGX,10304
NAOV,20250717 10:54:42.314000,0,0.99,2,1,10,REGULAR,REGULAR,EDGX,10304
NAOV,20250717 10:54:42.369000,0,0.99,2,1,10,REGULAR,REGULAR,EDGX,10304
NAOV,20250717 10:55:48.349000,0,0.99,1,1,10,REGULAR,REGULAR,PACF,10304
NAOV,20250717 10:55:48.349000,0,0.99,1,1,10,REGULAR,REGULAR,PACF,10304
NAOV,20250717 10:56:34.934000,0,0.99,1,1,10,REGULAR,REGULAR,PACF,10304
NAOV,20250717 10:56:34.940000,0,0.98,1,0.99,1,REGULAR,REGULAR,EDGX,10247
NAOV,20250717 10:56:34.940000,0,0.98,1,0.99,1,REGULAR,REGULAR,EDGX,10247
NAOV,20250717 10:56:34.940000,0,0.98,1,0.99,1,REGULAR,REGULAR,EDGX,10247
NAOV,20250717 10:56:45.943000,0,0.98,1,1,10,REGULAR,REGULAR,EDGX,10304
NAOV,20250717 10:58:11.491000,0,0.98,1,1,10,REGULAR,REGULAR,EDGX,10304
NAOV,20250717 11:00:13.188000,0,0.98,1,1,10,REGULAR,REGULAR,EDGX,10304
NAOV,20250717 11:00:14.549000,0,0.98,1,1,10,REGULAR,REGULAR,EDGX,10304
NAOV,20250717 11:01:18.494000,0,0.98,1,1,10,REGULAR,REGULAR,EDGX,10304
NAOV,20250717 11:03:21.839000,0,0.99,1,1,10,REGULAR,REGULAR,PACF,10304
NAOV,20250717 11:03:55.822000,0,0.99,1,1,10,REGULAR,REGULAR,PACF,10304
NAOV,20250717 11:04:47.353000,0,0.99,1,1,10,REGULAR,REGULAR,PACF,10304
NAOV,20250717 11:05:49.541000,0,0.99,1,1,10,REGULAR,REGULAR,PACF,10304
NAOV,20250717 11:05:49.544000,0,0.99,1,1,10,REGULAR,REGULAR,PACF,10304
NAOV,20250717 11:06:56.637000,0,0.99,1,1,10,REGULAR,REGULAR,PACF,10304
NAOV,20250717 11:06:56.711000,0,0.99,1,1,10,REGULAR,REGULAR,PACF,10304
NAOV,20250717 11:07:11.866000,0,0.99,1,1,10,REGULAR,REGULAR,PACF,10304
NAOV,20250717 11:07:11.866000,0,0.99,1,1,10,REGULAR,REGULAR,PACF,10304
NAOV,20250717 11:07:11.866000,0,0.99,1,1,10,REGULAR,REGULAR,PACF,10304
NAOV,20250717 11:07:11.866000,0,0.99,1,1,10,REGULAR,REGULAR,PACF,10304
NAOV,20250717 11:07:11.867000,0,0.99,1,1,10,REGULAR,REGULAR,PACF,10304
NAOV,20250717 11:08:47.097000,0,0.99,1,1,10,REGULAR,REGULAR,PACF,10304
NAOV,20250717 11:08:47.097000,0,0.99,1,1,10,REGULAR,REGULAR,PACF,10304
NAOV,20250717 11:08:47.097000,0,0.99,1,1,10,REGULAR,REGULAR,PACF,10304
NAOV,20250717 11:09:56.054000,0,0.99,1,1,10,REGULAR,REGULAR,PACF,10304
NAOV,20250717 11:10:06.883000,0,0.99,1,1,10,REGULAR,REGULAR,PACF,10304
NAOV,20250717 11:10:18.335000,0,0.99,1,1,10,REGULAR,REGULAR,PACF,10304
NAOV,20250717 11:10:54.703000,0,0.99,1,1,10,REGULAR,REGULAR,PACF,10304
NAOV,20250717 11:10:59.970000,0,0.99,1,1,10,REGULAR,REGULAR,PACF,10304
NAOV,20250717 11:12:00.207000,0,0.99,8,1,5,REGULAR,REGULAR,PACF,10303
NAOV,20250717 11:12:00.531000,0,0.99,8,1,4,REGULAR,REGULAR,PACF,10300
NAOV,20250717 11:12:00.531000,0,0.99,8,1,4,REGULAR,REGULAR,PACF,10300
NAOV,20250717 11:12:00.532000,0,0.99,1,1,4,REGULAR,REGULAR,PACF,10300
NAOV,20250717 11:12:00.532000,0,0.99,1,1,4,REGULAR,REGULAR,PACF,10300
NAOV,20250717 11:12:03.628000,0,0.99,8,1,4,REGULAR,REGULAR,PACF,10300
NAOV,20250717 11:12:14.892000,0,0.99,1,1,4,REGULAR,REGULAR,PACF,10300
NAOV,20250717 11:12:14.971000,0,0.99,1,1,4,REGULAR,REGULAR,PACF,10300
NAOV,20250717 11:12:27.324000,0,0.99,1,1,4,REGULAR,REGULAR,PACF,10300
NAOV,20250717 11:12:27.384000,0,0.99,1,1,4,REGULAR,REGULAR,PACF,10300
NAOV,20250717 11:12:39.041000,0,0.99,1,1,4,REGULAR,REGULAR,PACF,10300
NAOV,20250717 11:14:42.418000,0,0.99,1,1,4,REGULAR,REGULAR,PACF,10300
NAOV,20250717 11:14:44.569000,0,0.99,1,1,4,REGULAR,REGULAR,PACF,10300
NAOV,20250717 11:14:44.569000,0,0.99,1,1,4,REGULAR,REGULAR,PACF,10300
NAOV,20250717 11:14:44.621000,0,0.99,1,1,4,REGULAR,REGULAR,PACF,10300
NAOV,20250717 11:14:45.038000,0,0.99,1,1,4,REGULAR,REGULAR,PACF,10300
NAOV,20250717 11:14:58.055000,0,0.99,1,1,4,REGULAR,REGULAR,PACF,10300
NAOV,20250717 11:15:04.915000,0,0.99,1,1,4,REGULAR,REGULAR,PACF,10300
NAOV,20250717 11:15:04.993000,0,0.99,1,1,4,REGULAR,REGULAR,PACF,10300
NAOV,20250717 11:15:55.730000,0,0.99,1,1,4,REGULAR,REGULAR,PACF,10300
NAOV,20250717 11:16:15.567000,0,0.99,1,1,4,REGULAR,REGULAR,PACF,10300
NAOV,20250717 11:16:19.040000,0,0.99,1,1,4,REGULAR,REGULAR,PACF,10300
NAOV,20250717 11:16:20.006000,0,0.99,1,1,4,REGULAR,REGULAR,PACF,10300
NAOV,20250717 11:16:21.740000,0,0.99,1,1,4,REGULAR,REGULAR,PACF,10300
NAOV,20250717 11:16:49.393000,0,0.99,1,1,4,REGULAR,REGULAR,PACF,10300
NAOV,20250717 11:19:12.959000,0,0.99,1,0.99,50,REGULAR,REGULAR,PACF,10305
NAOV,20250717 11:19:13.014000,0,0.99,1,0.99,50,REGULAR,REGULAR,PACF,10305
NAOV,20250717 11:19:20.701000,0,0.99,1,0.99,50,REGULAR,REGULAR,PACF,10305
NAOV,20250717 11:19:54.610000,0,0.99,1,1,4,REGULAR,REGULAR,PACF,10300
NAOV,20250717 11:20:01.257000,0,0.99,1,1,4,REGULAR,REGULAR,PACF,10300
NAOV,20250717 11:20:01.306000,0,0.99,1,1,4,REGULAR,REGULAR,PACF,10300
NAOV,20250717 11:20:05.469000,0,0.99,1,1,4,REGULAR,REGULAR,PACF,10300
NAOV,20250717 11:20:05.481000,0,0.99,1,1,4,REGULAR,REGULAR,PACF,10300
NAOV,20250717 11:20:05.481000,0,0.99,1,1,4,REGULAR,REGULAR,PACF,10300
NAOV,20250717 11:20:05.481000,0,0.99,1,1,4,REGULAR,REGULAR,PACF,10300
NAOV,20250717 11:20:05.481000,0,0.99,1,1,4,REGULAR,REGULAR,PACF,10300
NAOV,20250717 11:20:05.482000,0,0.99,1,1,4,REGULAR,REGULAR,PACF,10300
NAOV,20250717 11:20:05.482000,0,0.99,1,1,4,REGULAR,REGULAR,PACF,10300
NAOV,20250717 11:20:05.483000,0,0.99,1,1,4,REGULAR,REGULAR,PACF,10300
NAOV,20250717 11:20:05.483000,0,0.99,1,1,4,REGULAR,REGULAR,PACF,10300
NAOV,20250717 11:20:05.483000,0,0.99,1,1,4,REGULAR,REGULAR,PACF,10300
NAOV,20250717 11:20:05.485000,0,0.99,1,0.99,1,REGULAR,REGULAR,PACF,10247
NAOV,20250717 11:20:05.485000,0,0.99,1,0.99,1,REGULAR,REGULAR,PACF,10247
NAOV,20250717 11:20:05.485000,0,0.99,1,0.99,1,REGULAR,REGULAR,PACF,10247
NAOV,20250717 11:20:05.485000,0,0.99,1,0.99,1,REGULAR,REGULAR,PACF,10247
NAOV,20250717 11:20:05.485000,0,0.99,1,0.99,1,REGULAR,REGULAR,PACF,10247
NAOV,20250717 11:20:05.485000,0,0.99,1,0.99,1,REGULAR,REGULAR,PACF,10247
NAOV,20250717 11:20:13.536000,0,0.99,2,1,4,REGULAR,REGULAR,PACF,10300
NAOV,20250717 11:22:02.231000,0,0.99,2,1,4,REGULAR,REGULAR,PACF,10300
NAOV,20250717 11:22:28.206000,0,0.99,2,1,4,REGULAR,REGULAR,PACF,10300
NAOV,20250717 11:22:28.208000,0,0.99,2,1,4,REGULAR,REGULAR,PACF,10300
NAOV,20250717 11:22:43.559000,0,0.99,2,1,4,REGULAR,REGULAR,PACF,10300
NAOV,20250717 11:25:53.673000,0,0.99,2,1,4,REGULAR,REGULAR,PACF,10300
NAOV,20250717 11:27:51.163000,0,0.99,2,0.99,3,REGULAR,REGULAR,PACF,10313
NAOV,20250717 11:27:51.163000,0,0.99,2,0.99,3,REGULAR,REGULAR,PACF,10313
NAOV,20250717 11:28:08.710000,0,0.99,2,1,5,REGULAR,REGULAR,PACF,10300
NAOV,20250717 11:28:09.074000,0,0.99,2,1,5,REGULAR,REGULAR,PACF,10300
NAOV,20250717 11:29:27.137000,0,0.99,2,1,5,REGULAR,REGULAR,PACF,10300
NAOV,20250717 11:29:27.235000,0,0.99,2,1,5,REGULAR,REGULAR,PACF,10300
NAOV,20250717 11:29:36.084000,0,0.99,2,1,5,REGULAR,REGULAR,PACF,10300
NAOV,20250717 11:31:25.515000,0,0.99,1,1,5,REGULAR,REGULAR,PACF,10300
NAOV,20250717 11:32:57.471000,0,0.99,1,1,5,REGULAR,REGULAR,PACF,10300
NAOV,20250717 11:35:39.154000,0,0.99,1,1,4,REGULAR,REGULAR,PACF,10300
NAOV,20250717 11:35:57.066000,0,0.99,1,1,4,REGULAR,REGULAR,PACF,10300
NAOV,20250717 11:36:10.986000,0,0.99,1,1,4,REGULAR,REGULAR,PACF,10300
NAOV,20250717 11:38:41.461000,0,0.99,1,1,4,REGULAR,REGULAR,PACF,10300
NAOV,20250717 11:38:58.075000,0,0.99,1,1,4,REGULAR,REGULAR,PACF,10300
NAOV,20250717 11:38:58.075000,0,0.99,1,1,4,REGULAR,REGULAR,PACF,10300
NAOV,20250717 11:38:58.075000,0,0.99,1,1,4,REGULAR,REGULAR,PACF,10300
NAOV,20250717 11:38:58.075000,0,0.99,1,1,4,REGULAR,REGULAR,PACF,10300
NAOV,20250717 11:38:58.075000,0,0.99,1,1,4,REGULAR,REGULAR,PACF,10300
NAOV,20250717 11:39:06.090000,0,0.99,1,1,4,REGULAR,REGULAR,PACF,10300
NAOV,20250717 11:43:03.297000,0,0.99,15,1,4,REGULAR,REGULAR,EDGE,10300
NAOV,20250717 11:45:23.705000,0,0.99,15,1,4,REGULAR,REGULAR,EDGE,10300
NAOV,20250717 11:46:27.372000,0,0.99,15,1,4,REGULAR,REGULAR,EDGE,10300
NAOV,20250717 11:48:17.564000,0,0.99,2,1,4,REGULAR,REGULAR,EDGX,10300
NAOV,20250717 11:48:17.603000,0,0.99,2,1,4,REGULAR,REGULAR,EDGX,10300
NAOV,20250717 11:48:51.721000,0,0.99,2,1,4,REGULAR,REGULAR,EDGX,10300
NAOV,20250717 11:48:59.833000,0,0.99,2,1,4,REGULAR,REGULAR,NQEX,10300
NAOV,20250717 11:48:59.833000,0,0.99,2,1,4,REGULAR,REGULAR,NQEX,10300
NAOV,20250717 11:48:59.833000,0,0.99,2,1,4,REGULAR,REGULAR,NQEX,10300
NAOV,20250717 11:48:59.834000,0,0.99,2,1.01,20,REGULAR,REGULAR,NQEX,10304
NAOV,20250717 11:48:59.834000,0,0.99,2,1.01,20,REGULAR,REGULAR,NQEX,10304
NAOV,20250717 11:48:59.834000,0,0.99,2,1.01,20,REGULAR,REGULAR,NQEX,10304
NAOV,20250717 11:48:59.834000,0,0.99,2,1.01,20,REGULAR,REGULAR,NQEX,10304
NAOV,20250717 11:48:59.882000,0,0.99,2,1.01,20,REGULAR,REGULAR,NQEX,10304
NAOV,20250717 11:49:50.598000,0,1,3,1.01,20,REGULAR,REGULAR,EDGX,10304
NAOV,20250717 11:49:50.598000,0,1,3,1.01,20,REGULAR,REGULAR,EDGX,10304
NAOV,20250717 11:50:40.733000,0,1,3,1.01,20,REGULAR,REGULAR,EDGX,10304
NAOV,20250717 11:50:40.783000,0,1,3,1.01,20,REGULAR,REGULAR,EDGX,10304
NAOV,20250717 11:50:41.223000,0,1,3,1.01,20,REGULAR,REGULAR,EDGX,10304
NAOV,20250717 11:51:24.396000,0,1,3,1.01,20,REGULAR,REGULAR,EDGX,10304
NAOV,20250717 11:51:24.485000,0,1,3,1.01,20,REGULAR,REGULAR,EDGX,10304
NAOV,20250717 11:51:27.011000,0,1,3,1.01,20,REGULAR,REGULAR,EDGX,10304
NAOV,20250717 11:51:50.083000,0,1,3,1.01,20,REGULAR,REGULAR,EDGX,10304
NAOV,20250717 11:51:50.083000,0,1,3,1.01,20,REGULAR,REGULAR,EDGX,10304
NAOV,20250717 11:51:50.083000,0,1,3,1.01,20,REGULAR,REGULAR,EDGX,10304
NAOV,20250717 11:51:50.229000,0,1,3,1.01,20,REGULAR,REGULAR,EDGX,10304
NAOV,20250717 11:53:10.979000,0,1,3,1.01,20,REGULAR,REGULAR,EDGX,10304
NAOV,20250717 11:53:30.336000,0,1,3,1.01,20,REGULAR,REGULAR,EDGX,10304
NAOV,20250717 11:53:30.390000,0,1,3,1.01,20,REGULAR,REGULAR,EDGX,10304
NAOV,20250717 11:53:44.381000,0,1,3,1.01,20,REGULAR,REGULAR,EDGX,10304
NAOV,20250717 11:53:44.425000,0,1,3,1.01,20,REGULAR,REGULAR,EDGX,10304
NAOV,20250717 11:53:56.082000,0,1,3,1.01,20,REGULAR,REGULAR,EDGX,10304
NAOV,20250717 11:54:59.421000,0,1,3,1.01,20,REGULAR,REGULAR,EDGX,10304
NAOV,20250717 11:55:07.224000,0,1,3,1.01,20,REGULAR,REGULAR,EDGX,10304
NAOV,20250717 11:55:07.276000,0,1,3,1.01,20,REGULAR,REGULAR,EDGX,10304
NAOV,20250717 11:55:43.223000,0,1,3,1.01,20,REGULAR,REGULAR,EDGX,10304
NAOV,20250717 11:55:43.269000,0,1,3,1.01,20,REGULAR,REGULAR,EDGX,10304
NAOV,20250717 11:58:38.205000,0,1,3,1.01,20,REGULAR,REGULAR,EDGX,10304
NAOV,20250717 11:59:32.299000,0,1,3,1.01,20,REGULAR,REGULAR,EDGX,10304
NAOV,20250717 12:00:37.302000,0,1,3,1.01,20,REGULAR,REGULAR,EDGX,10304
NAOV,20250717 12:00:50.991000,0,1,3,1.01,20,REGULAR,REGULAR,EDGX,10304
NAOV,20250717 12:01:27.807000,0,1,3,1.01,20,REGULAR,REGULAR,EDGX,10304
NAOV,20250717 12:02:49.537000,0,0.99,1,1.01,23,REGULAR,REGULAR,EDGX,10247
NAOV,20250717 12:02:49.537000,0,0.99,1,1.01,23,REGULAR,REGULAR,EDGX,10247
NAOV,20250717 12:02:49.540000,0,0.99,1,1,2,REGULAR,REGULAR,EDGX,10247
NAOV,20250717 12:02:50.538000,0,0.99,1,1.01,20,REGULAR,REGULAR,EDGX,10304
NAOV,20250717 12:04:15.023000,0,0.99,1,1.01,20,REGULAR,REGULAR,EDGX,10304
NAOV,20250717 12:04:16.271000,0,0.99,1,1.01,20,REGULAR,REGULAR,EDGX,10304
NAOV,20250717 12:04:21.866000,0,0.99,1,1.01,20,REGULAR,REGULAR,EDGX,10304
NAOV,20250717 12:04:49.627000,0,0.99,1,1.01,20,REGULAR,REGULAR,EDGX,10304
NAOV,20250717 12:04:49.669000,0,0.99,1,1.01,20,REGULAR,REGULAR,EDGX,10304
NAOV,20250717 12:06:52.378000,0,0.99,8,1.01,20,REGULAR,REGULAR,EDGX,10304
NAOV,20250717 12:08:31.853000,0,0.99,9,1.01,20,REGULAR,REGULAR,EDGX,10304
NAOV,20250717 12:08:31.887000,0,0.99,9,1.01,20,REGULAR,REGULAR,EDGX,10304
NAOV,20250717 12:08:59.211000,0,0.99,9,1.01,20,REGULAR,REGULAR,EDGX,10304
NAOV,20250717 12:11:50.509000,0,1,2,1.01,20,REGULAR,REGULAR,PACF,10304
NAOV,20250717 12:11:50.509000,0,1,2,1.01,20,REGULAR,REGULAR,PACF,10304
NAOV,20250717 12:11:50.509000,0,1,2,1.01,20,REGULAR,REGULAR,PACF,10304
NAOV,20250717 12:11:55.622000,0,1,2,1.01,20,REGULAR,REGULAR,PACF,10304
NAOV,20250717 12:11:55.661000,0,1,2,1.01,20,REGULAR,REGULAR,PACF,10304
NAOV,20250717 12:11:55.865000,0,1,2,1.01,20,REGULAR,REGULAR,PACF,10304
NAOV,20250717 12:11:55.865000,0,1,2,1.01,20,REGULAR,REGULAR,PACF,10304
NAOV,20250717 12:11:55.866000,0,1,2,1.01,20,REGULAR,REGULAR,PACF,10304
NAOV,20250717 12:11:55.866000,0,1,2,1.01,20,REGULAR,REGULAR,PACF,10304
NAOV,20250717 12:11:55.866000,0,1,2,1.01,20,REGULAR,REGULAR,PACF,10304
NAOV,20250717 12:11:55.866000,0,1,2,1.01,20,REGULAR,REGULAR,PACF,10304
NAOV,20250717 12:11:55.866000,0,1,2,1.01,20,REGULAR,REGULAR,PACF,10304
NAOV,20250717 12:11:55.870000,0,1,2,1.01,20,REGULAR,REGULAR,PACF,10304
NAOV,20250717 12:13:12.324000,0,1,1,1.01,20,REGULAR,REGULAR,PACF,10304
NAOV,20250717 12:16:11.230000,0,1,1,1.01,20,REGULAR,REGULAR,PACF,10304
NAOV,20250717 12:16:43.182000,0,1,1,1.01,20,REGULAR,REGULAR,PACF,10304
NAOV,20250717 12:16:43.184000,0,1,1,1.01,20,REGULAR,REGULAR,PACF,10304
NAOV,20250717 12:16:43.498000,0,1,1,1.01,20,REGULAR,REGULAR,PACF,10304
NAOV,20250717 12:18:09.986000,0,1,1,1.01,20,REGULAR,REGULAR,PACF,10304
NAOV,20250717 12:21:21.607000,0,1,1,1.01,20,REGULAR,REGULAR,PACF,10304
NAOV,20250717 12:21:47.290000,0,1,1,1.01,20,REGULAR,REGULAR,PACF,10304
NAOV,20250717 12:21:47.353000,0,1,1,1.01,20,REGULAR,REGULAR,PACF,10304
NAOV,20250717 12:23:44.540000,0,1,1,1.01,20,REGULAR,REGULAR,PACF,10304
NAOV,20250717 12:23:44.542000,0,1,1,1.01,20,REGULAR,REGULAR,PACF,10304
NAOV,20250717 12:23:44.542000,0,1,1,1.01,20,REGULAR,REGULAR,PACF,10304
NAOV,20250717 12:23:44.542000,0,1,1,1.01,20,REGULAR,REGULAR,PACF,10304
NAOV,20250717 12:23:44.542000,0,1,1,1.01,20,REGULAR,REGULAR,PACF,10304
NAOV,20250717 12:23:44.542000,0,1,1,1.01,20,REGULAR,REGULAR,PACF,10304
NAOV,20250717 12:23:44.542000,0,1,1,1.01,20,REGULAR,REGULAR,PACF,10304
NAOV,20250717 12:23:44.542000,0,1,1,1.01,20,REGULAR,REGULAR,PACF,10304
NAOV,20250717 12:26:03.878000,0,1,1,1.01,20,REGULAR,REGULAR,PACF,10304
NAOV,20250717 12:26:05.566000,0,1,1,1.01,20,REGULAR,REGULAR,PACF,10304
NAOV,20250717 12:29:56.349000,0,1,1,1.01,20,REGULAR,REGULAR,PACF,10304
NAOV,20250717 12:31:13.543000,0,1,1,1.01,20,REGULAR,REGULAR,PACF,10304
NAOV,20250717 12:32:12.679000,0,1,1,1.01,20,REGULAR,REGULAR,PACF,10304
NAOV,20250717 12:35:33.477000,0,1,1,1.01,46,REGULAR,REGULAR,PACF,10247
NAOV,20250717 12:35:33.487000,0,1,2,1.01,45,REGULAR,REGULAR,PACF,10247
NAOV,20250717 12:35:33.487000,0,1,2,1.01,45,REGULAR,REGULAR,PACF,10247
NAOV,20250717 12:38:57.012000,0,1,2,1.01,45,REGULAR,REGULAR,PACF,10247
NAOV,20250717 12:39:21.823000,0,1,1,1.01,52,REGULAR,REGULAR,PACF,10247
NAOV,20250717 12:39:21.823000,0,1,1,1.01,52,REGULAR,REGULAR,PACF,10247
NAOV,20250717 12:39:21.823000,0,1,1,1.01,52,REGULAR,REGULAR,PACF,10247
NAOV,20250717 12:39:21.823000,0,1,1,1.01,52,REGULAR,REGULAR,PACF,10247
NAOV,20250717 12:39:21.823000,0,1,1,1.01,52,REGULAR,REGULAR,PACF,10247
NAOV,20250717 12:39:21.823000,0,1,1,1.01,52,REGULAR,REGULAR,PACF,10247
NAOV,20250717 12:39:21.823000,0,1,1,1.01,52,REGULAR,REGULAR,PACF,10247
NAOV,20250717 12:39:21.823000,0,1,1,1.01,52,REGULAR,REGULAR,PACF,10247
NAOV,20250717 12:41:48.016000,0,1,1,1.01,47,REGULAR,REGULAR,PACF,10247
NAOV,20250717 12:41:48.782000,0,1,2,1.01,45,REGULAR,REGULAR,PACF,10247
NAOV,20250717 12:47:45.041000,0,1,1,1.01,45,REGULAR,REGULAR,NQEX,10247
NAOV,20250717 12:49:30.582000,0,1,1,1.01,45,REGULAR,REGULAR,PACF,10247
NAOV,20250717 12:49:54.716000,0,1,2,1.01,47,REGULAR,REGULAR,PACF,10247
NAOV,20250717 12:50:14.580000,0,1,2,1.01,42,REGULAR,REGULAR,PACF,10247
NAOV,20250717 12:50:14.580000,0,1,2,1.01,42,REGULAR,REGULAR,PACF,10247
NAOV,20250717 12:50:14.580000,0,1,2,1.01,42,REGULAR,REGULAR,PACF,10247
NAOV,20250717 12:50:14.580000,0,1,2,1.01,42,REGULAR,REGULAR,PACF,10247
NAOV,20250717 12:50:36.598000,0,1,3,1.01,43,REGULAR,REGULAR,PACF,10247
NAOV,20250717 12:50:36.599000,0,1,3,1.01,43,REGULAR,REGULAR,PACF,10247
NAOV,20250717 12:50:49.688000,0,1,3,1.01,43,REGULAR,REGULAR,PACF,10247
NAOV,20250717 13:00:15.966000,0,1,3,1.01,41,REGULAR,REGULAR,PACF,10247
NAOV,20250717 13:00:18.612000,0,1,3,1.01,41,REGULAR,REGULAR,PACF,10247
NAOV,20250717 13:00:18.612000,0,1,3,1.01,41,REGULAR,REGULAR,PACF,10247
NAOV,20250717 13:00:18.612000,0,1,3,1.01,41,REGULAR,REGULAR,PACF,10247
NAOV,20250717 13:00:18.612000,0,1,3,1.01,41,REGULAR,REGULAR,PACF,10247
NAOV,20250717 13:00:18.612000,0,1,3,1.01,41,REGULAR,REGULAR,PACF,10247
NAOV,20250717 13:00:18.661000,0,1,8,1.01,41,REGULAR,REGULAR,PACF,10247
NAOV,20250717 13:01:25.425000,0,1,2,1.01,41,REGULAR,REGULAR,PACF,10247
NAOV,20250717 13:01:25.425000,0,1,2,1.01,41,REGULAR,REGULAR,PACF,10247
NAOV,20250717 13:01:26.560000,0,1,5,1.01,41,REGULAR,REGULAR,PACF,10247
NAOV,20250717 13:01:41.226000,0,1,5,1.01,41,REGULAR,REGULAR,PACF,10247
NAOV,20250717 13:01:54.408000,0,1,5,1.01,41,REGULAR,REGULAR,PACF,10247
NAOV,20250717 13:01:54.457000,0,1,5,1.01,41,REGULAR,REGULAR,PACF,10247
NAOV,20250717 13:02:05.413000,0,1,5,1.01,41,REGULAR,REGULAR,PACF,10247
NAOV,20250717 13:02:16.535000,0,1,5,1.01,40,REGULAR,REGULAR,PACF,10247
NAOV,20250717 13:02:16.535000,0,1,5,1.01,40,REGULAR,REGULAR,PACF,10247
NAOV,20250717 13:02:16.592000,0,1,5,1.01,40,REGULAR,REGULAR,PACF,10247
NAOV,20250717 13:04:50.963000,0,1,5,1.01,40,REGULAR,REGULAR,PACF,10247
NAOV,20250717 13:04:51.022000,0,1,5,1.01,40,REGULAR,REGULAR,PACF,10247
NAOV,20250717 13:06:33.630000,0,1,5,1.01,40,REGULAR,REGULAR,PACF,10247
NAOV,20250717 13:06:33.670000,0,1,5,1.01,40,REGULAR,REGULAR,PACF,10247
NAOV,20250717 13:08:53.821000,0,1,5,1.01,40,REGULAR,REGULAR,PACF,10247
NAOV,20250717 13:12:10.086000,0,1,5,1.01,40,REGULAR,REGULAR,PACF,10247
NAOV,20250717 13:12:10.192000,0,1,5,1.01,40,REGULAR,REGULAR,PACF,10247
NAOV,20250717 13:14:02.976000,0,1,5,1.01,40,REGULAR,REGULAR,PACF,10247
NAOV,20250717 13:14:02.977000,0,1,5,1.01,40,REGULAR,REGULAR,PACF,10247
NAOV,20250717 13:14:02.977000,0,1,5,1.01,40,REGULAR,REGULAR,PACF,10247
NAOV,20250717 13:14:02.986000,0,1,5,1.01,40,REGULAR,REGULAR,PACF,10247
NAOV,20250717 13:14:03.134000,0,1,5,1.01,40,REGULAR,REGULAR,PACF,10247
NAOV,20250717 13:14:52.644000,0,1,5,1.01,40,REGULAR,REGULAR,PACF,10247
NAOV,20250717 13:14:52.644000,0,1,5,1.01,40,REGULAR,REGULAR,PACF,10247
NAOV,20250717 13:16:44.287000,0,1,2,1.01,40,REGULAR,REGULAR,PACF,10247
NAOV,20250717 13:17:31.730000,0,1,3,1.01,40,REGULAR,REGULAR,PACF,10247
NAOV,20250717 13:17:42.690000,0,1,3,1.01,40,REGULAR,REGULAR,PACF,10247
NAOV,20250717 13:17:42.699000,0,1,3,1.01,40,REGULAR,REGULAR,PACF,10247
NAOV,20250717 13:17:42.699000,0,1,3,1.01,40,REGULAR,REGULAR,PACF,10247
NAOV,20250717 13:17:42.699000,0,1,3,1.01,40,REGULAR,REGULAR,PACF,10247
NAOV,20250717 13:17:42.699000,0,1,3,1.01,40,REGULAR,REGULAR,PACF,10247
NAOV,20250717 13:17:42.699000,0,1,3,1.01,40,REGULAR,REGULAR,PACF,10247
NAOV,20250717 13:17:42.756000,0,1,3,1.01,44,REGULAR,REGULAR,PACF,10247
NAOV,20250717 13:17:47.325000,0,1,3,1.01,40,REGULAR,REGULAR,PACF,10247
NAOV,20250717 13:17:47.326000,0,1,3,1.01,40,REGULAR,REGULAR,PACF,10247
NAOV,20250717 13:17:47.327000,0,1,2,1.01,44,REGULAR,REGULAR,PACF,10247
NAOV,20250717 13:17:47.327000,0,1,2,1.01,44,REGULAR,REGULAR,PACF,10247
NAOV,20250717 13:17:47.327000,0,1,2,1.01,44,REGULAR,REGULAR,PACF,10247
NAOV,20250717 13:17:47.327000,0,1,2,1.01,44,REGULAR,REGULAR,PACF,10247
NAOV,20250717 13:17:47.385000,0,1,2,1.01,40,REGULAR,REGULAR,PACF,10247
NAOV,20250717 13:18:52.929000,0,1,1,1.01,40,REGULAR,REGULAR,PACF,10247
NAOV,20250717 13:18:52.929000,0,1,1,1.01,40,REGULAR,REGULAR,PACF,10247
NAOV,20250717 13:18:52.929000,0,1,1,1.01,40,REGULAR,REGULAR,PACF,10247
NAOV,20250717 13:18:52.929000,0,1,1,1.01,40,REGULAR,REGULAR,PACF,10247
NAOV,20250717 13:18:52.929000,0,1,1,1.01,40,REGULAR,REGULAR,PACF,10247
NAOV,20250717 13:18:52.982000,0,1,1,1.01,40,REGULAR,REGULAR,PACF,10247
NAOV,20250717 13:18:53.745000,0,1,1,1.01,40,REGULAR,REGULAR,PACF,10247
NAOV,20250717 13:18:59.686000,0,1,2,1.01,40,REGULAR,REGULAR,PACF,10247
NAOV,20250717 13:19:03.155000,0,1,2,1.01,40,REGULAR,REGULAR,PACF,10247
NAOV,20250717 13:19:43.828000,0,1,2,1.01,40,REGULAR,REGULAR,PACF,10247
NAOV,20250717 13:19:43.828000,0,1,2,1.01,40,REGULAR,REGULAR,PACF,10247
NAOV,20250717 13:20:05.072000,0,1,1,1.01,40,REGULAR,REGULAR,PACF,10247
NAOV,20250717 13:20:05.072000,0,1,1,1.01,40,REGULAR,REGULAR,PACF,10247
NAOV,20250717 13:21:15.549000,0,1,1,1.01,40,REGULAR,REGULAR,PACF,10247
NAOV,20250717 13:21:15.550000,0,0.99,1,1,3,REGULAR,REGULAR,EDGX,10247
NAOV,20250717 13:21:15.550000,0,0.99,1,1,3,REGULAR,REGULAR,EDGX,10247
NAOV,20250717 13:21:15.550000,0,0.99,1,1,3,REGULAR,REGULAR,EDGX,10247
NAOV,20250717 13:21:15.550000,0,0.99,1,1,3,REGULAR,REGULAR,EDGX,10247
NAOV,20250717 13:21:38.006000,0,0.99,1,1,4,REGULAR,REGULAR,EDGX,10305
NAOV,20250717 13:21:38.006000,0,0.99,1,1,4,REGULAR,REGULAR,EDGX,10305
NAOV,20250717 13:25:08.870000,0,0.99,1,1,4,REGULAR,REGULAR,EDGX,10305
NAOV,20250717 13:33:04.520000,0,0.99,9,1,4,REGULAR,REGULAR,EDGE,10305
NAOV,20250717 13:34:49.599000,0,0.99,9,1.01,40,REGULAR,REGULAR,EDGE,10247
NAOV,20250717 13:36:27.458000,0,0.99,9,1.01,40,REGULAR,REGULAR,EDGE,10247
NAOV,20250717 13:36:36.919000,0,0.99,9,1.01,40,REGULAR,REGULAR,EDGE,10247
NAOV,20250717 13:39:13.555000,0,0.99,9,1.01,40,REGULAR,REGULAR,EDGE,10247
NAOV,20250717 13:40:20.064000,0,0.99,9,1.01,40,REGULAR,REGULAR,EDGE,10247
NAOV,20250717 13:40:20.191000,0,0.99,9,1.01,40,REGULAR,REGULAR,EDGE,10247
NAOV,20250717 13:41:27.359000,0,0.99,9,1.01,40,REGULAR,REGULAR,EDGE,10247
NAOV,20250717 13:42:43.124000,0,0.99,9,1.01,40,REGULAR,REGULAR,EDGE,10247
NAOV,20250717 13:47:22.544000,0,0.99,9,1.01,40,REGULAR,REGULAR,EDGE,10247
NAOV,20250717 13:47:56.741000,0,0.99,9,1.01,40,REGULAR,REGULAR,EDGE,10247
NAOV,20250717 13:48:34.546000,0,0.99,9,1.01,40,REGULAR,REGULAR,EDGE,10247
NAOV,20250717 13:48:59.091000,0,0.99,9,1.01,40,REGULAR,REGULAR,EDGE,10247
NAOV,20250717 13:50:01.113000,0,0.99,10,1.01,20,REGULAR,REGULAR,EDGE,10247
NAOV,20250717 13:50:01.113000,0,0.99,10,1.01,20,REGULAR,REGULAR,EDGE,10247
NAOV,20250717 13:50:01.113000,0,0.99,10,1.01,20,REGULAR,REGULAR,EDGE,10247
NAOV,20250717 13:50:01.113000,0,0.99,10,1.01,20,REGULAR,REGULAR,EDGE,10247
NAOV,20250717 13:51:01.444000,0,0.99,9,1.01,21,REGULAR,REGULAR,EDGE,10247
NAOV,20250717 13:51:23.713000,0,0.99,9,1.01,21,REGULAR,REGULAR,EDGE,10247
NAOV,20250717 13:51:46.449000,0,0.99,9,1.01,21,REGULAR,REGULAR,EDGE,10247
NAOV,20250717 13:53:16.179000,0,0.99,9,1.01,20,REGULAR,REGULAR,EDGE,10304
NAOV,20250717 13:53:21.023000,0,0.99,9,1,13,REGULAR,REGULAR,EDGE,10241
NAOV,20250717 13:53:27.543000,0,0.99,9,1,13,REGULAR,REGULAR,EDGE,10241
NAOV,20250717 13:53:27.585000,0,0.99,9,1,13,REGULAR,REGULAR,EDGE,10241
NAOV,20250717 13:56:17.595000,0,0.99,39,1.01,22,REGULAR,REGULAR,IEX,10247
NAOV,20250717 13:56:17.595000,0,0.99,39,1.01,22,REGULAR,REGULAR,IEX,10247
NAOV,20250717 13:56:19.191000,0,0.99,40,1.01,21,REGULAR,REGULAR,IEX,10247
NAOV,20250717 13:56:22.467000,0,0.99,40,1.01,21,REGULAR,REGULAR,IEX,10247
NAOV,20250717 13:56:23.236000,0,0.99,40,1.01,21,REGULAR,REGULAR,IEX,10247
NAOV,20250717 13:56:46.609000,0,0.99,9,1.01,20,REGULAR,REGULAR,EDGE,10304
NAOV,20250717 13:56:46.653000,0,0.99,9,1.01,20,REGULAR,REGULAR,EDGE,10304
NAOV,20250717 13:57:08.773000,0,0.99,9,1.01,20,REGULAR,REGULAR,EDGE,10304
NAOV,20250717 13:57:08.818000,0,0.99,9,1.01,20,REGULAR,REGULAR,EDGE,10304
NAOV,20250717 13:57:39.879000,0,0.99,9,1.01,20,REGULAR,REGULAR,EDGE,10304
NAOV,20250717 13:57:40.536000,0,0.99,9,1.01,20,REGULAR,REGULAR,EDGE,10304
NAOV,20250717 13:59:15.789000,0,0.99,9,1.01,21,REGULAR,REGULAR,EDGE,10247
NAOV,20250717 14:00:14.094000,0,0.99,9,1.01,21,REGULAR,REGULAR,EDGE,10247
NAOV,20250717 14:00:38.189000,0,0.99,9,1.01,22,REGULAR,REGULAR,EDGE,10247
NAOV,20250717 14:00:38.193000,0,0.99,9,1.01,22,REGULAR,REGULAR,EDGE,10247
NAOV,20250717 14:02:41.676000,0,1,1,1.01,20,REGULAR,REGULAR,BATS,10304
NAOV,20250717 14:03:53.328000,0,1,1,1.01,20,REGULAR,REGULAR,BATS,10304
NAOV,20250717 14:04:17.888000,0,1,1,1.01,20,REGULAR,REGULAR,BATS,10304
NAOV,20250717 14:07:53.639000,0,1,5,1.01,20,REGULAR,REGULAR,PACF,10304
NAOV,20250717 14:07:53.639000,0,1,5,1.01,20,REGULAR,REGULAR,PACF,10304
NAOV,20250717 14:07:53.639000,0,1,5,1.01,20,REGULAR,REGULAR,PACF,10304
NAOV,20250717 14:08:04.686000,0,1,12,1.01,23,REGULAR,REGULAR,PACF,10247
NAOV,20250717 14:08:49.027000,0,1,11,1.01,21,REGULAR,REGULAR,PACF,10247
NAOV,20250717 14:09:27.496000,0,1,11,1.01,21,REGULAR,REGULAR,PACF,10247
NAOV,20250717 14:09:27.499000,0,1,11,1.01,21,REGULAR,REGULAR,PACF,10247
NAOV,20250717 14:09:30.730000,0,1,11,1.01,21,REGULAR,REGULAR,PACF,10247
NAOV,20250717 14:09:32.681000,0,1,11,1.01,21,REGULAR,REGULAR,PACF,10247
NAOV,20250717 14:10:54.236000,0,1,11,1.01,21,REGULAR,REGULAR,PACF,10247
NAOV,20250717 14:10:54.237000,0,1,11,1.01,21,REGULAR,REGULAR,PACF,10247
NAOV,20250717 14:10:54.278000,0,1,11,1.01,21,REGULAR,REGULAR,PACF,10247
NAOV,20250717 14:12:05.242000,0,1,11,1.01,21,REGULAR,REGULAR,PACF,10247
NAOV,20250717 14:12:05.244000,0,1,11,1.01,21,REGULAR,REGULAR,PACF,10247
NAOV,20250717 14:12:05.246000,0,1,11,1.01,21,REGULAR,REGULAR,PACF,10247
NAOV,20250717 14:12:05.273000,0,1,11,1.01,21,REGULAR,REGULAR,PACF,10247
NAOV,20250717 14:12:39.419000,0,1,22,1.02,103,REGULAR,REGULAR,PACF,10241
NAOV,20250717 14:12:39.419000,0,1,22,1.02,103,REGULAR,REGULAR,PACF,10241
NAOV,20250717 14:12:39.419000,0,1,22,1.02,103,REGULAR,REGULAR,PACF,10241
NAOV,20250717 14:12:39.419000,0,1,22,1.02,103,REGULAR,REGULAR,PACF,10241
NAOV,20250717 14:12:39.419000,0,1,22,1.02,103,REGULAR,REGULAR,PACF,10241
NAOV,20250717 14:12:39.419000,0,1,22,1.02,103,REGULAR,REGULAR,PACF,10241
NAOV,20250717 14:12:39.419000,0,1,22,1.02,103,REGULAR,REGULAR,PACF,10241
NAOV,20250717 14:12:39.419000,0,1,22,1.02,103,REGULAR,REGULAR,PACF,10241
NAOV,20250717 14:12:39.419000,0,1,22,1.02,103,REGULAR,REGULAR,PACF,10241
NAOV,20250717 14:12:39.419000,0,1,22,1.02,103,REGULAR,REGULAR,PACF,10241
NAOV,20250717 14:12:39.419000,0,1,22,1.02,103,REGULAR,REGULAR,PACF,10241
NAOV,20250717 14:12:39.419000,0,1,22,1.02,103,REGULAR,REGULAR,PACF,10241
NAOV,20250717 14:12:39.419000,0,1,22,1.02,103,REGULAR,REGULAR,PACF,10241
NAOV,20250717 14:12:39.419000,0,1,22,1.02,103,REGULAR,REGULAR,PACF,10241
NAOV,20250717 14:12:39.463000,0,1,17,1.02,103,REGULAR,REGULAR,PACF,10241
NAOV,20250717 14:12:39.886000,0,1,17,1.02,103,REGULAR,REGULAR,PACF,10241
NAOV,20250717 14:12:39.886000,0,1,17,1.02,103,REGULAR,REGULAR,PACF,10241
NAOV,20250717 14:13:04.073000,0,1,11,1.02,103,REGULAR,REGULAR,PACF,10241
NAOV,20250717 14:13:30.423000,0,1,11,1.02,103,REGULAR,REGULAR,PACF,10241
NAOV,20250717 14:13:37.881000,0,1,11,1.02,103,REGULAR,REGULAR,PACF,10241
NAOV,20250717 14:13:55.450000,0,1,11,1.02,103,REGULAR,REGULAR,PACF,10241
NAOV,20250717 14:14:09.587000,0,1,11,1.02,103,REGULAR,REGULAR,PACF,10241
NAOV,20250717 14:14:39.045000,0,1,11,1.02,103,REGULAR,REGULAR,PACF,10241
NAOV,20250717 14:14:39.046000,0,1,11,1.02,103,REGULAR,REGULAR,PACF,10241
NAOV,20250717 14:14:39.171000,0,1,11,1.02,103,REGULAR,REGULAR,PACF,10241
NAOV,20250717 14:14:54.146000,0,1,11,1.02,103,REGULAR,REGULAR,PACF,10241
NAOV,20250717 14:15:02.628000,0,1,11,1.02,103,REGULAR,REGULAR,PACF,10241
NAOV,20250717 14:15:06.865000,0,1,11,1.02,103,REGULAR,REGULAR,PACF,10241
NAOV,20250717 14:15:07.521000,0,1,11,1.02,103,REGULAR,REGULAR,PACF,10241
NAOV,20250717 14:15:10.634000,0,1,11,1.02,103,REGULAR,REGULAR,PACF,10241
NAOV,20250717 14:16:03.423000,0,1,6,1.02,103,REGULAR,REGULAR,MEMX,10241
NAOV,20250717 14:16:08.916000,0,1,6,1.02,103,REGULAR,REGULAR,MEMX,10241
NAOV,20250717 14:16:32.474000,0,1,6,1.02,103,REGULAR,REGULAR,MEMX,10241
NAOV,20250717 14:19:35.561000,0,1,6,1.02,135,REGULAR,REGULAR,MEMX,10305
NAOV,20250717 14:20:36.775000,0,1,6,1.02,136,REGULAR,REGULAR,MEMX,10305
NAOV,20250717 14:20:50.436000,0,1,6,1.02,136,REGULAR,REGULAR,MEMX,10305
NAOV,20250717 14:20:50.466000,0,1,6,1.02,136,REGULAR,REGULAR,MEMX,10305
NAOV,20250717 14:22:28.174000,0,1.01,1,1.02,136,REGULAR,REGULAR,PACF,10305
NAOV,20250717 14:23:26.653000,0,1.01,1,1.02,136,REGULAR,REGULAR,PACF,10305
NAOV,20250717 14:23:26.743000,0,1.01,1,1.02,136,REGULAR,REGULAR,PACF,10305
NAOV,20250717 14:23:59.597000,0,1.01,1,1.02,136,REGULAR,REGULAR,PACF,10305
NAOV,20250717 14:23:59.600000,0,1.01,1,1.02,136,REGULAR,REGULAR,PACF,10305
NAOV,20250717 14:23:59.601000,0,1.01,1,1.02,136,REGULAR,REGULAR,PACF,10305
NAOV,20250717 14:23:59.656000,0,1.01,1,1.02,136,REGULAR,REGULAR,PACF,10305
NAOV,20250717 14:26:49.008000,0,1.01,1,1.02,152,REGULAR,REGULAR,PACF,10305
NAOV,20250717 14:26:49.138000,0,1.01,1,1.02,152,REGULAR,REGULAR,PACF,10305
NAOV,20250717 14:27:05.808000,0,1.01,1,1.02,152,REGULAR,REGULAR,PACF,10305
NAOV,20250717 14:27:57.195000,0,1.01,1,1.02,152,REGULAR,REGULAR,PACF,10305
NAOV,20250717 14:28:05.365000,0,1.01,1,1.02,136,REGULAR,REGULAR,PACF,10305
NAOV,20250717 14:28:05.403000,0,1.01,1,1.02,136,REGULAR,REGULAR,PACF,10305
NAOV,20250717 14:28:57.093000,0,1.01,1,1.02,136,REGULAR,REGULAR,PACF,10305
NAOV,20250717 14:28:57.093000,0,1.01,1,1.02,136,REGULAR,REGULAR,PACF,10305
NAOV,20250717 14:28:57.094000,0,1.01,1,1.02,136,REGULAR,REGULAR,PACF,10305
NAOV,20250717 14:28:57.094000,0,1.01,1,1.02,136,REGULAR,REGULAR,PACF,10305
NAOV,20250717 14:28:57.094000,0,1.01,1,1.02,136,REGULAR,REGULAR,PACF,10305
NAOV,20250717 14:28:57.096000,0,1.01,1,1.02,136,REGULAR,REGULAR,PACF,10305
NAOV,20250717 14:28:57.096000,0,1.01,1,1.02,136,REGULAR,REGULAR,PACF,10305
NAOV,20250717 14:28:57.103000,0,1.01,1,1.02,136,REGULAR,REGULAR,PACF,10305
NAOV,20250717 14:28:57.104000,0,1,10,1.01,7,REGULAR,REGULAR,EDGX,10305
NAOV,20250717 14:28:57.104000,0,1,10,1.01,7,REGULAR,REGULAR,EDGX,10305
NAOV,20250717 14:28:57.104000,0,1,10,1.01,7,REGULAR,REGULAR,EDGX,10305
NAOV,20250717 14:28:57.104000,0,1,10,1.01,7,REGULAR,REGULAR,EDGX,10305
NAOV,20250717 14:28:57.113000,0,1,10,1.01,5,REGULAR,REGULAR,EDGX,10305
NAOV,20250717 14:28:57.115000,0,1,10,1.01,5,REGULAR,REGULAR,EDGX,10305
NAOV,20250717 14:28:57.115000,0,1,10,1.01,5,REGULAR,REGULAR,EDGX,10305
NAOV,20250717 14:30:13.490000,0,1,14,1.01,36,REGULAR,REGULAR,PACF,10241
NAOV,20250717 14:35:29.022000,0,1,10,1.01,36,REGULAR,REGULAR,EDGX,10241
NAOV,20250717 14:36:32.331000,0,1,10,1.01,36,REGULAR,REGULAR,EDGX,10241
NAOV,20250717 14:37:09.193000,0,1,10,1.01,36,REGULAR,REGULAR,EDGX,10241
NAOV,20250717 14:37:51.485000,0,1,10,1.01,36,REGULAR,REGULAR,EDGX,10241
NAOV,20250717 14:38:44.860000,0,1,17,1.01,36,REGULAR,REGULAR,EDGX,10241
NAOV,20250717 14:40:42.509000,0,1,10,1.01,37,REGULAR,REGULAR,EDGX,10241
NAOV,20250717 14:41:29.984000,0,1,10,1.01,37,REGULAR,REGULAR,EDGX,10241
NAOV,20250717 14:41:58.714000,0,1,10,1.01,37,REGULAR,REGULAR,EDGX,10241
NAOV,20250717 14:43:29.914000,0,1,10,1.01,37,REGULAR,REGULAR,EDGX,10241
NAOV,20250717 14:43:29.967000,0,1,10,1.01,37,REGULAR,REGULAR,EDGX,10241
NAOV,20250717 14:44:27.047000,0,1,10,1.01,37,REGULAR,REGULAR,EDGX,10241
NAOV,20250717 14:44:27.174000,0,1,10,1.01,37,REGULAR,REGULAR,EDGX,10241
NAOV,20250717 14:50:12.013000,0,1,10,1.01,36,REGULAR,REGULAR,EDGX,10241
NAOV,20250717 14:50:15.018000,0,1,12,1.01,34,REGULAR,REGULAR,EDGX,10241
NAOV,20250717 14:52:33.703000,0,1,10,1.01,34,REGULAR,REGULAR,EDGX,10241
NAOV,20250717 14:52:33.703000,0,1,10,1.01,34,REGULAR,REGULAR,EDGX,10241
NAOV,20250717 14:52:33.703000,0,1,10,1.01,34,REGULAR,REGULAR,EDGX,10241
NAOV,20250717 14:52:33.703000,0,1,10,1.01,34,REGULAR,REGULAR,EDGX,10241
NAOV,20250717 14:52:33.749000,0,1,10,1.01,34,REGULAR,REGULAR,EDGX,10241
NAOV,20250717 14:52:51.897000,0,1,21,1.01,34,REGULAR,REGULAR,EDGX,10241
NAOV,20250717 14:58:19.729000,0,1,10,1.01,52,REGULAR,REGULAR,EDGX,10305
NAOV,20250717 14:58:19.730000,0,1,10,1.01,52,REGULAR,REGULAR,EDGX,10305
NAOV,20250717 15:02:55.181000,0,1,10,1.01,52,REGULAR,REGULAR,EDGX,10305
NAOV,20250717 15:04:27.105000,0,1,10,1.01,52,REGULAR,REGULAR,EDGX,10305
NAOV,20250717 15:06:31.720000,0,1,10,1.01,52,REGULAR,REGULAR,EDGX,10305
NAOV,20250717 15:06:36.543000,0,1,10,1.01,52,REGULAR,REGULAR,EDGX,10305
NAOV,20250717 15:08:57.972000,0,1,10,1.01,52,REGULAR,REGULAR,EDGX,10305
NAOV,20250717 15:09:34.543000,0,1,10,1.01,52,REGULAR,REGULAR,EDGX,10305
NAOV,20250717 15:09:56.604000,0,1,10,1.01,52,REGULAR,REGULAR,EDGX,10305
NAOV,20250717 15:09:56.605000,0,1,10,1.01,52,REGULAR,REGULAR,EDGX,10305
NAOV,20250717 15:09:56.655000,0,1,10,1.01,52,REGULAR,REGULAR,EDGX,10305
NAOV,20250717 15:10:42.842000,0,1,10,1.01,52,REGULAR,REGULAR,EDGX,10305
NAOV,20250717 15:10:47.097000,0,1,10,1.01,52,REGULAR,REGULAR,EDGX,10305
NAOV,20250717 15:10:47.098000,0,1,10,1.01,52,REGULAR,REGULAR,EDGX,10305
NAOV,20250717 15:10:47.197000,0,1,10,1.01,52,REGULAR,REGULAR,EDGX,10305
NAOV,20250717 15:10:47.287000,0,1,10,1.01,52,REGULAR,REGULAR,EDGX,10305
NAOV,20250717 15:11:29.872000,0,1,10,1.01,52,REGULAR,REGULAR,EDGX,10305
NAOV,20250717 15:11:29.919000,0,1,10,1.01,52,REGULAR,REGULAR,EDGX,10305
NAOV,20250717 15:13:17.714000,0,1,10,1.01,52,REGULAR,REGULAR,EDGX,10305
NAOV,20250717 15:13:39.653000,0,1,10,1.01,52,REGULAR,REGULAR,EDGX,10305
NAOV,20250717 15:13:58.068000,0,1,10,1.01,52,REGULAR,REGULAR,EDGX,10305
NAOV,20250717 15:13:58.076000,0,1,10,1.01,52,REGULAR,REGULAR,EDGX,10305
NAOV,20250717 15:14:29.641000,0,1,10,1.01,52,REGULAR,REGULAR,EDGX,10305
NAOV,20250717 15:16:38.032000,0,1,10,1.01,52,REGULAR,REGULAR,EDGX,10305
NAOV,20250717 15:17:51.045000,0,1,10,1.01,52,REGULAR,REGULAR,EDGX,10305
NAOV,20250717 15:20:23.320000,0,1,10,1.01,52,REGULAR,REGULAR,EDGX,10305
NAOV,20250717 15:21:17.267000,0,1,10,1.01,52,REGULAR,REGULAR,EDGX,10305
NAOV,20250717 15:21:56.336000,0,1,10,1.01,52,REGULAR,REGULAR,EDGX,10305
NAOV,20250717 15:23:27.433000,0,1,10,1.01,52,REGULAR,REGULAR,EDGX,10305
NAOV,20250717 15:23:27.749000,0,1,10,1.01,52,REGULAR,REGULAR,EDGX,10305
NAOV,20250717 15:24:53.824000,0,1,11,1.01,52,REGULAR,REGULAR,EDGX,10305
NAOV,20250717 15:24:53.881000,0,1,11,1.01,52,REGULAR,REGULAR,EDGX,10305
NAOV,20250717 15:25:26.620000,0,1,10,1.01,52,REGULAR,REGULAR,EDGX,10305
NAOV,20250717 15:25:53.189000,0,1,10,1.01,52,REGULAR,REGULAR,EDGX,10305
NAOV,20250717 15:26:17.124000,0,1,10,1.01,52,REGULAR,REGULAR,EDGX,10305
NAOV,20250717 15:28:53.825000,0,1,10,1.01,52,REGULAR,REGULAR,EDGX,10305
NAOV,20250717 15:29:08.084000,0,1,10,1.01,35,REGULAR,REGULAR,EDGX,10241
NAOV,20250717 15:29:08.085000,0,1,10,1.01,35,REGULAR,REGULAR,EDGX,10241
NAOV,20250717 15:29:08.085000,0,1,10,1.01,35,REGULAR,REGULAR,EDGX,10241
NAOV,20250717 15:29:08.085000,0,1,10,1.01,35,REGULAR,REGULAR,EDGX,10241
NAOV,20250717 15:29:08.085000,0,1,10,1.01,35,REGULAR,REGULAR,EDGX,10241
NAOV,20250717 15:29:08.211000,0,1,10,1.01,35,REGULAR,REGULAR,EDGX,10241
NAOV,20250717 15:29:09.547000,0,1,10,1.01,35,REGULAR,REGULAR,EDGX,10241
NAOV,20250717 15:30:27.051000,0,1,10,1.01,35,REGULAR,REGULAR,EDGX,10241
NAOV,20250717 15:31:34.887000,0,1,10,1.01,35,REGULAR,REGULAR,EDGX,10241
NAOV,20250717 15:34:42.604000,0,1,10,1.01,35,REGULAR,REGULAR,EDGX,10241
NAOV,20250717 15:34:56.345000,0,1,10,1.01,35,REGULAR,REGULAR,EDGX,10241
NAOV,20250717 15:35:51.794000,0,1,10,1.01,38,REGULAR,REGULAR,EDGX,10241
NAOV,20250717 15:37:37.966000,0,1,10,1.01,38,REGULAR,REGULAR,EDGX,10241
NAOV,20250717 15:39:06.811000,0,1,10,1.01,34,REGULAR,REGULAR,EDGX,10241
NAOV,20250717 15:39:06.811000,0,1,10,1.01,34,REGULAR,REGULAR,EDGX,10241
NAOV,20250717 15:39:06.811000,0,1,10,1.01,34,REGULAR,REGULAR,EDGX,10241
NAOV,20250717 15:39:06.812000,0,1,10,1.01,34,REGULAR,REGULAR,EDGX,10241
NAOV,20250717 15:39:18.377000,0,1,10,1.01,34,REGULAR,REGULAR,EDGX,10241
NAOV,20250717 15:39:37.529000,0,1,15,1.01,34,REGULAR,REGULAR,NQEX,10241
NAOV,20250717 15:40:20.467000,0,1,13,1.01,34,REGULAR,REGULAR,NQEX,10241
NAOV,20250717 15:41:06.806000,0,1,13,1.01,34,REGULAR,REGULAR,NQEX,10241
NAOV,20250717 15:41:06.874000,0,1,13,1.01,34,REGULAR,REGULAR,NQEX,10241
NAOV,20250717 15:41:45.930000,0,1,13,1.01,34,REGULAR,REGULAR,NQEX,10241
NAOV,20250717 15:43:25.624000,0,1,11,1.01,34,REGULAR,REGULAR,NQEX,10241
NAOV,20250717 15:43:51.987000,0,1,11,1.01,34,REGULAR,REGULAR,NQEX,10241
NAOV,20250717 15:44:07.262000,0,1,11,1.01,34,REGULAR,REGULAR,NQEX,10241
NAOV,20250717 15:44:25.143000,0,1,11,1.01,34,REGULAR,REGULAR,NQEX,10241
NAOV,20250717 15:44:53.352000,0,1,11,1.01,34,REGULAR,REGULAR,NQEX,10241
NAOV,20250717 15:45:04.908000,0,1,11,1.01,34,REGULAR,REGULAR,NQEX,10241
NAOV,20250717 15:46:23.261000,0,1,11,1.01,34,REGULAR,REGULAR,NQEX,10241
NAOV,20250717 15:46:36.623000,0,1,11,1.01,34,REGULAR,REGULAR,NQEX,10241
NAOV,20250717 15:47:01.570000,0,1,11,1.01,34,REGULAR,REGULAR,NQEX,10241
NAOV,20250717 15:47:01.571000,0,1,11,1.01,34,REGULAR,REGULAR,NQEX,10241
NAOV,20250717 15:48:17.119000,0,1,11,1.01,34,REGULAR,REGULAR,NQEX,10241
NAOV,20250717 15:48:22.786000,0,1,11,1.01,34,REGULAR,REGULAR,NQEX,10241
NAOV,20250717 15:48:44.164000,0,1,11,1.01,34,REGULAR,REGULAR,NQEX,10241
NAOV,20250717 15:49:25.646000,0,1,11,1.01,34,REGULAR,REGULAR,NQEX,10241
NAOV,20250717 15:49:25.801000,0,1,11,1.01,34,REGULAR,REGULAR,NQEX,10241
NAOV,20250717 15:49:36.138000,0,1,11,1.01,34,REGULAR,REGULAR,NQEX,10241
NAOV,20250717 15:49:36.392000,0,1,11,1.01,34,REGULAR,REGULAR,NQEX,10241
NAOV,20250717 15:50:54.615000,0,1,11,1.01,34,REGULAR,REGULAR,NQEX,10241
NAOV,20250717 15:52:15.917000,0,1,11,1.01,34,REGULAR,REGULAR,NQEX,10241
NAOV,20250717 15:52:26.119000,0,1,11,1.01,34,REGULAR,REGULAR,NQEX,10241
NAOV,20250717 15:52:26.132000,0,1,11,1.01,34,REGULAR,REGULAR,NQEX,10241
NAOV,20250717 15:52:26.139000,0,1,11,1.01,34,REGULAR,REGULAR,NQEX,10241
NAOV,20250717 15:52:26.142000,0,1,11,1.01,34,REGULAR,REGULAR,NQEX,10241
NAOV,20250717 15:52:26.350000,0,1,11,1.01,34,REGULAR,REGULAR,NQEX,10241
NAOV,20250717 15:52:28.543000,0,1,11,1.01,34,REGULAR,REGULAR,NQEX,10241
NAOV,20250717 15:53:09.073000,0,1,13,1.01,29,REGULAR,REGULAR,NQEX,10241
NAOV,20250717 15:53:09.074000,0,1,13,1.01,29,REGULAR,REGULAR,NQEX,10241
NAOV,20250717 15:53:09.237000,0,1,13,1.01,29,REGULAR,REGULAR,NQEX,10241
NAOV,20250717 15:53:15.000000,0,1,13,1.01,29,REGULAR,REGULAR,NQEX,10241
NAOV,20250717 15:53:15.173000,0,1,13,1.01,29,REGULAR,REGULAR,NQEX,10241
NAOV,20250717 15:53:24.013000,0,1,11,1.01,28,REGULAR,REGULAR,NQEX,10241
NAOV,20250717 15:53:24.016000,0,1,11,1.01,28,REGULAR,REGULAR,NQEX,10241
NAOV,20250717 15:53:24.207000,0,1,11,1.01,28,REGULAR,REGULAR,NQEX,10241
NAOV,20250717 15:53:55.577000,0,1,13,1.01,25,REGULAR,REGULAR,NQEX,10241
NAOV,20250717 15:53:55.577000,0,1,13,1.01,25,REGULAR,REGULAR,NQEX,10241
NAOV,20250717 15:53:55.584000,0,1,13,1.01,25,REGULAR,REGULAR,NQEX,10241
NAOV,20250717 15:53:55.679000,0,1,13,1.01,25,REGULAR,REGULAR,NQEX,10241
NAOV,20250717 15:54:54.510000,0,1,12,1.01,23,REGULAR,REGULAR,NQEX,10241
NAOV,20250717 15:54:55.053000,0,1,12,1.01,23,REGULAR,REGULAR,NQEX,10241
NAOV,20250717 15:55:05.322000,0,1,12,1.01,13,REGULAR,REGULAR,NQEX,10241
NAOV,20250717 15:55:06.898000,0,1,12,1.01,13,REGULAR,REGULAR,NQEX,10241
NAOV,20250717 15:55:16.885000,0,1,12,1.01,13,REGULAR,REGULAR,NQEX,10241
NAOV,20250717 15:55:16.963000,0,1,12,1.01,13,REGULAR,REGULAR,NQEX,10241
NAOV,20250717 15:55:19.313000,0,1,12,1.01,13,REGULAR,REGULAR,NQEX,10241
NAOV,20250717 15:55:19.313000,0,1,12,1.01,13,REGULAR,REGULAR,NQEX,10241
NAOV,20250717 15:55:19.313000,0,1,12,1.01,13,REGULAR,REGULAR,NQEX,10241
NAOV,20250717 15:55:19.314000,0,1,12,1.01,13,REGULAR,REGULAR,NQEX,10241
NAOV,20250717 15:55:19.314000,0,1,12,1.01,13,REGULAR,REGULAR,NQEX,10241
NAOV,20250717 15:55:19.315000,0,1,12,1.01,13,REGULAR,REGULAR,NQEX,10241
NAOV,20250717 15:55:19.324000,0,1,12,1.01,13,REGULAR,REGULAR,NQEX,10241
NAOV,20250717 15:55:20.918000,0,1,12,1.01,13,REGULAR,REGULAR,NQEX,10241
NAOV,20250717 15:55:33.800000,0,1,11,1.02,150,REGULAR,REGULAR,NQEX,10241
NAOV,20250717 15:55:33.800000,0,1,11,1.02,150,REGULAR,REGULAR,NQEX,10241
NAOV,20250717 15:55:33.800000,0,1,11,1.02,150,REGULAR,REGULAR,NQEX,10241
NAOV,20250717 15:55:33.800000,0,1,11,1.02,150,REGULAR,REGULAR,NQEX,10241
NAOV,20250717 15:55:33.800000,0,1,11,1.02,150,REGULAR,REGULAR,NQEX,10241
NAOV,20250717 15:55:42.593000,0,1,11,1.01,13,REGULAR,REGULAR,NQEX,10241
NAOV,20250717 15:57:44.863000,0,1,12,1.01,28,REGULAR,REGULAR,NQEX,10241
NAOV,20250717 15:58:03.520000,0,1,12,1.01,28,REGULAR,REGULAR,NQEX,10241
NAOV,20250717 15:58:04.494000,0,1,15,1.01,28,REGULAR,REGULAR,NQEX,10241
NAOV,20250717 15:58:15.460000,0,1,15,1.01,13,REGULAR,REGULAR,NQEX,10241
NAOV,20250717 15:58:15.460000,0,1,15,1.01,13,REGULAR,REGULAR,NQEX,10241
NAOV,20250717 15:58:15.460000,0,1,15,1.01,13,REGULAR,REGULAR,NQEX,10241
NAOV,20250717 15:58:15.461000,0,1,15,1.01,13,REGULAR,REGULAR,NQEX,10241
NAOV,20250717 15:58:15.461000,0,1,15,1.01,13,REGULAR,REGULAR,NQEX,10241
NAOV,20250717 15:58:15.461000,0,1,15,1.01,13,REGULAR,REGULAR,NQEX,10241
NAOV,20250717 15:58:15.462000,0,1,15,1.01,13,REGULAR,REGULAR,NQEX,10241
NAOV,20250717 15:58:15.462000,0,1,15,1.01,13,REGULAR,REGULAR,NQEX,10241
NAOV,20250717 15:58:15.462000,0,1,15,1.01,13,REGULAR,REGULAR,NQEX,10241
NAOV,20250717 15:58:15.464000,0,1,15,1.01,13,REGULAR,REGULAR,NQEX,10241
NAOV,20250717 15:58:15.464000,0,1,15,1.01,13,REGULAR,REGULAR,NQEX,10241
NAOV,20250717 15:58:15.464000,0,1,15,1.01,13,REGULAR,REGULAR,NQEX,10241
NAOV,20250717 15:58:15.466000,0,1,15,1.01,13,REGULAR,REGULAR,NQEX,10241
NAOV,20250717 15:58:15.467000,0,1,15,1.01,13,REGULAR,REGULAR,NQEX,10241
NAOV,20250717 15:58:15.485000,0,1,15,1.01,13,REGULAR,REGULAR,NQEX,10241
NAOV,20250717 15:58:15.486000,0,1,15,1.01,13,REGULAR,REGULAR,NQEX,10241
NAOV,20250717 15:58:15.509000,0,1,15,1.01,13,REGULAR,REGULAR,NQEX,10241
NAOV,20250717 15:58:15.510000,0,1,15,1.01,13,REGULAR,REGULAR,NQEX,10241
NAOV,20250717 15:58:15.752000,0,1,15,1.01,13,REGULAR,REGULAR,NQEX,10241
NAOV,20250717 15:58:15.758000,0,1,15,1.01,13,REGULAR,REGULAR,NQEX,10241
NAOV,20250717 15:58:17.356000,0,1,12,1.01,13,REGULAR,REGULAR,NQEX,10241
NAOV,20250717 15:58:20.291000,0,1,12,1.01,13,REGULAR,REGULAR,NQEX,10241
NAOV,20250717 15:59:14.455000,0,1,12,1.01,11,REGULAR,REGULAR,NQEX,10241
NAOV,20250717 15:59:14.892000,0,1,12,1.01,11,REGULAR,REGULAR,NQEX,10241
NAOV,20250717 15:59:38.256000,0,1,12,1.01,11,REGULAR,REGULAR,NQEX,10241
NAOV,20250717 16:00:00.050000,0,1,17,1.01,11,REGULAR,REGULAR,NQEX,10241
NAOV,20250717 16:00:00.180000,0,1,17,1.01,11,REGULAR,REGULAR,NQEX,10241
NAOV,20250717 16:00:00.180000,0,1,17,1.01,11,REGULAR,REGULAR,NQEX,10241
NAOV,20250717 16:05:40.000000,0,0.99,1,1.01,3,REGULAR,REGULAR,PACF,10247
NAOV,20250717 16:05:40.000000,0,0.99,1,1.01,3,REGULAR,REGULAR,PACF,10247
NAOV,20250717 16:06:06.072000,0,0.99,1,1.01,3,REGULAR,REGULAR,PACF,10247
NAOV,20250717 16:06:57.178000,0,0.99,1,1.01,3,REGULAR,REGULAR,PACF,10247
NAOV,20250717 16:10:11.337000,0,0.99,1,1.01,3,REGULAR,REGULAR,PACF,10247
NAOV,20250717 16:20:24.757000,0,0.99,1,1.01,3,BID_ASK_AUTO_EXEC,REGULAR,BATS,10247
NAOV,20250717 16:24:29.090000,0,1,1,1.02,86,REGULAR,REGULAR,EDGX,10305
NAOV,20250717 16:24:29.090000,0,1,1,1.02,86,REGULAR,REGULAR,EDGX,10305
NAOV,20250717 16:24:29.090000,0,1,1,1.02,86,REGULAR,REGULAR,EDGX,10305
NAOV,20250717 16:26:22.205000,0,0.99,1,1.02,86,BID_ASK_AUTO_EXEC,REGULAR,BATS,10305
NAOV,20250717 16:31:47.046000,0,0.99,1,1.02,86,BID_ASK_AUTO_EXEC,REGULAR,BATS,10305
NAOV,20250717 16:33:50.953000,0,1,1,1.02,86,REGULAR,REGULAR,EDGX,10305
NAOV,20250717 16:33:50.953000,0,1,1,1.02,86,REGULAR,REGULAR,EDGX,10305
NAOV,20250717 16:38:39.208000,0,0.99,1,1.02,86,BID_ASK_AUTO_EXEC,REGULAR,BATS,10305
NAOV,20250717 16:50:47.378000,0,0.99,11,1.01,6,REGULAR,REGULAR,BATS,10300
NAOV,20250717 16:51:14.714000,0,0.99,1,1.01,6,REGULAR,REGULAR,BATS,10300
NAOV,20250717 16:53:32.943000,0,0.99,1,1.01,6,REGULAR,REGULAR,BATS,10300
NAOV,20250717 16:56:51.291000,0,0.99,1,1.01,6,REGULAR,REGULAR,BATS,10300
NAOV,20250717 16:57:47.911000,0,0.99,1,1.01,6,REGULAR,REGULAR,BATS,10300
NAOV,20250717 16:57:47.912000,0,0.99,1,1.01,6,REGULAR,REGULAR,BATS,10300
NAOV,20250717 17:02:03.738000,0,0.99,1,0.99,9,REGULAR,REGULAR,PACF,10305
NAOV,20250717 17:05:34.920000,0,0.99,1,0.99,9,REGULAR,REGULAR,PACF,10305
NAOV,20250717 17:13:54.061000,0,0.99,1,0.99,9,REGULAR,REGULAR,PACF,10305
NAOV,20250717 17:37:22.284000,0,0.99,1,0.99,2,REGULAR,REGULAR,PACF,10247
NAOV,20250717 17:39:11.392000,0,0.99,1,0.99,2,REGULAR,REGULAR,PACF,10247
NAOV,20250717 17:48:52.264000,0,0.99,1,0.99,2,REGULAR,REGULAR,PACF,10247
NAOV,20250717 17:48:52.265000,0,0.99,1,0.99,2,REGULAR,REGULAR,PACF,10247
NAOV,20250717 17:48:52.265000,0,0.99,1,0.99,2,REGULAR,REGULAR,PACF,10247
NAOV,20250717 17:48:52.265000,0,0.99,1,0.99,2,REGULAR,REGULAR,PACF,10247
NAOV,20250717 17:48:52.265000,0,0.99,1,0.99,2,REGULAR,REGULAR,PACF,10247
NAOV,20250717 17:48:52.265000,0,0.99,1,0.99,2,REGULAR,REGULAR,PACF,10247
NAOV,20250717 17:48:52.265000,0,0.99,1,0.99,2,REGULAR,REGULAR,PACF,10247
NAOV,20250717 17:48:52.266000,0,0.99,1,0.99,1,REGULAR,REGULAR,PACF,10247
NAOV,20250717 17:49:07.545000,0,0.99,1,0.99,9,REGULAR,REGULAR,PACF,10305
NAOV,20250717 17:50:07.901000,0,0.99,1,0.99,9,REGULAR,REGULAR,PACF,10305
NAOV,20250717 17:52:36.470000,0,0.99,1,0.99,9,REGULAR,REGULAR,PACF,10305
NAOV,20250717 17:55:37.839000,0,0.99,1,0.99,9,REGULAR,REGULAR,PACF,10305
NAOV,20250717 18:09:20.605000,0,0.99,1,0.99,9,REGULAR,REGULAR,PACF,10305
NAOV,20250717 18:15:03.336000,0,0.98,2,0.99,9,REGULAR,REGULAR,PACF,10305
NAOV,20250717 18:30:37.423000,0,0.98,2,0.99,9,REGULAR,REGULAR,PACF,10305
NAOV,20250717 18:37:50.514000,0,0.98,2,0.99,9,REGULAR,REGULAR,PACF,10305
NAOV,20250717 18:40:39.564000,0,0.98,2,0.99,9,REGULAR,REGULAR,PACF,10305
NAOV,20250717 19:06:10.310000,0,0.98,2,0.99,9,REGULAR,REGULAR,PACF,10305
NAOV,20250717 19:13:43.270000,0,0.98,3,0.99,9,REGULAR,REGULAR,PACF,10305
NAOV,20250717 19:13:57.260000,0,0.98,3,0.99,9,REGULAR,REGULAR,PACF,10305
NAOV,20250717 19:14:08.421000,0,0.98,2,0.99,8,REGULAR,REGULAR,PACF,10305
NAOV,20250717 19:14:10.268000,0,0.98,3,0.99,8,REGULAR,REGULAR,PACF,10305
NAOV,20250717 19:14:10.268000,0,0.98,3,0.99,8,REGULAR,REGULAR,PACF,10305
NAOV,20250717 19:14:10.268000,0,0.98,3,0.99,8,REGULAR,REGULAR,PACF,10305
NAOV,20250717 19:14:10.268000,0,0.98,3,0.99,8,REGULAR,REGULAR,PACF,10305
NAOV,20250717 19:14:10.273000,0,0.98,3,0.99,8,REGULAR,REGULAR,PACF,10305
NAOV,20250717 19:24:49.215000,0,0.98,6,0.99,8,REGULAR,REGULAR,PACF,10305
NAOV,20250717 19:41:08.993000,0,0.98,8,0.99,8,REGULAR,REGULAR,EDGX,10305
NAOV,20250717 19:44:38.738000,0,0.98,8,0.99,8,REGULAR,REGULAR,EDGX,10305
