SymbolId,TradeTime,Index,Size,TotalVolume,Price,ReportingExchange,TradeCondition
SUNE,20250717 04:38:24.500000,418310,1,1,1.62,EDGX,12545
SUNE,20250717 04:43:25.500000,457373,2,3,1.62,EDGX,12545
SUNE,20250717 05:21:41.416000,731168,1,4,1.62,PACF,12545
SUNE,20250717 05:21:45.628000,731384,1,5,1.62,PACF,12545
SUNE,20250717 05:22:09.341000,733486,1,6,1.62,PACF,12545
SUNE,20250717 05:22:25.776000,734912,1,7,1.62,PACF,12545
SUNE,20250717 05:23:41.426000,742323,7,14,1.62,EDGX,12545
SUNE,20250717 05:30:13.876000,788286,3,17,1.62,EDGX,12545
SUNE,20250717 05:46:57.389000,879045,10,27,1.62,PACF,12545
SUNE,20250717 06:08:00.212000,1002461,14,41,1.62,PACF,12545
SUNE,20250717 06:50:32.894000,1334524,60,101,1.64,EDGX,12545
SUNE,20250717 07:00:07.885000,1423983,143,244,1.66,EDGX,12545
SUNE,20250717 07:00:07.948000,1424013,48,492,1.66,EDGX,12545
SUNE,20250717 07:00:07.948000,1424012,200,444,1.66,EDGX,12545
SUNE,20250717 07:20:38.873000,1698180,1,493,1.66,EDGX,12545
SUNE,20250717 07:23:22.086000,1720805,1,494,1.66,PACF,12545
SUNE,20250717 07:24:43.505000,1735796,17,511,1.66,EDGX,12545
SUNE,20250717 07:24:43.505000,1735797,31,542,1.66,EDGX,12545
SUNE,20250717 08:00:01.211000,2130002,54,596,1.67,NTRF,12545
SUNE,20250717 08:00:02.622000,2179138,100,696,1.66,NQNX,12545
SUNE,20250717 08:00:05.284000,2221911,2,698,1.67,NTRF,12545
SUNE,20250717 08:00:07.247000,2270347,1,699,1.66,NQNX,12545
SUNE,20250717 08:00:07.415000,2274593,127,826,1.62,NQNX,12545
SUNE,20250717 08:00:07.550000,2277679,1,827,1.61,NQNX,12545
SUNE,20250717 08:00:07.576000,2278431,2,829,1.62,NQNX,12545
SUNE,20250717 08:00:07.580000,2278527,1,830,1.62,NQNX,12545
SUNE,20250717 08:02:22.774000,2502611,20,850,1.62,NQNX,12545
SUNE,20250717 08:03:09.499000,2518521,1,851,1.62,NTRF,12545
SUNE,20250717 08:06:09.847000,2581040,1,852,1.67,NQNX,12545
SUNE,20250717 08:06:51.561000,2593439,598,1450,1.66,NQNX,12545
SUNE,20250717 08:07:39.706000,2606105,7,1472,1.65,PACF,12545
SUNE,20250717 08:07:39.706000,2606104,14,1465,1.65,PACF,12545
SUNE,20250717 08:07:39.706000,2606103,1,1451,1.64,EDGX,12545
SUNE,20250717 08:11:38.000000,2680004,1,1473,1.66,NQNX,12545
SUNE,20250717 08:11:38.000000,2680005,199,1672,1.66,NQNX,12545
SUNE,20250717 08:11:51.753000,2683715,11,1683,1.63,NQNX,12545
SUNE,20250717 08:12:32.646000,2695267,55,1738,1.63,EDGX,12545
SUNE,20250717 08:24:22.991000,2899105,4,1742,1.65,PACF,12545
SUNE,20250717 08:25:06.644000,2908616,200,1942,1.63,PACF,12545
SUNE,20250717 08:30:36.507000,2998328,200,2142,1.63,NQNX,12545
SUNE,20250717 08:31:59.084000,3032411,2,2144,1.62,NQNX,12545
SUNE,20250717 08:34:50.377000,3101847,24,2168,1.63,EDGX,12545
SUNE,20250717 08:34:50.379000,3101849,476,2644,1.62,NTRF,12545
SUNE,20250717 08:35:35.233000,3124159,1,2645,1.62,NQNX,12545
SUNE,20250717 08:37:37.289000,3182219,10,2655,1.63,NQNX,12545
SUNE,20250717 08:41:14.855000,3279296,186,2841,1.62,PACF,12545
SUNE,20250717 08:41:14.855000,3279297,14,2855,1.62,PACF,12545
SUNE,20250717 08:41:55.261000,3296094,1,2856,1.63,NQEX,12545
SUNE,20250717 08:58:09.226000,3684795,200,3056,1.63,NQNX,12545
SUNE,20250717 09:01:24.060000,3763733,799,3855,1.62,NQNX,12545
SUNE,20250717 09:05:11.212000,3852737,20,3875,1.62,PACF,12545
SUNE,20250717 09:05:15.867000,3854648,1,3876,1.62,NQNX,12545
SUNE,20250717 09:05:33.205000,3861311,700,4576,1.65,NTRF,12545
SUNE,20250717 09:13:49.979000,4035272,5,4581,1.64,NQNX,12545
SUNE,20250717 09:17:27.899000,4114588,42,4623,1.64,PACF,12545
SUNE,20250717 09:20:16.057000,4176206,100,4723,1.65,NQNX,12545
SUNE,20250717 09:22:15.313000,4229813,32,4923,1.65,NQEX,12545
SUNE,20250717 09:22:15.313000,4229812,18,4891,1.64,NQEX,12545
SUNE,20250717 09:22:15.313000,4229811,150,4873,1.65,PACF,12545
SUNE,20250717 09:22:57.172000,4248133,200,5123,1.64,NQNX,12545
SUNE,20250717 09:25:17.368000,4316281,1,5124,1.62,NQNX,12545
SUNE,20250717 09:25:29.231000,4323043,20,5144,1.62,NQNX,12545
SUNE,20250717 09:30:00.839000,4491813,1310,6454,1.64,NQEX,12606
SUNE,20250717 09:30:00.839000,4491814,1310,7764,1.64,NQEX,12610
SUNE,20250717 09:30:00.853000,4492718,199,7963,1.64,NQNX,12544
SUNE,20250717 09:30:06.120000,4680904,1,7964,1.63,BTRF,12659
SUNE,20250717 09:31:37.044000,5242453,1,7965,1.64,NQNX,12659
SUNE,20250717 09:33:27.466000,5810186,1,7966,1.64,NQNX,12659
SUNE,20250717 09:33:46.210000,5896906,4,7970,1.64,NQNX,12659
SUNE,20250717 09:35:58.653000,6494921,100,8070,1.64,NQNX,12544
SUNE,20250717 09:37:29.707000,6862725,300,8370,1.64,NQNX,12544
SUNE,20250717 09:37:37.107000,6888576,500,8870,1.64,NQNX,12544
SUNE,20250717 09:38:21.314000,7043454,10,8880,1.64,NTRF,12659
SUNE,20250717 09:41:12.465000,7621185,128,9008,1.64,NQEX,12639
SUNE,20250717 09:41:12.465000,7621187,56,9120,1.64,PACF,12610
SUNE,20250717 09:41:12.465000,7621186,56,9064,1.64,PACF,12659
SUNE,20250717 09:41:12.466000,7621191,159,9279,1.64,PACF,12639
SUNE,20250717 09:41:12.466000,7621194,40,9319,1.64,NQNX,12659
SUNE,20250717 09:41:17.176000,7637587,72,9519,1.64,NQEX,12659
SUNE,20250717 09:41:17.176000,7637585,28,9347,1.64,NQEX,12659
SUNE,20250717 09:41:17.176000,7637586,100,9447,1.64,NQEX,12639
SUNE,20250717 09:41:17.177000,7637592,28,9547,1.64,NQEX,12659
SUNE,20250717 09:41:18.707000,7643576,14,9577,1.64,EDGX,12659
SUNE,20250717 09:41:18.707000,7643575,16,9563,1.64,EDGX,12659
SUNE,20250717 09:42:21.844000,7860974,100,9677,1.63,NQNX,12544
SUNE,20250717 09:42:57.276000,7974494,28,9705,1.64,NQEX,12659
SUNE,20250717 09:43:06.881000,8008835,5,9710,1.64,NQNX,12659
SUNE,20250717 09:44:14.748000,8219302,30,9812,1.64,NQEX,12659
SUNE,20250717 09:44:14.748000,8219301,72,9782,1.64,NQEX,12659
SUNE,20250717 09:44:14.748000,8219303,5,9817,1.64,PACF,12659
SUNE,20250717 09:44:30.657000,8263837,100,9917,1.64,NQEX,12639
SUNE,20250717 09:48:00.898000,8957413,400,10817,1.64,NQEX,12639
SUNE,20250717 09:48:00.898000,8957414,34,10851,1.64,NQEX,12659
SUNE,20250717 09:48:00.898000,8957412,166,10417,1.64,NQEX,12544
SUNE,20250717 09:48:00.898000,8957410,100,10017,1.64,NQEX,12639
SUNE,20250717 09:48:00.898000,8957411,234,10251,1.64,NQEX,12544
SUNE,20250717 09:48:07.043000,8978658,50,10901,1.63,NTRF,12659
SUNE,20250717 09:48:15.248000,9004661,100,11001,1.63,NTRF,12544
SUNE,20250717 09:49:18.496000,9178093,500,11501,1.63,NQNX,12544
SUNE,20250717 09:49:25.728000,9198121,61,11562,1.63,NQNX,12659
SUNE,20250717 09:49:48.945000,9265888,50,11612,1.63,NQNX,12659
SUNE,20250717 09:49:53.164000,9276297,500,12112,1.64,NTRF,12544
SUNE,20250717 09:50:01.119000,9299733,20,12132,1.64,NQNX,12659
SUNE,20250717 09:51:23.430000,9553201,5,12137,1.64,NQNX,12659
SUNE,20250717 09:51:53.034000,9634142,1000,13137,1.63,NTRF,12544
SUNE,20250717 09:52:14.116000,9701081,31,13168,1.63,NQNX,12659
SUNE,20250717 09:52:25.363000,9744544,134,13468,1.64,NQEX,12639
SUNE,20250717 09:52:25.363000,9744543,166,13334,1.64,NQEX,12639
SUNE,20250717 09:52:59.384000,9837357,500,13968,1.63,NQNX,12544
SUNE,20250717 09:53:08.796000,9873101,100,14168,1.63,MEMX,12544
SUNE,20250717 09:53:08.796000,9873102,100,14268,1.63,BATS,12544
SUNE,20250717 09:53:08.796000,9873100,100,14068,1.63,NQEX,12544
SUNE,20250717 09:53:08.796000,9873103,100,14368,1.63,EDGX,12544
SUNE,20250717 09:53:08.797000,9873104,100,14468,1.63,NYSE,12544
SUNE,20250717 09:53:08.797000,9873105,100,14568,1.63,PACF,12544
SUNE,20250717 09:53:08.799000,9873207,100,14768,1.63,NQNX,12544
SUNE,20250717 09:53:08.799000,9873209,100,14868,1.63,NQNX,12544
SUNE,20250717 09:53:08.799000,9873197,100,14668,1.63,NQNX,12544
SUNE,20250717 09:53:08.800000,9873213,100,14968,1.63,NQNX,12544
SUNE,20250717 09:53:08.800000,9873214,100,15068,1.63,NQNX,12544
SUNE,20250717 09:53:08.800000,9873226,100,15168,1.63,NQNX,12544
SUNE,20250717 09:53:09.036000,9874925,1710,16878,1.63,NQEX,12639
SUNE,20250717 09:53:19.123000,9902598,195,17073,1.63,NQNX,12544
SUNE,20250717 09:54:13.712000,10079719,90,18463,1.63,NQEX,12659
SUNE,20250717 09:54:13.712000,10079717,1290,18363,1.63,NQEX,12639
SUNE,20250717 09:54:13.712000,10079718,10,18373,1.63,NQEX,12659
SUNE,20250717 09:54:13.713000,10079722,30,18493,1.63,EDGX,12659
SUNE,20250717 09:54:29.280000,10125324,1,18494,1.62,NQNX,12659
SUNE,20250717 09:54:29.287000,10125350,1,18495,1.62,NQNX,12659
SUNE,20250717 09:55:11.331000,10251134,100,18595,1.63,NQNX,12544
SUNE,20250717 09:55:29.664000,10326446,1,18596,1.62,NQNX,12659
SUNE,20250717 09:56:23.879000,10495400,50,18646,1.63,NQNX,12659
SUNE,20250717 09:56:39.410000,10540025,20,18666,1.62,NQNX,12659
SUNE,20250717 09:56:49.843000,10565896,1,18667,1.62,NQNX,12659
SUNE,20250717 09:56:50.135000,10566610,100,18767,1.62,NQNX,12544
SUNE,20250717 09:58:16.445000,10813711,7,18774,1.62,NTRF,12659
SUNE,20250717 10:01:10.363000,11346376,1,18775,1.62,NQNX,12659
SUNE,20250717 10:02:41.271000,11658213,2,18777,1.62,NQNX,12659
SUNE,20250717 10:03:02.424000,11720810,61,18838,1.62,NQNX,12659
SUNE,20250717 10:03:23.745000,11789865,600,19438,1.62,NQNX,12544
SUNE,20250717 10:05:12.407000,12090275,2,19440,1.62,NQNX,12659
SUNE,20250717 10:05:30.367000,12153128,1,19441,1.62,NQNX,12659
SUNE,20250717 10:06:06.270000,12257292,1,19442,1.62,NQNX,12659
SUNE,20250717 10:07:00.251000,12428743,289,19731,1.62,NQNX,12544
SUNE,20250717 10:07:07.571000,12451977,365,20096,1.62,NQNX,12544
SUNE,20250717 10:07:07.592000,12452070,1,20097,1.62,NQNX,12659
SUNE,20250717 10:08:10.676000,12619463,1,20098,1.62,NQNX,12659
SUNE,20250717 10:10:11.602000,12953534,7,20105,1.62,NQEX,12659
SUNE,20250717 10:10:11.602000,12953535,30,20135,1.62,NQEX,12659
SUNE,20250717 10:10:11.602000,12953536,18,20153,1.62,NQEX,12659
SUNE,20250717 10:10:11.602000,12953537,82,20235,1.62,NQEX,12659
SUNE,20250717 10:10:33.512000,13012621,2,20573,1.62,PACF,12659
SUNE,20250717 10:10:33.512000,13012618,100,20401,1.62,PACF,12544
SUNE,20250717 10:10:33.512000,13012616,66,20301,1.62,PACF,12659
SUNE,20250717 10:10:33.512000,13012619,20,20421,1.62,PACF,12659
SUNE,20250717 10:10:33.512000,13012620,150,20571,1.62,PACF,12544
SUNE,20250717 10:10:33.512000,13012623,49,20635,1.62,PACF,12659
SUNE,20250717 10:10:33.512000,13012622,13,20586,1.62,PACF,12659
SUNE,20250717 10:10:33.512000,13012627,100,20735,1.62,NQEX,12639
SUNE,20250717 10:10:33.512000,13012628,100,20835,1.62,NQEX,12639
SUNE,20250717 10:10:33.513000,13012631,20,20865,1.62,NQNX,12659
SUNE,20250717 10:10:33.513000,13012632,38,20903,1.62,PACF,12659
SUNE,20250717 10:10:33.513000,13012633,13,20916,1.62,PACF,12659
SUNE,20250717 10:10:33.513000,13012630,10,20845,1.62,NQNX,12659
SUNE,20250717 10:11:42.141000,13211545,57,20973,1.62,NQEX,12659
SUNE,20250717 10:11:42.141000,13211547,57,21073,1.62,EDGX,12659
SUNE,20250717 10:11:42.141000,13211546,43,21016,1.62,NQEX,12659
SUNE,20250717 10:13:00.477000,13445168,5,21078,1.62,NQEX,12659
SUNE,20250717 10:13:48.409000,13573826,10,21088,1.62,NQNX,12659
SUNE,20250717 10:13:50.306000,13578480,100,21188,1.62,NQEX,12544
SUNE,20250717 10:13:50.306000,13578481,1000,22188,1.62,EDGX,12544
SUNE,20250717 10:13:54.374000,13589759,250,22438,1.61,NQNX,12544
SUNE,20250717 10:13:54.374000,13589761,150,22588,1.61,NQNX,12544
SUNE,20250717 10:13:54.374000,13589763,250,22838,1.61,NQNX,12544
SUNE,20250717 10:13:54.374000,13589764,150,22988,1.61,NQNX,12544
SUNE,20250717 10:13:54.378000,13589770,100,23088,1.61,PACF,12639
SUNE,20250717 10:13:54.379000,13589771,250,23338,1.61,PACF,12639
SUNE,20250717 10:13:54.379000,13589772,150,23488,1.61,PACF,12639
SUNE,20250717 10:13:57.708000,13599532,1,23489,1.62,NQNX,12659
SUNE,20250717 10:14:09.874000,13635006,1,23490,1.61,NQNX,12659
SUNE,20250717 10:14:21.812000,13665742,1,23491,1.62,NQNX,12659
SUNE,20250717 10:14:29.096000,13686546,15,23506,1.61,NQNX,12659
SUNE,20250717 10:15:56.679000,13942541,5,23511,1.6,NQNX,12659
SUNE,20250717 10:16:25.865000,14026649,101,23612,1.6,NQNX,12544
SUNE,20250717 10:17:54.420000,14280002,322,23934,1.6,NQNX,12544
SUNE,20250717 10:19:39.222000,14558806,50,23984,1.6,NQNX,12659
SUNE,20250717 10:19:40.584000,14562163,1000,24984,1.6,NQEX,12639
SUNE,20250717 10:19:40.585000,14562164,1,24985,1.6,NQNX,12659
SUNE,20250717 10:19:40.586000,14562169,63,25048,1.6,PACF,12659
SUNE,20250717 10:20:19.152000,14692114,50,25098,1.6,NQNX,12659
SUNE,20250717 10:20:55.322000,14780642,52,25150,1.6,NQNX,12659
SUNE,20250717 10:20:59.030000,14788852,10,25160,1.6,NQNX,12659
SUNE,20250717 10:22:55.131000,15084597,1,25161,1.6,NQNX,12659
SUNE,20250717 10:23:12.873000,15156585,52,25213,1.6,NQNX,12659
SUNE,20250717 10:24:49.395000,15391081,89,25302,1.6,NQNX,12659
SUNE,20250717 10:25:47.479000,15522179,72,25381,1.61,NQEX,12659
SUNE,20250717 10:25:47.479000,15522178,7,25309,1.6,NQNX,12659
SUNE,20250717 10:25:56.003000,15541153,100,25481,1.6,NQNX,12544
SUNE,20250717 10:26:44.081000,15666298,5,25486,1.6,NQNX,12659
SUNE,20250717 10:27:27.599000,15774785,1,25487,1.6,NQNX,12659
SUNE,20250717 10:27:59.313000,15854461,100,25587,1.61,NQNX,12544
SUNE,20250717 10:28:29.346000,15933612,3,25590,1.6,NQNX,12659
SUNE,20250717 10:29:40.773000,16104816,1,25591,1.6,NQNX,12659
SUNE,20250717 10:30:45.035000,16255338,20,25611,1.61,NQNX,12659
SUNE,20250717 10:31:29.654000,16359653,1,25612,1.61,NQNX,12659
SUNE,20250717 10:31:33.982000,16369041,20,25632,1.6,NQNX,12659
SUNE,20250717 10:31:38.541000,16383861,174,25806,1.6,NQNX,12544
SUNE,20250717 10:31:38.544000,16383863,12,25818,1.6,NTRF,12659
SUNE,20250717 10:31:38.546000,16383873,162,25980,1.6,NQNX,12544
SUNE,20250717 10:32:30.937000,16494491,3,25983,1.6,NQNX,12659
SUNE,20250717 10:32:38.241000,16509787,1,25984,1.6,NQEX,12659
SUNE,20250717 10:34:31.162000,16767874,14,25998,1.61,NQNX,12659
SUNE,20250717 10:35:36.588000,16917361,38,26036,1.6,NQNX,12659
SUNE,20250717 10:35:46.733000,16936953,70,26106,1.6,NQNX,12659
SUNE,20250717 10:35:57.682000,16960057,8,26114,1.61,NQNX,12659
SUNE,20250717 10:39:54.547000,17510532,1,26115,1.61,NQNX,12659
SUNE,20250717 10:40:01.439000,17524875,60,26175,1.6,NQNX,12659
SUNE,20250717 10:40:26.402000,17584757,1000,27175,1.6,NTRF,12544
SUNE,20250717 10:42:00.835000,17775332,500,27675,1.6,NQNX,12544
SUNE,20250717 10:42:11.383000,17796932,8,27683,1.6,NQNX,12659
SUNE,20250717 10:42:11.894000,17797910,1,27684,1.6,NQNX,12659
SUNE,20250717 10:44:09.128000,18033761,4,27688,1.6,NQNX,12659
SUNE,20250717 10:44:58.777000,18134467,100,27788,1.61,NQEX,12639
SUNE,20250717 10:44:58.777000,18134468,100,27888,1.61,EDGX,12639
SUNE,20250717 10:44:58.777000,18134470,20,27908,1.61,NQNX,12659
SUNE,20250717 10:45:46.935000,18237354,15,27923,1.61,NQNX,12659
SUNE,20250717 10:47:07.144000,18402212,1,27924,1.61,NQNX,12659
SUNE,20250717 10:49:13.068000,18674035,20,27944,1.61,NQNX,12659
SUNE,20250717 10:50:52.619000,18881404,40,27984,1.62,NQNX,12659
SUNE,20250717 10:52:12.512000,19045836,100,28084,1.62,NQNX,12544
SUNE,20250717 10:53:59.673000,19264399,100,28184,1.62,NQNX,12544
SUNE,20250717 10:54:50.047000,19372125,10,28194,1.61,NQNX,12659
SUNE,20250717 10:57:27.334000,19704357,28,28222,1.61,NQNX,12659
SUNE,20250717 11:00:06.618000,20028399,4,28226,1.61,NQNX,12659
SUNE,20250717 11:01:29.593000,20203979,1,28227,1.61,NQNX,12659
SUNE,20250717 11:02:02.072000,20266916,1,28228,1.61,NQNX,12659
SUNE,20250717 11:02:54.409000,20378626,1,28229,1.61,NQNX,12659
SUNE,20250717 11:03:18.679000,20430583,60,28289,1.61,NQNX,12659
SUNE,20250717 11:03:18.877000,20430911,55,28344,1.62,NQEX,12659
SUNE,20250717 11:03:47.509000,20481321,1,28345,1.62,NQNX,12659
SUNE,20250717 11:04:14.340000,20533809,87,28432,1.62,NQNX,12659
SUNE,20250717 11:04:28.704000,20559171,47,28479,1.62,NQNX,12659
SUNE,20250717 11:06:54.853000,20860351,3,28482,1.62,NQNX,12659
SUNE,20250717 11:07:13.346000,20897289,50,28532,1.62,NQNX,12659
SUNE,20250717 11:07:37.415000,20945939,3,28535,1.63,NQNX,12659
SUNE,20250717 11:07:48.628000,20969504,11,28546,1.62,NQNX,12659
SUNE,20250717 11:10:23.662000,21266759,12,28558,1.61,NQNX,12659
SUNE,20250717 11:10:41.758000,21305350,7,28565,1.62,NQNX,12659
SUNE,20250717 11:11:15.103000,21373569,50,28615,1.62,NQNX,12659
SUNE,20250717 11:11:17.453000,21377889,1,28616,1.62,NQNX,12659
SUNE,20250717 11:11:39.975000,21420814,1,28617,1.62,NQNX,12659
SUNE,20250717 11:13:19.217000,21625376,300,28917,1.62,NQNX,12544
SUNE,20250717 11:13:42.657000,21669431,1,28918,1.62,NQNX,12659
SUNE,20250717 11:17:50.196000,22172842,50,28968,1.62,NQNX,12659
SUNE,20250717 11:18:38.392000,22268718,2,28970,1.62,NQNX,12659
SUNE,20250717 11:19:35.942000,22387034,1,28971,1.62,NQNX,12659
SUNE,20250717 11:19:36.175000,22387474,3,28974,1.63,NQNX,12659
SUNE,20250717 11:19:36.180000,22387487,1,28975,1.62,NQNX,12659
SUNE,20250717 11:19:36.185000,22387494,1,28976,1.62,NQNX,12659
SUNE,20250717 11:23:18.628000,22821588,1,28977,1.62,NQNX,12659
SUNE,20250717 11:24:41.335000,22965517,250,29227,1.62,NQNX,12544
SUNE,20250717 11:24:54.025000,22990464,65,29292,1.62,NQNX,12659
SUNE,20250717 11:24:57.267000,22997108,500,29792,1.63,NQNX,12544
SUNE,20250717 11:26:18.785000,23165634,10,29802,1.62,NQNX,12659
SUNE,20250717 11:30:15.623000,23592651,55,29857,1.62,NQNX,12659
SUNE,20250717 11:31:51.159000,23759699,1,29858,1.62,NQNX,12659
SUNE,20250717 11:31:57.492000,23772489,6,29864,1.63,NQNX,12659
SUNE,20250717 11:32:20.646000,23812077,2,29866,1.62,NQNX,12659
SUNE,20250717 11:36:02.112000,24273434,11,29877,1.62,NQNX,12659
SUNE,20250717 11:36:22.323000,24310419,3,29880,1.62,NQNX,12659
SUNE,20250717 11:36:22.467000,24310634,1,29881,1.62,NQNX,12659
SUNE,20250717 11:38:22.086000,24549293,1,29882,1.62,NQNX,12659
SUNE,20250717 11:38:31.649000,24563654,5,29887,1.63,NQEX,12659
SUNE,20250717 11:39:47.859000,24685446,5,29892,1.62,NQNX,12659
SUNE,20250717 11:40:34.292000,24767228,20,29912,1.62,NQNX,12659
SUNE,20250717 11:41:05.459000,24817859,180,30092,1.62,NQNX,12544
SUNE,20250717 11:41:11.892000,24830226,20,30112,1.62,NTRF,12659
SUNE,20250717 11:41:18.567000,24841519,10,30122,1.62,NQNX,12659
SUNE,20250717 11:42:34.390000,24976029,10,30132,1.63,NQNX,12659
SUNE,20250717 11:45:24.676000,25251069,4,30136,1.62,NQNX,12659
SUNE,20250717 11:45:40.270000,25285556,35,30171,1.62,NQNX,12659
SUNE,20250717 11:45:40.274000,25285560,1,30172,1.62,NQNX,12659
SUNE,20250717 11:47:21.424000,25465911,6,30178,1.63,NQEX,12659
SUNE,20250717 11:47:45.612000,25507333,2180,32358,1.63,NQNX,12544
SUNE,20250717 11:48:22.441000,25569998,1,32359,1.62,BTRF,12659
SUNE,20250717 11:51:05.801000,25833309,200,32559,1.62,NQNX,12544
SUNE,20250717 11:51:06.646000,25834649,210,33369,1.63,NQEX,12639
SUNE,20250717 11:51:06.646000,25834648,600,33159,1.63,NQEX,12639
SUNE,20250717 11:51:06.647000,25834653,1,33477,1.63,PACF,12659
SUNE,20250717 11:51:06.647000,25834652,7,33476,1.63,NQNX,12659
SUNE,20250717 11:51:06.647000,25834651,100,33469,1.63,EDGX,12639
SUNE,20250717 11:51:06.650000,25834661,297,33774,1.63,NQNX,12544
SUNE,20250717 11:51:22.436000,25862407,1,33775,1.63,NQNX,12659
SUNE,20250717 11:52:22.169000,25957744,1,33776,1.63,NQNX,12659
SUNE,20250717 11:52:22.682000,25958360,6,33782,1.63,NQNX,12659
SUNE,20250717 11:56:11.944000,26334242,5,33787,1.63,NQNX,12659
SUNE,20250717 11:57:44.556000,26487716,7,33794,1.64,NQNX,12659
SUNE,20250717 11:57:57.555000,26505397,1,33795,1.63,NQNX,12659
SUNE,20250717 11:58:21.759000,26546428,3,33798,1.63,NQNX,12659
SUNE,20250717 11:59:12.264000,26630463,4,33802,1.63,NQNX,12659
SUNE,20250717 12:06:00.932000,27283813,200,34002,1.63,NQNX,12544
SUNE,20250717 12:06:13.403000,27316897,7,34009,1.63,NQNX,12659
SUNE,20250717 12:12:36.128000,27918782,1,34010,1.63,NTRF,12659
SUNE,20250717 12:13:33.839000,28006829,1,34011,1.63,NQNX,12659
SUNE,20250717 12:15:38.128000,28179023,5,34016,1.63,PACF,12659
SUNE,20250717 12:15:58.546000,28209947,2,34018,1.64,NQNX,12659
SUNE,20250717 12:16:46.010000,28283104,10,34028,1.63,NQNX,12659
SUNE,20250717 12:20:11.807000,28638336,3000,37028,1.63,NQNX,12544
SUNE,20250717 12:20:12.397000,28639733,2,37030,1.63,NQNX,12659
SUNE,20250717 12:20:12.531000,28639982,5,37035,1.63,NQNX,12659
SUNE,20250717 12:20:14.601000,28643306,3000,40035,1.63,NQNX,12544
SUNE,20250717 12:20:15.401000,28645022,2,40037,1.63,NQEX,12659
SUNE,20250717 12:20:15.402000,28645024,91,40128,1.64,AMEX,12659
SUNE,20250717 12:20:15.408000,28645036,10,40138,1.63,NQEX,12659
SUNE,20250717 12:21:45.870000,28804985,1500,41638,1.63,NQNX,12544
SUNE,20250717 12:21:47.866000,28807993,1500,43138,1.63,NQNX,12544
SUNE,20250717 12:21:49.294000,28809856,534,43672,1.63,NQNX,12544
SUNE,20250717 12:21:49.294000,28809857,966,44638,1.63,NQNX,12544
SUNE,20250717 12:21:50.254000,28811133,1500,46138,1.63,NQNX,12544
SUNE,20250717 12:22:03.445000,28829152,200,47296,1.63,NQNX,12544
SUNE,20250717 12:22:03.445000,28829154,342,47638,1.63,NQNX,12544
SUNE,20250717 12:22:03.445000,28829151,958,47096,1.63,NQNX,12544
SUNE,20250717 12:22:03.850000,28829677,1162,48800,1.63,NQNX,12544
SUNE,20250717 12:22:04.402000,28830303,1,48801,1.63,NQEX,12659
SUNE,20250717 12:22:26.191000,28861943,31,48832,1.63,NQNX,12659
SUNE,20250717 12:26:31.963000,29292957,1,48833,1.63,NQNX,12659
SUNE,20250717 12:28:11.022000,29454364,1,48834,1.63,NQNX,12659
SUNE,20250717 12:28:42.231000,29500439,25,48859,1.63,IEX,12659
SUNE,20250717 12:28:42.237000,29500480,100,48959,1.63,NQNX,12544
SUNE,20250717 12:28:42.237000,29500482,122,49081,1.63,NQNX,12544
SUNE,20250717 12:28:43.724000,29501946,1,49082,1.63,NQNX,12659
SUNE,20250717 12:29:50.868000,29606869,37,49119,1.63,NQNX,12659
SUNE,20250717 12:29:50.930000,29606996,30,49149,1.63,NQNX,12659
SUNE,20250717 12:30:13.694000,29643349,122,49271,1.63,NQNX,12544
SUNE,20250717 12:30:44.208000,29696283,122,49393,1.63,NTRF,12544
SUNE,20250717 12:31:46.960000,29791978,2,49395,1.63,NQNX,12659
SUNE,20250717 12:32:45.895000,29886920,2,49397,1.63,NQNX,12659
SUNE,20250717 12:32:46.611000,29888003,6,49403,1.63,NQNX,12659
SUNE,20250717 12:33:25.720000,29946572,7,49410,1.63,NQNX,12659
SUNE,20250717 12:35:54.283000,30152984,6,49416,1.63,EDGX,12659
SUNE,20250717 12:35:54.284000,30152986,2,49418,1.63,PACF,12659
SUNE,20250717 12:35:54.284000,30152987,1,49419,1.63,PACF,12659
SUNE,20250717 12:35:54.284000,30152988,1,49420,1.63,PACF,12659
SUNE,20250717 12:36:15.111000,30182073,100,49520,1.64,IEX,12544
SUNE,20250717 12:37:19.069000,30280796,2,49522,1.63,NTRF,12659
SUNE,20250717 12:37:38.716000,30307704,3,49525,1.63,NQNX,12659
SUNE,20250717 12:37:38.720000,30307707,1,49526,1.63,NQNX,12659
SUNE,20250717 12:38:20.461000,30373612,1,49527,1.63,NQNX,12659
SUNE,20250717 12:39:16.334000,30453432,5,49532,1.63,NQNX,12659
SUNE,20250717 12:39:18.801000,30461299,80,49612,1.63,NQNX,12659
SUNE,20250717 12:39:34.974000,30501145,80,49692,1.63,BATS,12659
SUNE,20250717 12:40:10.980000,30576512,20,49712,1.63,NQNX,12659
SUNE,20250717 12:40:18.868000,30586539,277,49989,1.63,NQNX,12544
SUNE,20250717 12:42:54.110000,30808437,6,49995,1.63,NQNX,12659
SUNE,20250717 12:42:56.112000,30810564,30,50025,1.63,NQNX,12659
SUNE,20250717 12:43:00.837000,30815593,100,50125,1.64,NQNX,12544
SUNE,20250717 12:47:37.842000,31207810,1,50126,1.63,NTRF,12659
SUNE,20250717 12:48:00.835000,31238274,60,50186,1.63,NQNX,12659
SUNE,20250717 12:52:22.077000,31633571,6,50192,1.63,NQNX,12659
SUNE,20250717 12:52:41.266000,31658551,1,50193,1.63,NQNX,12659
SUNE,20250717 12:56:03.526000,31934317,10,50203,1.63,NQNX,12659
SUNE,20250717 12:56:24.749000,31970256,1,50204,1.63,NQNX,12659
SUNE,20250717 12:56:58.450000,32019110,5,50209,1.63,MEMX,12659
SUNE,20250717 13:06:15.674000,32809122,1,50210,1.63,MEMX,12659
SUNE,20250717 13:06:43.447000,32848236,825,51035,1.63,NQNX,12544
SUNE,20250717 13:06:49.669000,32857664,26,51061,1.63,NQNX,12659
SUNE,20250717 13:08:02.923000,32946979,99,51160,1.64,NQNX,12659
SUNE,20250717 13:11:52.943000,33257469,14,51174,1.63,NQNX,12659
SUNE,20250717 13:15:34.445000,33546058,4,51178,1.63,NQNX,12659
SUNE,20250717 13:15:34.445000,33546059,30,51208,1.63,NQNX,12659
SUNE,20250717 13:16:07.425000,33593624,1,51209,1.63,NQNX,12659
SUNE,20250717 13:17:11.145000,33668744,500,51709,1.63,NQNX,12544
SUNE,20250717 13:19:59.118000,33889512,1,51710,1.63,NQNX,12659
SUNE,20250717 13:20:08.579000,33914215,1,51711,1.63,NQNX,12659
SUNE,20250717 13:20:08.634000,33914360,1,51712,1.63,NQNX,12659
SUNE,20250717 13:20:13.942000,33926196,1,51713,1.63,NQNX,12659
SUNE,20250717 13:21:26.197000,34017229,27,51740,1.63,NQNX,12659
SUNE,20250717 13:27:58.406000,34576920,1,51741,1.63,NQNX,12659
SUNE,20250717 13:30:26.923000,34825201,1,51742,1.64,NQNX,12659
SUNE,20250717 13:35:24.492000,35248684,1,51743,1.63,NQNX,12659
SUNE,20250717 13:36:23.006000,35327892,110,51853,1.63,NQEX,12544
SUNE,20250717 13:36:23.007000,35327895,90,51943,1.64,IEX,12659
SUNE,20250717 13:36:23.008000,35327897,1,51944,1.64,PACF,12659
SUNE,20250717 13:36:23.107000,35328273,30,52215,1.64,PACF,12659
SUNE,20250717 13:36:23.107000,35328272,239,52185,1.64,MEMX,12544
SUNE,20250717 13:36:23.107000,35328271,1,51946,1.64,NQEX,12659
SUNE,20250717 13:36:23.107000,35328270,1,51945,1.64,NQEX,12659
SUNE,20250717 13:36:25.238000,35330733,2,52217,1.63,NQNX,12659
SUNE,20250717 13:37:21.864000,35413587,200,52417,1.64,NQNX,12544
SUNE,20250717 13:37:51.466000,35456174,2,52419,1.63,NQNX,12659
SUNE,20250717 13:38:55.996000,35539218,1,52420,1.63,NQNX,12659
SUNE,20250717 13:39:16.238000,35569818,1,52421,1.63,NQNX,12659
SUNE,20250717 13:40:25.285000,35665240,5,52426,1.64,MEMX,12659
SUNE,20250717 13:40:45.053000,35691561,1,52427,1.63,NQNX,12659
SUNE,20250717 13:41:04.143000,35717282,2,52429,1.63,NQNX,12659
SUNE,20250717 13:42:08.973000,35801394,300,52729,1.63,NTRF,12544
SUNE,20250717 13:43:30.465000,35920205,70,52799,1.63,NQNX,12659
SUNE,20250717 13:43:33.337000,35924163,1,52800,1.63,NQNX,12659
SUNE,20250717 13:43:59.798000,35960107,103,52907,1.64,MEMX,12639
SUNE,20250717 13:43:59.798000,35960105,3,52803,1.64,NQEX,12659
SUNE,20250717 13:43:59.798000,35960106,1,52804,1.64,EDGX,12659
SUNE,20250717 13:43:59.799000,35960108,908,53815,1.64,NQNX,12544
SUNE,20250717 13:44:52.004000,36025015,1,53816,1.64,NQEX,12659
SUNE,20250717 13:45:39.784000,36102544,1,53817,1.65,NQNX,12659
SUNE,20250717 13:47:20.927000,36252586,1000,54817,1.64,NQNX,12544
SUNE,20250717 13:47:45.978000,36289188,1,54818,1.64,NQEX,12659
SUNE,20250717 13:50:43.469000,36536545,9,54827,1.64,NQNX,12659
SUNE,20250717 13:51:23.929000,36589380,100,54927,1.64,NQEX,12639
SUNE,20250717 13:51:25.009000,36590340,120,55047,1.64,NQEX,12639
SUNE,20250717 13:53:13.712000,36732255,25,55072,1.64,NQNX,12659
SUNE,20250717 13:55:46.755000,36947103,3,55075,1.64,NQNX,12659
SUNE,20250717 13:56:23.343000,37008169,1,55076,1.64,NQEX,12659
SUNE,20250717 13:57:00.814000,37051398,280,55356,1.64,NQEX,12639
SUNE,20250717 13:57:00.815000,37051399,5,55361,1.64,PACF,12659
SUNE,20250717 13:57:00.821000,37051402,230,55591,1.63,NQNX,12544
SUNE,20250717 13:57:00.823000,37051405,230,55821,1.64,NQNX,12544
SUNE,20250717 13:57:00.825000,37051407,120,55941,1.63,NQNX,12544
SUNE,20250717 13:57:00.826000,37051408,107,56048,1.63,NQNX,12544
SUNE,20250717 13:57:00.826000,37051409,120,56168,1.64,NQNX,12544
SUNE,20250717 13:57:00.827000,37051411,107,56275,1.64,NQNX,12544
SUNE,20250717 13:57:00.828000,37051414,2200,58475,1.62,NQNX,12544
SUNE,20250717 14:02:06.051000,37497925,45,58520,1.63,NQNX,12659
SUNE,20250717 14:06:28.101000,37903302,50,58570,1.63,NQNX,12659
SUNE,20250717 14:08:53.720000,38118553,1,58571,1.64,NQNX,12659
SUNE,20250717 14:10:24.591000,38239981,3,58574,1.64,NQNX,12659
SUNE,20250717 14:12:04.402000,38389808,97,58674,1.64,NQEX,12659
SUNE,20250717 14:12:04.402000,38389807,3,58577,1.64,NQEX,12659
SUNE,20250717 14:12:05.630000,38391521,100,58774,1.64,NQEX,12639
SUNE,20250717 14:13:04.244000,38483385,1,58775,1.64,NQEX,12659
SUNE,20250717 14:13:24.497000,38513739,2,58777,1.64,NQNX,12659
SUNE,20250717 14:14:32.334000,38615196,500,59277,1.64,NTRF,12544
SUNE,20250717 14:14:39.445000,38624189,4,59281,1.64,NQNX,12659
SUNE,20250717 14:16:23.072000,38768880,1,59282,1.64,NQNX,12659
SUNE,20250717 14:16:43.764000,38801070,1,59283,1.64,NQNX,12659
SUNE,20250717 14:17:47.396000,38887137,7,59290,1.64,NQNX,12659
SUNE,20250717 14:20:08.784000,39101370,300,59590,1.64,NQEX,12544
SUNE,20250717 14:20:08.785000,39101371,100,59690,1.64,NQEX,12639
SUNE,20250717 14:21:49.429000,39244046,30,59720,1.64,BATS,12659
SUNE,20250717 14:22:25.206000,39294611,300,60020,1.64,NQNX,12544
SUNE,20250717 14:23:15.749000,39356091,24,60044,1.64,NQNX,12659
SUNE,20250717 14:30:43.528000,39994918,3,60147,1.65,NQNX,12659
SUNE,20250717 14:30:43.528000,39994917,100,60144,1.65,NQNX,12544
SUNE,20250717 14:31:21.133000,40054463,1,60148,1.64,NQNX,12659
SUNE,20250717 14:31:56.890000,40118211,1,60149,1.63,NQNX,12659
SUNE,20250717 14:33:41.920000,40289821,245,60394,1.65,NQNX,12544
SUNE,20250717 14:36:07.404000,40510863,2000,62394,1.64,NQNX,12544
SUNE,20250717 14:36:22.633000,40533383,1,62395,1.65,IEX,12659
SUNE,20250717 14:36:23.965000,40535671,4000,66395,1.64,NQNX,12544
SUNE,20250717 14:36:42.445000,40563447,1000,68395,1.64,NQNX,12544
SUNE,20250717 14:36:42.445000,40563448,2000,70395,1.64,NQNX,12544
SUNE,20250717 14:36:42.445000,40563445,500,66895,1.64,NQNX,12544
SUNE,20250717 14:36:42.445000,40563446,500,67395,1.65,NQNX,12544
SUNE,20250717 14:36:42.446000,40563450,1413,72008,1.65,EDGX,12544
SUNE,20250717 14:36:42.446000,40563451,63,72071,1.65,EDGX,12659
SUNE,20250717 14:36:42.446000,40563453,14,72085,1.65,PACF,12659
SUNE,20250717 14:36:42.446000,40563449,200,70595,1.65,IEX,12544
SUNE,20250717 14:36:42.447000,40563454,152,72237,1.65,EDGX,12639
SUNE,20250717 14:36:42.470000,40563474,508,72745,1.65,EDGX,12544
SUNE,20250717 14:36:42.470000,40563475,364,73109,1.65,NQNX,12544
SUNE,20250717 14:38:07.730000,40682019,1,73110,1.65,NQNX,12659
SUNE,20250717 14:38:08.362000,40682885,500,73610,1.65,NQNX,12544
SUNE,20250717 14:38:08.363000,40682892,9,74823,1.66,PACF,12659
SUNE,20250717 14:38:08.363000,40682888,95,73964,1.66,PACF,12659
SUNE,20250717 14:38:08.363000,40682887,55,73869,1.66,PACF,12659
SUNE,20250717 14:38:08.363000,40682889,50,74014,1.66,PACF,12659
SUNE,20250717 14:38:08.363000,40682886,204,73814,1.66,NQEX,12639
SUNE,20250717 14:38:08.363000,40682890,800,74814,1.65,NQNX,12544
SUNE,20250717 14:38:08.364000,40682893,1500,76323,1.67,NQNX,12544
SUNE,20250717 14:38:30.510000,40713335,700,77023,1.65,NTRF,12544
SUNE,20250717 14:38:31.139000,40713972,1,77024,1.65,NQNX,12659
SUNE,20250717 14:39:20.965000,40783207,500,77524,1.64,NQNX,12544
SUNE,20250717 14:39:31.236000,40795241,121,77645,1.66,NQNX,12544
SUNE,20250717 14:39:37.625000,40804734,5,77650,1.65,NQNX,12659
SUNE,20250717 14:40:30.766000,40875701,30,77680,1.64,NQNX,12659
SUNE,20250717 14:40:30.778000,40875719,1,77681,1.64,NQNX,12659
SUNE,20250717 14:41:17.623000,40944480,20,77701,1.65,NQNX,12659
SUNE,20250717 14:41:30.625000,40964087,200,77901,1.66,NQNX,12544
SUNE,20250717 14:41:39.568000,40984557,500,78401,1.64,NQNX,12544
SUNE,20250717 14:43:11.636000,41118820,30,78431,1.66,NQNX,12659
SUNE,20250717 14:43:36.169000,41149516,500,78931,1.66,NQNX,12544
SUNE,20250717 14:43:36.270000,41149627,8,78939,1.64,NQNX,12659
SUNE,20250717 14:43:46.534000,41162772,10,78949,1.66,NQNX,12659
SUNE,20250717 14:43:46.543000,41162780,5,78954,1.67,NQNX,12659
SUNE,20250717 14:43:56.550000,41174969,500,79454,1.66,NQNX,12544
SUNE,20250717 14:43:57.145000,41175636,1,79455,1.66,NTRF,12659
SUNE,20250717 14:45:07.372000,41272490,345,79800,1.66,NQNX,12544
SUNE,20250717 14:46:02.550000,41357123,3,79803,1.67,PACF,12659
SUNE,20250717 14:46:03.550000,41359063,4,79807,1.67,PACF,12659
SUNE,20250717 14:46:15.546000,41378530,1,79808,1.67,PACF,12659
SUNE,20250717 14:46:16.549000,41381064,1,79809,1.67,PACF,12659
SUNE,20250717 14:46:34.777000,41406650,204,80013,1.66,NQNX,12544
SUNE,20250717 14:46:46.754000,41422708,230,80243,1.66,NQNX,12544
SUNE,20250717 14:46:47.488000,41423748,20,80263,1.66,NQNX,12659
SUNE,20250717 14:46:47.546000,41423834,1,80264,1.67,PACF,12659
SUNE,20250717 14:46:49.101000,41426171,700,80964,1.67,PACF,12639
SUNE,20250717 14:46:49.101000,41426172,6,80970,1.67,EDGX,12659
SUNE,20250717 14:46:49.102000,41426173,65,81035,1.67,PACF,12659
SUNE,20250717 14:47:18.548000,41467665,5,81040,1.68,NQNX,12659
SUNE,20250717 14:47:40.562000,41501145,1000,82040,1.66,NTRF,12544
SUNE,20250717 14:48:31.568000,41581053,1,82041,1.67,NTRF,12659
SUNE,20250717 14:49:27.106000,41673702,125,82566,1.68,NQEX,12639
SUNE,20250717 14:49:27.106000,41673703,700,83266,1.68,NQEX,12639
SUNE,20250717 14:49:27.106000,41673715,100,83688,1.68,AMEX,12639
SUNE,20250717 14:49:27.106000,41673709,182,83488,1.68,PACF,12639
SUNE,20250717 14:49:27.106000,41673710,100,83588,1.68,PACF,12639
SUNE,20250717 14:49:27.106000,41673708,40,83306,1.68,PACF,12659
SUNE,20250717 14:49:27.106000,41673701,400,82441,1.68,NQEX,12639
SUNE,20250717 14:49:27.205000,41674126,100,83788,1.69,NTRF,12544
SUNE,20250717 14:49:27.207000,41674152,100,83888,1.68,NQNX,12544
SUNE,20250717 14:49:27.207000,41674154,100,83988,1.68,NQNX,12544
SUNE,20250717 14:49:27.258000,41674295,120,84108,1.68,NQNX,12544
SUNE,20250717 14:49:27.344000,41674381,200,84308,1.68,NQNX,12544
SUNE,20250717 14:49:27.364000,41674418,300,84608,1.68,NQNX,12544
SUNE,20250717 14:49:27.365000,41674420,100,84708,1.68,NQNX,12544
SUNE,20250717 14:49:27.404000,41674457,800,85508,1.68,NQNX,12544
SUNE,20250717 14:49:27.422000,41674474,100,85608,1.68,NQEX,12544
SUNE,20250717 14:50:34.914000,41770863,1000,86608,1.68,NQNX,12544
SUNE,20250717 14:50:34.933000,41770894,100,86708,1.68,NQEX,12544
SUNE,20250717 14:50:35.541000,41771640,5,86713,1.69,NQNX,12659
SUNE,20250717 14:50:39.108000,41777519,100,87173,1.69,NQEX,12544
SUNE,20250717 14:50:39.108000,41777525,300,88113,1.69,IEX,12544
SUNE,20250717 14:50:39.108000,41777520,120,87293,1.69,BATS,12544
SUNE,20250717 14:50:39.108000,41777521,180,87473,1.69,MIAX,12544
SUNE,20250717 14:50:39.108000,41777522,120,87593,1.69,AMEX,12544
SUNE,20250717 14:50:39.108000,41777523,120,87713,1.69,PACF,12544
SUNE,20250717 14:50:39.108000,41777524,100,87813,1.69,PACF,12544
SUNE,20250717 14:50:39.108000,41777526,120,88233,1.69,NQNX,12544
SUNE,20250717 14:50:39.108000,41777517,120,86953,1.69,NQEX,12544
SUNE,20250717 14:50:39.108000,41777518,120,87073,1.69,EDGX,12544
SUNE,20250717 14:50:39.108000,41777516,120,86833,1.69,MEMX,12544
SUNE,20250717 14:50:39.109000,41777532,1180,89713,1.69,NQNX,12544
SUNE,20250717 14:50:39.109000,41777528,300,88533,1.69,NQNX,12544
SUNE,20250717 14:50:39.110000,41777549,100,89813,1.68,IEX,12544
SUNE,20250717 14:50:39.221000,41777836,100,89913,1.68,NQNX,12544
SUNE,20250717 14:50:40.445000,41782614,3000,92913,1.69,NQNX,12544
SUNE,20250717 14:50:40.446000,41782615,100,93013,1.68,NQNX,12544
SUNE,20250717 14:50:40.447000,41782617,100,93113,1.68,NQNX,12544
SUNE,20250717 14:50:40.455000,41782628,20,93133,1.68,NQNX,12659
SUNE,20250717 14:50:40.457000,41782630,100,93233,1.68,NQNX,12544
SUNE,20250717 14:50:40.459000,41782633,80,93313,1.68,NQNX,12659
SUNE,20250717 14:50:40.547000,41783014,6,93319,1.69,NQEX,12659
SUNE,20250717 14:50:40.549000,41783042,100,93419,1.68,NQNX,12544
SUNE,20250717 14:50:51.691000,41802361,5000,98419,1.69,NQNX,12544
SUNE,20250717 14:50:51.693000,41802363,594,99013,1.68,NQNX,12544
SUNE,20250717 14:50:51.728000,41802391,100,99113,1.68,NQNX,12544
SUNE,20250717 14:51:19.239000,41850723,120,99233,1.69,NQNX,12544
SUNE,20250717 14:51:26.037000,41861051,198,99431,1.68,NQNX,12544
SUNE,20250717 14:51:33.542000,41872688,6,99437,1.69,NQNX,12659
SUNE,20250717 14:52:09.223000,41922012,2,99439,1.68,NTRF,12659
SUNE,20250717 14:52:20.339000,41937207,1,99440,1.68,NTRF,12659
SUNE,20250717 14:52:26.308000,41947836,5,99445,1.69,NQNX,12659
SUNE,20250717 14:52:47.439000,41986205,1500,100945,1.69,NQNX,12544
SUNE,20250717 14:52:47.441000,41986207,100,101045,1.68,NQNX,12544
SUNE,20250717 14:52:47.441000,41986208,100,101145,1.68,NQNX,12544
SUNE,20250717 14:52:47.755000,41986840,100,101245,1.68,NQNX,12544
SUNE,20250717 14:52:49.761000,41990208,1500,102745,1.68,NQNX,12544
SUNE,20250717 14:52:49.762000,41990216,100,102845,1.68,NQNX,12544
SUNE,20250717 14:52:49.763000,41990218,100,102945,1.68,NQNX,12544
SUNE,20250717 14:52:51.662000,41996749,1500,104445,1.68,NQNX,12544
SUNE,20250717 14:52:51.664000,41996756,100,104545,1.68,NQNX,12544
SUNE,20250717 14:52:51.682000,41996903,100,104645,1.68,NQEX,12544
SUNE,20250717 14:52:52.156000,41999040,1,104646,1.69,NQEX,12659
SUNE,20250717 14:52:53.153000,42001210,1500,106146,1.68,NQNX,12544
SUNE,20250717 14:52:53.173000,42001251,199,106345,1.68,NQEX,12544
SUNE,20250717 14:52:59.005000,42008466,5,106350,1.68,EDGX,12659
SUNE,20250717 14:52:59.005000,42008467,23,106373,1.68,EDGX,12659
SUNE,20250717 14:52:59.006000,42008468,1,106374,1.68,NQNX,12659
SUNE,20250717 14:52:59.153000,42008611,634,107008,1.69,NQNX,12544
SUNE,20250717 14:52:59.190000,42008669,800,107808,1.69,NQNX,12544
SUNE,20250717 14:53:16.373000,42032453,50,107858,1.67,NQNX,12659
SUNE,20250717 14:53:48.670000,42075343,11,107869,1.67,NQNX,12659
SUNE,20250717 14:54:47.607000,42156465,100,107969,1.67,NQEX,12639
SUNE,20250717 14:54:47.608000,42156469,200,108169,1.67,IEX,12544
SUNE,20250717 14:54:52.020000,42162907,100,108269,1.67,NQNX,12544
SUNE,20250717 14:55:08.971000,42192677,10,108279,1.67,NQEX,12659
SUNE,20250717 14:55:54.570000,42270456,30,108309,1.67,NQNX,12659
SUNE,20250717 14:57:12.138000,42391730,8,108317,1.66,NQNX,12659
SUNE,20250717 14:57:12.138000,42391732,30,108347,1.66,NQNX,12659
SUNE,20250717 14:57:27.564000,42414086,1,108348,1.67,NQNX,12659
SUNE,20250717 14:57:33.044000,42421762,834,113348,1.66,NQNX,12544
SUNE,20250717 14:57:33.044000,42421761,4166,112514,1.66,NQNX,12544
SUNE,20250717 14:58:35.408000,42520311,3900,117248,1.66,NQNX,12544
SUNE,20250717 14:58:35.409000,42520318,400,117648,1.66,NQNX,12544
SUNE,20250717 14:58:35.411000,42520319,700,118348,1.66,NQNX,12544
SUNE,20250717 14:59:21.867000,42600732,2500,120848,1.67,NQNX,12544
SUNE,20250717 14:59:21.868000,42600733,400,121248,1.67,NQNX,12544
SUNE,20250717 14:59:21.869000,42600734,100,121348,1.67,NQNX,12544
SUNE,20250717 14:59:44.723000,42638495,5,121353,1.67,PACF,12659
SUNE,20250717 15:00:52.795000,42753486,2,121355,1.68,NQNX,12659
SUNE,20250717 15:01:17.412000,42800614,30,121385,1.67,NQNX,12659
SUNE,20250717 15:02:46.703000,42943703,91,121476,1.67,NQNX,12659
SUNE,20250717 15:03:27.588000,43015734,36,121670,1.67,MEMX,12659
SUNE,20250717 15:03:27.588000,43015733,58,121634,1.67,MEMX,12659
SUNE,20250717 15:03:27.588000,43015732,100,121576,1.67,MEMX,12639
SUNE,20250717 15:04:13.266000,43090834,10,121680,1.67,NQNX,12659
SUNE,20250717 15:04:26.940000,43121454,1,121681,1.68,EDGX,12659
SUNE,20250717 15:05:37.743000,43243588,1,121682,1.68,NQNX,12659
SUNE,20250717 15:05:39.802000,43248407,100,121782,1.67,NQNX,12544
SUNE,20250717 15:05:44.649000,43257701,151,124694,1.68,EDGX,12544
SUNE,20250717 15:05:44.649000,43257692,100,123736,1.68,EDGX,12544
SUNE,20250717 15:05:44.649000,43257691,100,123636,1.68,EDGX,12544
SUNE,20250717 15:05:44.649000,43257700,100,124543,1.68,EDGX,12544
SUNE,20250717 15:05:44.649000,43257689,500,122282,1.67,NQNX,12544
SUNE,20250717 15:05:44.649000,43257699,100,124443,1.68,EDGX,12544
SUNE,20250717 15:05:44.649000,43257693,100,123836,1.68,EDGX,12544
SUNE,20250717 15:05:44.649000,43257690,1254,123536,1.68,EDGX,12544
SUNE,20250717 15:05:44.649000,43257696,100,124242,1.68,EDGX,12544
SUNE,20250717 15:05:44.649000,43257698,1,124343,1.68,EDGX,12659
SUNE,20250717 15:05:44.649000,43257694,100,123936,1.68,EDGX,12544
SUNE,20250717 15:05:44.649000,43257697,100,124342,1.68,EDGX,12544
SUNE,20250717 15:05:44.649000,43257695,206,124142,1.68,EDGX,12544
SUNE,20250717 15:05:44.652000,43257703,88,124782,1.69,NQNX,12659
SUNE,20250717 15:05:46.474000,43260583,1,124783,1.69,NQNX,12659
SUNE,20250717 15:08:01.391000,43484837,93,124876,1.68,NQEX,12659
SUNE,20250717 15:08:01.392000,43484838,100,124976,1.68,PACF,12544
SUNE,20250717 15:08:01.392000,43484839,100,125076,1.68,IEX,12544
SUNE,20250717 15:08:01.394000,43484841,3207,128283,1.69,NQNX,12544
SUNE,20250717 15:09:01.666000,43577299,1000,129283,1.66,NQNX,12544
SUNE,20250717 15:11:32.830000,43839569,100,129383,1.67,NQNX,12544
SUNE,20250717 15:11:56.018000,43874686,100,129483,1.67,NQNX,12544
SUNE,20250717 15:12:24.159000,43924687,200,129683,1.67,NQNX,12544
SUNE,20250717 15:12:27.512000,43928610,89,129772,1.68,NQNX,12659
SUNE,20250717 15:12:27.513000,43928611,111,129883,1.68,NQNX,12544
SUNE,20250717 15:12:50.464000,43965884,200,130083,1.67,NQNX,12544
SUNE,20250717 15:13:04.739000,43991677,200,130283,1.67,NQNX,12544
SUNE,20250717 15:13:25.166000,44029655,200,130483,1.68,NQNX,12544
SUNE,20250717 15:13:46.078000,44066461,200,130683,1.68,NQNX,12544
SUNE,20250717 15:13:47.679000,44069243,100,130783,1.68,NQNX,12544
SUNE,20250717 15:13:54.755000,44081191,200,130983,1.68,NQNX,12544
SUNE,20250717 15:14:01.341000,44092777,100,131083,1.68,NQEX,12544
SUNE,20250717 15:14:01.341000,44092778,100,131183,1.68,PACF,12544
SUNE,20250717 15:14:01.351000,44092783,900,132083,1.69,NQNX,12544
SUNE,20250717 15:14:01.352000,44092784,100,132183,1.69,NQNX,12544
SUNE,20250717 15:14:01.353000,44092787,400,132583,1.69,EDGX,12544
SUNE,20250717 15:14:01.353000,44092793,100,133433,1.69,AMEX,12544
SUNE,20250717 15:14:01.353000,44092792,7,133333,1.69,EDGX,12659
SUNE,20250717 15:14:01.353000,44092788,293,132876,1.69,EDGX,12544
SUNE,20250717 15:14:01.353000,44092790,200,133226,1.69,EDGX,12544
SUNE,20250717 15:14:01.353000,44092789,150,133026,1.69,BATS,12544
SUNE,20250717 15:14:01.353000,44092791,100,133326,1.69,EDGX,12544
SUNE,20250717 15:14:01.355000,44092796,100,133533,1.68,NQEX,12544
SUNE,20250717 15:14:02.596000,44094751,100,133633,1.69,NQNX,12544
SUNE,20250717 15:14:21.533000,44133466,500,134133,1.69,NQNX,12544
SUNE,20250717 15:14:35.052000,44171182,1,134134,1.69,NQNX,12659
SUNE,20250717 15:14:36.742000,44174668,500,134634,1.69,NQNX,12544
SUNE,20250717 15:14:43.454000,44185584,23,134657,1.69,NQNX,12659
SUNE,20250717 15:14:43.455000,44185585,200,134857,1.7,IEX,12544
SUNE,20250717 15:14:59.556000,44209827,500,135357,1.69,NQNX,12544
SUNE,20250717 15:15:21.447000,44246285,100,135457,1.69,IEX,12544
SUNE,20250717 15:15:21.448000,44246288,100,135557,1.69,NQEX,12544
SUNE,20250717 15:15:21.449000,44246289,140,135697,1.69,NQEX,12544
SUNE,20250717 15:15:21.451000,44246290,100,135797,1.69,PACF,12544
SUNE,20250717 15:15:21.461000,44246298,60,135857,1.69,NQNX,12659
SUNE,20250717 15:15:41.368000,44284295,500,136357,1.69,NQNX,12544
SUNE,20250717 15:15:47.187000,44296898,900,137257,1.69,NQNX,12544
SUNE,20250717 15:15:47.188000,44296901,1800,139057,1.69,NQNX,12544
SUNE,20250717 15:15:47.188000,44296902,900,139957,1.69,NQNX,12544
SUNE,20250717 15:15:47.189000,44296903,1800,141757,1.69,NQNX,12544
SUNE,20250717 15:15:47.189000,44296904,2300,144057,1.69,NQNX,12544
SUNE,20250717 15:15:47.190000,44296906,1,144158,1.69,EDGX,12659
SUNE,20250717 15:15:47.190000,44296907,5,144163,1.69,PACF,12659
SUNE,20250717 15:15:47.190000,44296905,100,144157,1.69,NQEX,12639
SUNE,20250717 15:15:47.191000,44296909,450,144613,1.69,NQNX,12544
SUNE,20250717 15:15:47.241000,44296974,100,144713,1.68,NQEX,12544
SUNE,20250717 15:15:47.243000,44296976,100,144813,1.68,NQNX,12544
SUNE,20250717 15:15:48.256000,44298631,110,144923,1.68,NQEX,12544
SUNE,20250717 15:16:09.712000,44340290,1,144924,1.68,NQNX,12659
SUNE,20250717 15:16:13.752000,44348745,8,144932,1.7,NQNX,12659
SUNE,20250717 15:16:21.715000,44362033,37,145538,1.69,EDGX,12659
SUNE,20250717 15:16:21.715000,44362031,200,145301,1.69,EDGX,12544
SUNE,20250717 15:16:21.715000,44362032,200,145501,1.69,EDGX,12544
SUNE,20250717 15:16:21.715000,44362030,169,145101,1.69,IEX,12544
SUNE,20250717 15:16:30.144000,44382567,609,146147,1.7,NQNX,12544
SUNE,20250717 15:16:52.944000,44418272,140,146427,1.68,NQEX,12544
SUNE,20250717 15:16:52.944000,44418271,140,146287,1.68,NYSE,12544
SUNE,20250717 15:16:52.947000,44418277,140,146567,1.68,PACF,12544
SUNE,20250717 15:16:52.964000,44418289,100,147092,1.68,EDGX,12544
SUNE,20250717 15:16:52.964000,44418287,362,146929,1.68,MEMX,12639
SUNE,20250717 15:16:52.964000,44418293,90,149200,1.68,EDGX,12659
SUNE,20250717 15:16:52.964000,44418294,100,149300,1.68,EDGX,12544
SUNE,20250717 15:16:52.964000,44418292,400,149110,1.68,EDGX,12544
SUNE,20250717 15:16:52.964000,44418291,1218,148710,1.68,MEMX,12544
SUNE,20250717 15:16:52.964000,44418290,400,147492,1.68,EDGX,12544
SUNE,20250717 15:16:52.964000,44418288,63,146992,1.68,EDGX,12659
SUNE,20250717 15:17:37.439000,44498065,118,149418,1.69,NQNX,12544
SUNE,20250717 15:18:01.957000,44553349,9,149427,1.68,NQNX,12659
SUNE,20250717 15:20:30.404000,44820869,550,149977,1.67,NQNX,12544
SUNE,20250717 15:21:29.887000,44927001,1,149978,1.68,NQNX,12659
SUNE,20250717 15:22:20.009000,45012965,245,150223,1.68,NQNX,12544
SUNE,20250717 15:22:31.926000,45037680,1000,151223,1.68,NQNX,12544
SUNE,20250717 15:22:34.104000,45041619,2,151225,1.68,NQNX,12659
SUNE,20250717 15:22:34.202000,45041858,300,151525,1.68,NQEX,12544
SUNE,20250717 15:22:34.210000,45041875,100,151625,1.68,NQEX,12544
SUNE,20250717 15:22:34.213000,45041890,100,151725,1.68,NQNX,12544
SUNE,20250717 15:22:47.228000,45066194,2000,153725,1.68,NQNX,12544
SUNE,20250717 15:22:47.717000,45066873,2500,156225,1.67,NQNX,12544
SUNE,20250717 15:22:51.271000,45076805,100,156325,1.68,NQEX,12544
SUNE,20250717 15:22:51.271000,45076806,100,156425,1.68,PACF,12544
SUNE,20250717 15:22:51.273000,45076808,100,156525,1.68,IEX,12544
SUNE,20250717 15:22:51.279000,45076814,100,156625,1.68,NQNX,12544
SUNE,20250717 15:22:51.282000,45076820,150,157225,1.69,NQNX,12544
SUNE,20250717 15:22:51.282000,45076819,150,157075,1.69,NQNX,12544
SUNE,20250717 15:22:51.282000,45076818,150,156925,1.69,NQNX,12544
SUNE,20250717 15:22:51.282000,45076817,150,156775,1.69,NQNX,12544
SUNE,20250717 15:22:51.283000,45076824,150,157875,1.69,NQNX,12544
SUNE,20250717 15:22:51.283000,45076821,150,157375,1.69,NQNX,12544
SUNE,20250717 15:22:51.283000,45076822,150,157525,1.69,NQNX,12544
SUNE,20250717 15:22:51.283000,45076823,200,157725,1.69,NQNX,12544
SUNE,20250717 15:22:51.283000,45076825,350,158225,1.69,NQNX,12544
SUNE,20250717 15:22:51.285000,45076829,100,158475,1.68,NQEX,12544
SUNE,20250717 15:22:51.285000,45076828,150,158375,1.68,NTRF,12544
SUNE,20250717 15:22:51.286000,45076831,200,158825,1.68,NTRF,12544
SUNE,20250717 15:22:51.286000,45076830,150,158625,1.68,NTRF,12544
SUNE,20250717 15:22:51.287000,45076835,350,159175,1.68,NTRF,12544
SUNE,20250717 15:22:53.806000,45082099,100,159275,1.68,NQNX,12544
SUNE,20250717 15:23:04.867000,45100876,400,159675,1.68,NQNX,12544
SUNE,20250717 15:23:42.972000,45171028,1000,160675,1.68,NQNX,12544
SUNE,20250717 15:23:49.060000,45180245,12,160687,1.68,NQNX,12659
SUNE,20250717 15:23:49.630000,45181027,245,160932,1.68,NQNX,12544
SUNE,20250717 15:23:57.277000,45193204,1461,162393,1.68,NQNX,12544
SUNE,20250717 15:23:57.363000,45193369,340,162733,1.68,NQEX,12544
SUNE,20250717 15:23:58.280000,45195423,100,162833,1.68,NQEX,12544
SUNE,20250717 15:23:59.284000,45197102,50,162883,1.68,NQEX,12659
SUNE,20250717 15:23:59.312000,45197135,150,163033,1.68,NQEX,12544
SUNE,20250717 15:23:59.362000,45197263,150,163183,1.68,NQEX,12544
SUNE,20250717 15:23:59.417000,45197345,10,163193,1.68,NQEX,12659
SUNE,20250717 15:24:09.473000,45216122,2000,165193,1.68,NQNX,12544
SUNE,20250717 15:24:17.416000,45233424,100,165293,1.68,NQEX,12544
SUNE,20250717 15:24:18.897000,45236363,100,165393,1.68,NQEX,12639
SUNE,20250717 15:24:19.898000,45238251,900,166293,1.68,NQNX,12544
SUNE,20250717 15:24:23.403000,45245957,100,166393,1.68,NQEX,12544
SUNE,20250717 15:24:25.425000,45249857,26,166419,1.68,NQEX,12659
SUNE,20250717 15:24:30.787000,45259053,3,166422,1.68,NQNX,12659
SUNE,20250717 15:24:37.569000,45267895,5,166427,1.69,NQNX,12659
SUNE,20250717 15:24:38.631000,45269952,74,166501,1.68,NQEX,12659
SUNE,20250717 15:24:38.635000,45269955,95,166601,1.68,NQEX,12659
SUNE,20250717 15:24:38.635000,45269959,200,167106,1.69,EDGX,12544
SUNE,20250717 15:24:38.635000,45269958,200,166906,1.69,EDGX,12544
SUNE,20250717 15:24:38.635000,45269957,100,166706,1.69,EDGX,12544
SUNE,20250717 15:24:38.635000,45269954,5,166506,1.68,NQEX,12659
SUNE,20250717 15:24:38.635000,45269956,5,166606,1.69,NQEX,12659
SUNE,20250717 15:24:38.636000,45269961,960,168071,1.7,EDGX,12544
SUNE,20250717 15:24:38.636000,45269960,5,167111,1.69,PACF,12659
SUNE,20250717 15:25:18.160000,45339822,10,178948,1.7,NQNX,12659
SUNE,20250717 15:25:18.160000,45339809,1,168072,1.7,PACF,12659
SUNE,20250717 15:25:18.160000,45339818,1245,178583,1.7,EDGX,12639
SUNE,20250717 15:25:18.160000,45339817,200,177338,1.7,EDGX,12639
SUNE,20250717 15:25:18.160000,45339816,555,177138,1.7,EDGX,12639
SUNE,20250717 15:25:18.160000,45339815,6734,176583,1.7,EDGX,12544
SUNE,20250717 15:25:18.160000,45339814,1467,169849,1.7,EDGX,12544
SUNE,20250717 15:25:18.160000,45339820,354,178938,1.7,EDGX,12544
SUNE,20250717 15:25:18.160000,45339813,200,168382,1.7,PACF,12639
SUNE,20250717 15:25:18.160000,45339812,3,168182,1.7,PACF,12659
SUNE,20250717 15:25:18.160000,45339811,5,168179,1.7,PACF,12659
SUNE,20250717 15:25:18.160000,45339819,1,178584,1.7,EDGX,12659
SUNE,20250717 15:25:18.160000,45339810,102,168174,1.7,PACF,12639
SUNE,20250717 15:25:18.160000,45339823,33,178981,1.7,NQNX,12659
SUNE,20250717 15:25:18.163000,45339850,200,179281,1.71,PACF,12639
SUNE,20250717 15:25:18.163000,45339848,100,179081,1.69,NQNX,12544
SUNE,20250717 15:25:18.164000,45339868,100,181466,1.73,NQEX,12544
SUNE,20250717 15:25:18.164000,45339870,26,181522,1.71,PACF,12659
SUNE,20250717 15:25:18.164000,45339869,30,181496,1.73,NQEX,12659
SUNE,20250717 15:25:18.164000,45339864,730,181066,1.73,PACF,12544
SUNE,20250717 15:25:18.164000,45339867,100,181366,1.73,NQEX,12544
SUNE,20250717 15:25:18.164000,45339859,100,179781,1.72,PACF,12639
SUNE,20250717 15:25:18.164000,45339858,100,179681,1.71,NQEX,12544
SUNE,20250717 15:25:18.164000,45339861,250,180036,1.73,NQEX,12544
SUNE,20250717 15:25:18.164000,45339862,100,180136,1.73,NQEX,12544
SUNE,20250717 15:25:18.164000,45339866,100,181266,1.73,PACF,12544
SUNE,20250717 15:25:18.164000,45339863,200,180336,1.7,NQNX,12544
SUNE,20250717 15:25:18.164000,45339865,100,181166,1.73,PACF,12544
SUNE,20250717 15:25:18.164000,45339853,180,179461,1.72,EDGX,12639
SUNE,20250717 15:25:18.164000,45339854,100,179561,1.72,BATS,12639
SUNE,20250717 15:25:18.164000,45339857,20,179581,1.71,NQNX,12659
SUNE,20250717 15:25:18.164000,45339860,5,179786,1.72,PACF,12659
SUNE,20250717 15:25:18.165000,45339872,19,181541,1.73,EDGX,12659
SUNE,20250717 15:25:18.165000,45339889,57,181598,1.72,EDGX,12659
SUNE,20250717 15:25:18.165000,45339890,88,181686,1.73,NQEX,12659
SUNE,20250717 15:25:18.165000,45339891,30,181716,1.73,NQEX,12659
SUNE,20250717 15:25:18.165000,45339892,20,181736,1.73,NQEX,12659
SUNE,20250717 15:25:18.166000,45339896,44,181780,1.73,PACF,12659
SUNE,20250717 15:25:18.167000,45339905,1,181781,1.72,NQNX,12659
SUNE,20250717 15:25:18.170000,45339913,1,181782,1.72,NQNX,12659
SUNE,20250717 15:25:18.181000,45339918,1,181783,1.72,BTRF,12659
SUNE,20250717 15:25:18.266000,45340040,29,181812,1.73,NQEX,12659
SUNE,20250717 15:25:19.410000,45342627,416,182228,1.71,NQNX,12544
SUNE,20250717 15:25:20.033000,45343913,1,182229,1.71,NQNX,12659
SUNE,20250717 15:25:35.790000,45372414,8,182237,1.73,NQNX,12659
SUNE,20250717 15:25:56.795000,45413638,5000,187237,1.73,NTRF,12544
SUNE,20250717 15:27:13.565000,45574247,3500,190737,1.73,NQNX,12544
SUNE,20250717 15:27:13.613000,45574381,324,191061,1.74,PACF,12544
SUNE,20250717 15:27:18.129000,45584023,500,191561,1.72,NTRF,12544
SUNE,20250717 15:27:24.495000,45595549,1000,192561,1.73,NQNX,12544
SUNE,20250717 15:27:24.907000,45596231,20,192581,1.73,NQNX,12659
SUNE,20250717 15:27:28.117000,45601709,26,194533,1.74,PACF,12659
SUNE,20250717 15:27:28.117000,45601708,1026,194507,1.74,PACF,12544
SUNE,20250717 15:27:28.117000,45601710,44,194577,1.74,PACF,12659
SUNE,20250717 15:27:28.117000,45601707,900,193481,1.74,PACF,12639
SUNE,20250717 15:27:30.890000,45606494,1,195239,1.75,PACF,12659
SUNE,20250717 15:27:30.890000,45606490,46,194623,1.75,EDGX,12659
SUNE,20250717 15:27:30.890000,45606495,838,196077,1.74,NQNX,12544
SUNE,20250717 15:27:30.890000,45606492,65,195188,1.75,PACF,12659
SUNE,20250717 15:27:30.890000,45606493,50,195238,1.75,PACF,12659
SUNE,20250717 15:27:30.890000,45606491,500,195123,1.75,EDGX,12544
SUNE,20250717 15:27:45.778000,45632409,29,196106,1.76,NQEX,12659
SUNE,20250717 15:27:45.778000,45632410,96,196202,1.76,NQEX,12659
SUNE,20250717 15:27:45.778000,45632411,1000,197202,1.77,NQEX,12544
SUNE,20250717 15:27:45.778000,45632412,16,197218,1.77,NQEX,12659
SUNE,20250717 15:27:45.779000,45632413,100,197318,1.76,BATY,12544
SUNE,20250717 15:27:45.779000,45632414,100,197418,1.76,BATS,12544
SUNE,20250717 15:27:45.779000,45632416,375,198214,1.75,NQNX,12544
SUNE,20250717 15:27:45.779000,45632415,421,197839,1.77,EDGX,12544
SUNE,20250717 15:27:46.208000,45633072,5,198219,1.75,PACF,12659
SUNE,20250717 15:27:49.195000,45638738,900,199119,1.77,NQNX,12544
SUNE,20250717 15:27:49.196000,45638740,100,199219,1.76,NQNX,12544
SUNE,20250717 15:27:52.263000,45644030,226,199445,1.74,NQNX,12544
SUNE,20250717 15:27:52.308000,45644086,2,199447,1.75,NQNX,12659
SUNE,20250717 15:27:52.315000,45644093,1,199448,1.75,NQNX,12659
SUNE,20250717 15:27:52.384000,45644213,3,199451,1.75,NQNX,12659
SUNE,20250717 15:27:55.570000,45650728,68,199519,1.75,EDGX,12659
SUNE,20250717 15:27:55.570000,45650731,200,200851,1.75,EDGX,12639
SUNE,20250717 15:27:55.570000,45650730,996,200651,1.75,EDGX,12639
SUNE,20250717 15:27:55.570000,45650729,136,199655,1.75,EDGX,12639
SUNE,20250717 15:28:01.438000,45660631,10,200861,1.77,NQNX,12659
SUNE,20250717 15:28:09.589000,45676528,50,200911,1.77,NQNX,12659
SUNE,20250717 15:28:12.897000,45682185,11,200922,1.75,NQNX,12659
SUNE,20250717 15:28:20.616000,45696988,1000,202922,1.75,EDGX,12639
SUNE,20250717 15:28:20.616000,45696987,1000,201922,1.77,NQEX,12544
SUNE,20250717 15:28:23.360000,45702460,5888,208810,1.76,NTRF,12544
SUNE,20250717 15:28:23.361000,45702462,79,208889,1.77,NTRF,12659
SUNE,20250717 15:28:29.206000,45712534,500,209389,1.75,NQNX,12544
SUNE,20250717 15:28:30.282000,45714604,231,209620,1.77,NQNX,12544
SUNE,20250717 15:28:32.206000,45717461,25,209645,1.75,NTRF,12659
SUNE,20250717 15:28:32.429000,45717989,23,209668,1.76,NTRF,12659
SUNE,20250717 15:28:34.085000,45720807,1500,211168,1.75,NQNX,12544
SUNE,20250717 15:28:35.332000,45722975,1,211169,1.76,NQNX,12659
SUNE,20250717 15:28:35.515000,45723306,164,211333,1.76,NQNX,12544
SUNE,20250717 15:28:35.516000,45723307,174,211507,1.76,NQNX,12544
SUNE,20250717 15:28:35.997000,45724248,1,211508,1.76,NQNX,12659
SUNE,20250717 15:28:36.151000,45724581,1,211509,1.76,NQNX,12659
SUNE,20250717 15:28:36.313000,45724796,282,211791,1.76,NQNX,12544
SUNE,20250717 15:28:37.090000,45726260,1,211792,1.76,NQNX,12659
SUNE,20250717 15:28:37.175000,45726409,1,211793,1.76,NQNX,12659
SUNE,20250717 15:28:47.696000,45744503,1,211794,1.75,NTRF,12659
SUNE,20250717 15:28:54.164000,45754687,4,211798,1.76,NQNX,12659
SUNE,20250717 15:28:55.832000,45757915,367,212165,1.76,NQNX,12544
SUNE,20250717 15:28:56.126000,45758463,1,212166,1.76,NQNX,12659
SUNE,20250717 15:29:01.766000,45769671,5,212171,1.75,NQNX,12659
SUNE,20250717 15:29:13.238000,45794851,4,212175,1.76,NQNX,12659
SUNE,20250717 15:29:16.970000,45801612,83,212258,1.76,NQNX,12659
SUNE,20250717 15:29:26.544000,45821309,1784,214042,1.74,NQNX,12544
SUNE,20250717 15:29:26.670000,45821586,282,214324,1.75,NQNX,12544
SUNE,20250717 15:29:26.671000,45821589,2,214326,1.76,NQNX,12659
SUNE,20250717 15:29:26.677000,45821600,1,214327,1.75,NQNX,12659
SUNE,20250717 15:29:26.680000,45821617,1,214328,1.77,NQNX,12659
SUNE,20250717 15:29:31.907000,45831497,1,214329,1.75,NQNX,12659
SUNE,20250717 15:29:35.325000,45839440,1,214330,1.76,NTRF,12659
SUNE,20250717 15:29:36.189000,45840883,1000,215330,1.74,NQNX,12544
SUNE,20250717 15:29:44.117000,45857323,442,216330,1.75,NQNX,12544
SUNE,20250717 15:29:44.117000,45857321,400,215888,1.75,NQNX,12544
SUNE,20250717 15:29:44.117000,45857320,158,215488,1.75,NQNX,12544
SUNE,20250717 15:29:45.138000,45859289,300,216630,1.76,NQNX,12544
SUNE,20250717 15:29:49.357000,45867505,100,216730,1.76,NQNX,12544
SUNE,20250717 15:29:53.933000,45878107,100,216830,1.74,NQNX,12544
SUNE,20250717 15:29:57.247000,45886287,300,217130,1.76,NQNX,12544
SUNE,20250717 15:30:00.077000,45891608,29,217159,1.76,NQNX,12659
SUNE,20250717 15:30:11.976000,45923098,4,217163,1.76,NQNX,12659
SUNE,20250717 15:30:13.931000,45928165,1,217164,1.76,NQNX,12659
SUNE,20250717 15:30:17.089000,45936496,250,217414,1.76,NTRF,12544
SUNE,20250717 15:30:18.591000,45942088,2169,221214,1.76,NQNX,12544
SUNE,20250717 15:30:18.591000,45942087,1631,219045,1.76,NQNX,12544
SUNE,20250717 15:30:18.711000,45942306,14,221926,1.77,EDGX,12659
SUNE,20250717 15:30:18.711000,45942308,97,222023,1.77,EDGX,12659
SUNE,20250717 15:30:18.711000,45942304,20,221734,1.77,EDGX,12659
SUNE,20250717 15:30:18.711000,45942305,178,221912,1.77,EDGX,12639
SUNE,20250717 15:30:18.711000,45942303,500,221714,1.77,EDGX,12639
SUNE,20250717 15:30:18.712000,45942310,1086,223320,1.77,MEMX,12639
SUNE,20250717 15:30:18.712000,45942309,211,222234,1.77,EDGX,12639
SUNE,20250717 15:30:20.437000,45946452,5200,228520,1.77,MEMX,12639
SUNE,20250717 15:30:20.437000,45946455,2463,234133,1.77,MEMX,12639
SUNE,20250717 15:30:20.437000,45946453,500,229020,1.77,EDGX,12639
SUNE,20250717 15:30:20.437000,45946454,2650,231670,1.77,MEMX,12544
SUNE,20250717 15:30:20.438000,45946456,100,234233,1.77,NQNX,12544
SUNE,20250717 15:30:20.438000,45946457,27,234260,1.77,NQEX,12659
SUNE,20250717 15:30:20.439000,45946466,1,234807,1.77,MEMX,12659
SUNE,20250717 15:30:20.439000,45946467,160,234967,1.77,PACF,12544
SUNE,20250717 15:30:20.439000,45946465,115,234806,1.77,BATS,12544
SUNE,20250717 15:30:20.439000,45946464,27,234691,1.77,BATS,12659
SUNE,20250717 15:30:20.439000,45946463,160,234664,1.77,EDGX,12544
SUNE,20250717 15:30:20.439000,45946462,28,234504,1.77,EDGX,12659
SUNE,20250717 15:30:20.439000,45946469,160,235127,1.77,NYSE,12544
SUNE,20250717 15:30:20.439000,45946459,28,234288,1.77,MEMX,12659
SUNE,20250717 15:30:20.439000,45946460,28,234316,1.77,MEMX,12659
SUNE,20250717 15:30:20.439000,45946461,160,234476,1.77,MEMX,12544
SUNE,20250717 15:30:20.440000,45946482,1491,236618,1.76,NQNX,12544
SUNE,20250717 15:30:20.450000,45946551,200,236818,1.77,NQNX,12544
SUNE,20250717 15:30:20.451000,45946559,27,237955,1.77,MEMX,12659
SUNE,20250717 15:30:20.451000,45946555,1000,237818,1.77,NQEX,12639
SUNE,20250717 15:30:20.451000,45946556,55,237873,1.77,MEMX,12659
SUNE,20250717 15:30:20.451000,45946557,28,237901,1.77,MEMX,12659
SUNE,20250717 15:30:20.451000,45946558,27,237928,1.77,MEMX,12659
SUNE,20250717 15:30:20.455000,45946571,5007,242962,1.77,NTRF,12544
SUNE,20250717 15:30:21.111000,45948594,1,242963,1.76,NQNX,12659
SUNE,20250717 15:30:22.206000,45950688,30,242993,1.77,NQNX,12659
SUNE,20250717 15:30:28.437000,45964153,5,242998,1.77,NQNX,12659
SUNE,20250717 15:30:32.630000,45976036,1300,244298,1.77,NQNX,12544
SUNE,20250717 15:30:39.775000,45993550,23,244321,1.77,NQNX,12659
SUNE,20250717 15:30:39.776000,45993552,477,244798,1.77,NQNX,12544
SUNE,20250717 15:30:40.784000,45995939,12,244810,1.77,NQNX,12659
SUNE,20250717 15:30:40.785000,45995944,20,245430,1.78,EDGX,12659
SUNE,20250717 15:30:40.785000,45995943,100,245410,1.78,EDGX,12639
SUNE,20250717 15:30:40.785000,45995942,500,245310,1.78,EDGX,12639
SUNE,20250717 15:30:44.586000,46005091,76,245506,1.78,NQNX,12659
SUNE,20250717 15:30:44.586000,46005094,587,246093,1.79,NQEX,12639
SUNE,20250717 15:30:44.587000,46005096,21,246130,1.79,PACF,12659
SUNE,20250717 15:30:44.587000,46005095,16,246109,1.79,PACF,12659
SUNE,20250717 15:30:44.587000,46005097,200,246330,1.79,IEX,12544
SUNE,20250717 15:30:48.057000,46013491,103,246433,1.78,NQNX,12544
SUNE,20250717 15:30:48.410000,46014059,130,246563,1.79,NQEX,12639
SUNE,20250717 15:30:48.600000,46014311,1,246564,1.78,NQNX,12659
SUNE,20250717 15:30:48.611000,46014327,1,246565,1.78,NQNX,12640
SUNE,20250717 15:30:53.577000,46025773,500,247065,1.79,NQEX,12639
SUNE,20250717 15:30:53.577000,46025774,365,247430,1.79,NQEX,12544
SUNE,20250717 15:30:53.814000,46026103,826,248256,1.79,NQNX,12544
SUNE,20250717 15:30:55.046000,46028881,5,248261,1.8,NQNX,12659
SUNE,20250717 15:30:58.711000,46038211,160,248421,1.79,PACF,12544
SUNE,20250717 15:30:58.898000,46038394,160,248581,1.79,NQEX,12544
SUNE,20250717 15:31:02.404000,46047932,40,248621,1.79,NQEX,12659
SUNE,20250717 15:31:02.537000,46048097,41,248662,1.79,NQNX,12659
SUNE,20250717 15:31:04.975000,46056544,28,248690,1.79,NQNX,12659
SUNE,20250717 15:31:04.976000,46056545,972,249662,1.79,NQNX,12544
SUNE,20250717 15:31:04.978000,46056550,50,249713,1.8,NQNX,12659
SUNE,20250717 15:31:04.978000,46056548,1,249663,1.8,NTRF,12659
SUNE,20250717 15:31:05.407000,46057475,10,249723,1.79,NQNX,12659
SUNE,20250717 15:31:08.101000,46063484,10,249733,1.79,NTRF,12659
SUNE,20250717 15:31:08.102000,46063486,240,249973,1.79,NTRF,12544
SUNE,20250717 15:31:10.334000,46068377,100,250073,1.79,NQNX,12544
SUNE,20250717 15:31:16.911000,46082720,200,250273,1.79,NQNX,12544
SUNE,20250717 15:31:17.194000,46083224,8,250281,1.79,NQNX,12659
SUNE,20250717 15:31:21.536000,46092214,1,250282,1.8,NQNX,12659
SUNE,20250717 15:31:22.574000,46093951,20,250302,1.79,NQNX,12659
SUNE,20250717 15:31:24.845000,46098146,50,250352,1.79,NQNX,12659
SUNE,20250717 15:31:25.873000,46100394,360,250712,1.79,NQNX,12544
SUNE,20250717 15:31:29.981000,46107732,23,250735,1.79,NQNX,12659
SUNE,20250717 15:31:37.715000,46125563,615,251350,1.79,NQNX,12544
SUNE,20250717 15:31:39.340000,46129177,200,251550,1.79,NTRF,12544
SUNE,20250717 15:31:41.269000,46132468,150,251700,1.79,NQNX,12544
SUNE,20250717 15:31:42.187000,46134401,200,252659,1.79,NQNX,12544
SUNE,20250717 15:31:42.187000,46134400,759,252459,1.79,NQNX,12544
SUNE,20250717 15:31:42.187000,46134402,4041,256700,1.79,NQNX,12544
SUNE,20250717 15:31:43.654000,46137075,50,256750,1.79,NQNX,12659
SUNE,20250717 15:31:45.650000,46142671,10,256760,1.8,NQNX,12659
SUNE,20250717 15:31:47.180000,46146174,5,256765,1.79,NQEX,12659
SUNE,20250717 15:31:50.464000,46153927,100,256865,1.79,NQEX,12544
SUNE,20250717 15:31:52.864000,46157960,4,256869,1.79,NQEX,12659
SUNE,20250717 15:31:56.286000,46164556,10,256879,1.79,NQNX,12659
SUNE,20250717 15:31:57.903000,46168590,2,256881,1.79,NQNX,12659
SUNE,20250717 15:32:00.336000,46175027,1,256882,1.79,NQNX,12659
SUNE,20250717 15:32:07.477000,46191154,62,256944,1.78,NQNX,12659
SUNE,20250717 15:32:08.740000,46193959,10,256954,1.79,NQNX,12659
SUNE,20250717 15:32:10.334000,46197092,2,256956,1.79,NQNX,12659
SUNE,20250717 15:32:16.214000,46212848,3,256959,1.79,NQNX,12659
SUNE,20250717 15:32:16.316000,46213039,500,257459,1.79,NQNX,12544
SUNE,20250717 15:32:23.979000,46232436,100,257559,1.78,NQEX,12639
SUNE,20250717 15:32:23.979000,46232437,5,257564,1.78,NQEX,12659
SUNE,20250717 15:32:23.979000,46232439,40,257604,1.78,PACF,12659
SUNE,20250717 15:32:25.853000,46242632,1,257605,1.77,NQNX,12659
SUNE,20250717 15:32:29.459000,46255176,1,257606,1.78,NQNX,12659
SUNE,20250717 15:32:31.035000,46259066,4,257610,1.78,NQNX,12659
SUNE,20250717 15:32:33.997000,46267897,1000,258610,1.78,NQNX,12544
SUNE,20250717 15:32:36.085000,46272731,2,258612,1.77,NQNX,12659
SUNE,20250717 15:32:45.879000,46292625,2,258614,1.79,NQNX,12659
SUNE,20250717 15:32:47.356000,46295130,2000,260614,1.78,NQNX,12544
SUNE,20250717 15:33:01.184000,46325576,50,260664,1.78,NQNX,12659
SUNE,20250717 15:33:02.541000,46328437,100,260764,1.78,NTRF,12544
SUNE,20250717 15:33:06.538000,46337602,400,261164,1.77,NQNX,12544
SUNE,20250717 15:33:08.416000,46341205,125,261289,1.77,NQNX,12544
SUNE,20250717 15:33:14.276000,46354022,1,261290,1.78,NQNX,12659
SUNE,20250717 15:33:14.297000,46354060,79,261569,1.78,NQNX,12659
SUNE,20250717 15:33:14.297000,46354059,200,261490,1.79,NTRF,12544
SUNE,20250717 15:33:14.710000,46355074,1,261570,1.78,NQNX,12659
SUNE,20250717 15:33:17.775000,46361312,5,261575,1.78,NQNX,12659
SUNE,20250717 15:33:32.304000,46389193,1,261576,1.78,NQNX,12659
SUNE,20250717 15:33:32.681000,46389827,55,261631,1.78,NQNX,12659
SUNE,20250717 15:33:32.928000,46390350,1,261632,1.78,NQNX,12659
SUNE,20250717 15:33:33.193000,46391260,1,261633,1.78,NQNX,12659
SUNE,20250717 15:33:33.600000,46392128,1,261634,1.77,NQNX,12659
SUNE,20250717 15:33:34.596000,46393816,2000,263634,1.77,NQNX,12544
SUNE,20250717 15:33:38.461000,46399941,431,264065,1.77,NQNX,12544
SUNE,20250717 15:33:40.525000,46403222,8,264073,1.78,NQNX,12659
SUNE,20250717 15:34:00.059000,46442886,1000,265073,1.78,NQNX,12544
SUNE,20250717 15:34:08.607000,46468744,2302,267375,1.78,NQNX,12544
SUNE,20250717 15:34:08.609000,46468746,1037,268412,1.78,NQNX,12544
SUNE,20250717 15:34:08.609000,46468756,2806,271218,1.78,NQNX,12544
SUNE,20250717 15:34:09.161000,46469665,3,271221,1.78,NQNX,12659
SUNE,20250717 15:34:09.597000,46470457,1,271222,1.78,NQNX,12659
SUNE,20250717 15:34:12.458000,46478415,50,271272,1.78,NQNX,12659
SUNE,20250717 15:34:16.965000,46491263,300,271572,1.78,NQNX,12544
SUNE,20250717 15:34:19.025000,46497032,100,271672,1.78,NQEX,12544
SUNE,20250717 15:34:19.035000,46497046,100,271772,1.79,NQNX,12544
SUNE,20250717 15:34:19.036000,46497048,200,271972,1.78,NQNX,12544
SUNE,20250717 15:34:25.071000,46511616,1,271973,1.78,NQNX,12659
SUNE,20250717 15:34:27.229000,46516889,4,271977,1.8,NQNX,12659
SUNE,20250717 15:34:41.867000,46548356,100,272077,1.78,NQNX,12544
SUNE,20250717 15:34:54.985000,46574528,20,272097,1.79,NQNX,12659
SUNE,20250717 15:35:01.133000,46587139,1,272098,1.78,NQNX,12659
SUNE,20250717 15:35:05.483000,46596928,1,272099,1.78,NTRF,12659
SUNE,20250717 15:35:24.440000,46641445,250,272349,1.78,NQNX,12544
SUNE,20250717 15:35:31.431000,46654249,100,272449,1.79,NQNX,12544
SUNE,20250717 15:35:39.071000,46678023,200,272649,1.78,NQNX,12544
SUNE,20250717 15:36:08.723000,46740373,3,272652,1.78,NQNX,12659
SUNE,20250717 15:36:11.164000,46745518,17,272669,1.78,NQNX,12659
SUNE,20250717 15:36:17.856000,46762843,4,272673,1.77,NQNX,12659
SUNE,20250717 15:36:27.375000,46781399,2,272775,1.79,NQEX,12659
SUNE,20250717 15:36:27.375000,46781397,100,272773,1.78,NQNX,12544
SUNE,20250717 15:36:27.375000,46781400,100,272875,1.79,NQEX,12639
SUNE,20250717 15:36:27.376000,46781401,270,273145,1.8,NQEX,12639
SUNE,20250717 15:36:27.376000,46781402,150,273295,1.8,NQEX,12639
SUNE,20250717 15:36:27.376000,46781403,549,273844,1.8,NQEX,12639
SUNE,20250717 15:36:27.377000,46781404,1,273845,1.8,EDGX,12659
SUNE,20250717 15:36:27.377000,46781405,15,273860,1.8,EDGX,12659
SUNE,20250717 15:36:27.377000,46781406,200,274060,1.8,MIAX,12639
SUNE,20250717 15:36:27.377000,46781407,1,274061,1.8,NQEX,12659
SUNE,20250717 15:36:27.377000,46781408,200,274261,1.8,PACF,12639
SUNE,20250717 15:36:27.377000,46781409,165,274426,1.8,PACF,12639
SUNE,20250717 15:36:27.377000,46781412,55,274502,1.8,NQNX,12659
SUNE,20250717 15:36:27.377000,46781410,20,274446,1.8,NQNX,12659
SUNE,20250717 15:36:27.377000,46781411,1,274447,1.8,NQNX,12659
SUNE,20250717 15:36:27.378000,46781413,100,274602,1.8,PACF,12639
SUNE,20250717 15:36:27.379000,46781415,100,274702,1.8,PACF,12639
SUNE,20250717 15:36:28.949000,46783984,1,274703,1.79,NQNX,12659
SUNE,20250717 15:36:29.589000,46784875,3,274706,1.79,NQNX,12659
SUNE,20250717 15:36:31.061000,46787757,100,274806,1.8,PACF,12639
SUNE,20250717 15:36:31.062000,46787758,100,274906,1.8,PACF,12639
SUNE,20250717 15:36:34.756000,46794733,1,274907,1.79,NQNX,12659
SUNE,20250717 15:36:36.586000,46800133,650,275557,1.79,NQNX,12544
SUNE,20250717 15:36:41.708000,46810053,92,275649,1.79,NQNX,12659
SUNE,20250717 15:36:46.772000,46818973,3600,280249,1.79,NQNX,12544
SUNE,20250717 15:36:46.772000,46818972,1000,276649,1.79,NQNX,12544
SUNE,20250717 15:36:46.775000,46818981,100,280849,1.79,EDGX,12639
SUNE,20250717 15:36:46.775000,46818980,100,280749,1.79,EDGX,12639
SUNE,20250717 15:36:46.775000,46818978,100,280649,1.79,NQEX,12544
SUNE,20250717 15:36:46.775000,46818976,100,280349,1.79,NQEX,12544
SUNE,20250717 15:36:46.775000,46818977,200,280549,1.79,NQEX,12544
SUNE,20250717 15:36:46.776000,46818982,100,280949,1.79,NQEX,12639
SUNE,20250717 15:36:46.776000,46818983,100,281049,1.79,EDGX,12639
SUNE,20250717 15:36:52.464000,46830285,25,281074,1.79,NQNX,12659
SUNE,20250717 15:36:57.724000,46842018,139,281213,1.78,NQNX,12544
SUNE,20250717 15:36:57.920000,46842328,500,281713,1.78,NQNX,12544
SUNE,20250717 15:37:00.707000,46847956,1,281714,1.78,NQNX,12659
SUNE,20250717 15:37:25.808000,46909422,6,281720,1.78,NQNX,12659
SUNE,20250717 15:37:28.225000,46914663,300,282020,1.78,NQNX,12544
SUNE,20250717 15:37:29.038000,46915889,55,282075,1.78,BTRF,12659
SUNE,20250717 15:37:29.039000,46915890,1,282076,1.78,NQNX,12659
SUNE,20250717 15:37:29.344000,46916506,1,282077,1.78,NQNX,12659
SUNE,20250717 15:37:31.689000,46922297,1,282078,1.79,NQNX,12659
SUNE,20250717 15:37:35.026000,46928604,200,282278,1.79,PACF,12544
SUNE,20250717 15:37:36.328000,46932067,381,282659,1.78,NQNX,12544
SUNE,20250717 15:37:50.470000,46962966,300,282959,1.78,NQNX,12544
SUNE,20250717 15:38:02.328000,46988511,7,282966,1.78,NQNX,12659
SUNE,20250717 15:38:08.330000,47001907,93,283059,1.78,NQNX,12659
SUNE,20250717 15:38:08.772000,47002896,2000,285059,1.78,NQNX,12544
SUNE,20250717 15:38:13.487000,47013719,200,285259,1.79,NQNX,12544
SUNE,20250717 15:38:16.738000,47023543,5,285264,1.78,NQNX,12659
SUNE,20250717 15:38:21.360000,47033279,1,285265,1.78,NQNX,12659
SUNE,20250717 15:38:38.411000,47070925,200,285465,1.78,NQNX,12544
SUNE,20250717 15:38:39.721000,47074289,10,285475,1.78,NQNX,12659
SUNE,20250717 15:38:42.624000,47079809,10,285485,1.79,NQNX,12659
SUNE,20250717 15:38:43.847000,47082615,70,285555,1.78,NQNX,12659
SUNE,20250717 15:38:49.537000,47094671,6,285561,1.78,NQNX,12659
SUNE,20250717 15:38:52.760000,47102155,200,285761,1.78,NQNX,12544
SUNE,20250717 15:39:00.754000,47122585,400,286161,1.78,NQNX,12544
SUNE,20250717 15:39:03.673000,47129654,279,286440,1.78,NQNX,12544
SUNE,20250717 15:39:03.682000,47129701,1,286441,1.78,NQNX,12659
SUNE,20250717 15:39:03.691000,47129716,1,286442,1.78,NQNX,12659
SUNE,20250717 15:39:15.136000,47156232,200,286642,1.78,NQNX,12544
SUNE,20250717 15:39:17.806000,47161424,2000,288642,1.78,NQNX,12544
SUNE,20250717 15:39:18.517000,47162914,600,289242,1.78,NQNX,12544
SUNE,20250717 15:39:33.393000,47195048,100,289342,1.78,NQNX,12544
SUNE,20250717 15:39:36.137000,47201824,300,289642,1.78,NQNX,12544
SUNE,20250717 15:39:51.603000,47236790,400,290042,1.77,NQNX,12544
SUNE,20250717 15:39:53.101000,47240353,1,290043,1.77,NQNX,12659
SUNE,20250717 15:39:56.942000,47252366,1000,291043,1.77,NQNX,12544
SUNE,20250717 15:39:59.008000,47256853,300,291343,1.77,NQNX,12544
SUNE,20250717 15:40:11.082000,47288300,3,291346,1.77,NTRF,12659
SUNE,20250717 15:40:17.519000,47306933,500,291846,1.77,NQNX,12544
SUNE,20250717 15:40:17.886000,47307699,100,291946,1.77,NQEX,12544
SUNE,20250717 15:40:17.886000,47307702,10,292256,1.77,EDGX,12659
SUNE,20250717 15:40:17.886000,47307703,15,292271,1.77,NQEX,12659
SUNE,20250717 15:40:17.886000,47307705,90,292561,1.77,NQNX,12659
SUNE,20250717 15:40:17.886000,47307704,200,292471,1.77,MIAX,12544
SUNE,20250717 15:40:17.886000,47307707,200,292761,1.77,IEX,12544
SUNE,20250717 15:40:17.886000,47307700,200,292146,1.77,NQEX,12544
SUNE,20250717 15:40:17.886000,47307708,6,292767,1.77,NQEX,12659
SUNE,20250717 15:40:17.886000,47307701,100,292246,1.77,NQEX,12544
SUNE,20250717 15:40:23.160000,47320224,400,293167,1.75,NQNX,12544
SUNE,20250717 15:40:34.884000,47346103,400,293567,1.77,NQNX,12544
SUNE,20250717 15:40:39.960000,47356969,3,293570,1.75,NQNX,12659
SUNE,20250717 15:40:43.094000,47364695,142,293712,1.74,NTRF,12544
SUNE,20250717 15:40:43.967000,47366187,200,293912,1.77,NQNX,12544
SUNE,20250717 15:40:51.569000,47386471,1,293913,1.75,NQNX,12659
SUNE,20250717 15:41:05.806000,47423059,500,294413,1.74,NQNX,12544
SUNE,20250717 15:41:12.171000,47436310,1,294414,1.76,NQNX,12659
SUNE,20250717 15:41:12.197000,47436341,200,294614,1.76,NQNX,12544
SUNE,20250717 15:41:12.198000,47436350,412,295026,1.76,NQNX,12544
SUNE,20250717 15:41:12.509000,47436772,1,295027,1.76,NQNX,12659
SUNE,20250717 15:41:13.021000,47437767,1,295028,1.76,NQNX,12659
SUNE,20250717 15:41:16.937000,47449072,500,295528,1.75,NQNX,12544
SUNE,20250717 15:41:17.252000,47449769,2000,297528,1.75,NQNX,12544
SUNE,20250717 15:41:50.613000,47528834,2,297530,1.77,NQNX,12659
SUNE,20250717 15:41:52.585000,47533624,8,297538,1.76,NQNX,12659
SUNE,20250717 15:41:52.595000,47533640,326,297864,1.76,BATS,12544
SUNE,20250717 15:41:52.595000,47533641,424,298288,1.76,NQNX,12544
SUNE,20250717 15:42:00.641000,47552866,3,298291,1.75,NQNX,12659
SUNE,20250717 15:42:20.857000,47600247,10,298301,1.76,NQNX,12659
SUNE,20250717 15:42:48.406000,47675767,6,298307,1.75,NQNX,12659
SUNE,20250717 15:42:57.394000,47696705,2,298309,1.75,NQNX,12659
SUNE,20250717 15:42:58.522000,47698937,200,298509,1.77,NQEX,12639
SUNE,20250717 15:42:58.523000,47698940,62,298571,1.77,NQEX,12659
SUNE,20250717 15:42:58.523000,47698941,100,298671,1.77,PACF,12639
SUNE,20250717 15:42:58.523000,47698942,138,298809,1.77,NQEX,12639
SUNE,20250717 15:42:58.524000,47698944,180,298989,1.77,NQNX,12544
SUNE,20250717 15:42:58.525000,47698950,200,299505,1.77,IEX,12544
SUNE,20250717 15:42:58.525000,47698947,100,299089,1.77,NQEX,12544
SUNE,20250717 15:42:58.525000,47698948,138,299227,1.77,NQEX,12544
SUNE,20250717 15:42:58.525000,47698949,78,299305,1.77,NQEX,12659
SUNE,20250717 15:43:00.746000,47703893,281,299786,1.76,NQNX,12544
SUNE,20250717 15:43:01.278000,47705325,1,299787,1.76,NQNX,12659
SUNE,20250717 15:43:01.403000,47705798,200,299987,1.77,NQNX,12544
SUNE,20250717 15:43:01.721000,47706505,1,299988,1.76,NQNX,12659
SUNE,20250717 15:43:09.355000,47726297,6,299994,1.76,NQNX,12659
SUNE,20250717 15:43:09.356000,47726298,1994,301988,1.76,NQNX,12544
SUNE,20250717 15:43:12.532000,47734231,200,302188,1.77,PACF,12544
SUNE,20250717 15:43:14.013000,47738463,200,302388,1.77,PACF,12544
SUNE,20250717 15:43:15.012000,47741979,200,302588,1.77,PACF,12544
SUNE,20250717 15:43:15.685000,47744719,20,302608,1.76,NQNX,12659
SUNE,20250717 15:43:17.701000,47751134,1,302609,1.76,NQNX,12659
SUNE,20250717 15:43:31.528000,47787433,3,302612,1.76,NQNX,12659
SUNE,20250717 15:43:44.488000,47817677,397,303009,1.76,NTRF,12544
SUNE,20250717 15:43:49.688000,47829071,500,303509,1.76,NQNX,12544
SUNE,20250717 15:43:50.824000,47831541,20,303529,1.76,NQNX,12659
SUNE,20250717 15:43:52.472000,47835496,640,304169,1.76,NQNX,12544
SUNE,20250717 15:43:52.473000,47835497,1360,305529,1.76,NQNX,12544
SUNE,20250717 15:43:57.974000,47849476,6,305535,1.76,NQNX,12659
SUNE,20250717 15:43:58.064000,47849720,50,305585,1.77,NQNX,12659
SUNE,20250717 15:44:01.968000,47861052,25,305610,1.76,NQNX,12659
SUNE,20250717 15:44:23.492000,47925143,68,305678,1.76,NQNX,12659
SUNE,20250717 15:44:40.641000,47970565,50,305728,1.76,NQNX,12659
SUNE,20250717 15:44:40.935000,47971690,800,306528,1.76,NQNX,12544
SUNE,20250717 15:44:40.949000,47971717,200,306728,1.76,NQNX,12544
SUNE,20250717 15:44:40.949000,47971718,100,306828,1.76,NQEX,12639
SUNE,20250717 15:44:40.949000,47971719,73,306901,1.76,NQEX,12659
SUNE,20250717 15:44:40.950000,47971722,31,306932,1.76,PACF,12659
SUNE,20250717 15:44:40.951000,47971723,115,307047,1.76,IEX,12544
SUNE,20250717 15:44:40.951000,47971725,200,307247,1.76,NQNX,12544
SUNE,20250717 15:45:06.011000,48041482,28,307275,1.75,NQNX,12659
SUNE,20250717 15:45:06.017000,48041497,1,307276,1.75,NQNX,12659
SUNE,20250717 15:45:07.672000,48046375,3330,310606,1.76,NQNX,12544
SUNE,20250717 15:45:14.189000,48063591,1,310607,1.75,NQNX,12659
SUNE,20250717 15:45:29.040000,48103390,1,310608,1.75,NQNX,12659
SUNE,20250717 15:45:38.884000,48130925,46,310654,1.75,NQNX,12659
SUNE,20250717 15:45:39.139000,48131595,1,310655,1.75,NQNX,12659
SUNE,20250717 15:45:39.752000,48133399,500,311155,1.75,NQNX,12544
SUNE,20250717 15:45:39.899000,48133720,150,311305,1.75,NQNX,12544
SUNE,20250717 15:45:40.028000,48134508,1,311306,1.75,NQNX,12659
SUNE,20250717 15:45:45.639000,48149956,300,311606,1.76,BTRF,12544
SUNE,20250717 15:45:53.201000,48174200,100,311706,1.75,NQNX,12544
SUNE,20250717 15:46:19.641000,48253274,168,311874,1.75,NQNX,12544
SUNE,20250717 15:46:30.664000,48281505,1,311875,1.75,NQNX,12659
SUNE,20250717 15:46:32.590000,48286507,285,312160,1.75,NQNX,12544
SUNE,20250717 15:46:32.880000,48287389,100,312280,1.75,NQEX,12639
SUNE,20250717 15:46:32.880000,48287388,10,312180,1.75,PACF,12659
SUNE,20250717 15:46:32.880000,48287387,10,312170,1.75,PACF,12659
SUNE,20250717 15:46:32.881000,48287401,25,312305,1.75,NQNX,12659
SUNE,20250717 15:46:33.707000,48289421,250,312555,1.73,NQNX,12544
SUNE,20250717 15:46:52.834000,48343878,20,312575,1.75,NQNX,12659
SUNE,20250717 15:46:53.492000,48345478,100,312675,1.75,EDGE,12544
SUNE,20250717 15:46:53.493000,48345480,100,312775,1.76,IEX,12544
SUNE,20250717 15:47:34.714000,48455794,1,312776,1.73,NQNX,12659
SUNE,20250717 15:47:47.732000,48495462,1,312777,1.74,NQNX,12659
SUNE,20250717 15:47:47.766000,48495575,285,313062,1.74,NQNX,12544
SUNE,20250717 15:47:48.103000,48496368,1,313063,1.74,NQNX,12659
SUNE,20250717 15:48:16.086000,48582706,285,313348,1.73,NQNX,12544
SUNE,20250717 15:49:02.772000,48719103,1,313349,1.74,NQNX,12659
SUNE,20250717 15:50:18.120000,49079099,300,313649,1.74,NQNX,12544
SUNE,20250717 15:51:05.083000,49285421,500,314149,1.73,NQNX,12544
SUNE,20250717 15:51:08.571000,49298180,117,314266,1.74,NQNX,12544
SUNE,20250717 15:51:16.917000,49328658,100,314366,1.74,NQNX,12544
SUNE,20250717 15:51:38.730000,49420403,57,314423,1.74,NQNX,12659
SUNE,20250717 15:51:39.392000,49423428,1,314424,1.74,NQNX,12659
SUNE,20250717 15:51:39.990000,49425023,2,314426,1.73,NQNX,12659
SUNE,20250717 15:52:02.473000,49520465,3,314429,1.74,NTRF,12659
SUNE,20250717 15:52:16.544000,49586215,1,314430,1.74,NQNX,12659
SUNE,20250717 15:52:38.020000,49668964,100,314530,1.75,NQNX,12544
SUNE,20250717 15:53:06.826000,49798097,20,314550,1.74,NQNX,12659
SUNE,20250717 15:53:08.645000,49804583,500,315050,1.74,NQNX,12544
SUNE,20250717 15:53:50.510000,49996081,1,315051,1.74,NQNX,12659
SUNE,20250717 15:54:13.336000,50113184,5800,320851,1.74,NQNX,12544
SUNE,20250717 15:55:26.786000,50718955,80,320931,1.73,NTRF,12659
SUNE,20250717 15:55:35.674000,50772539,14,320945,1.74,NQNX,12659
SUNE,20250717 15:55:43.121000,50815970,20,320965,1.74,NQNX,12659
SUNE,20250717 15:55:51.331000,50863949,100,321065,1.74,PACF,12639
SUNE,20250717 15:55:53.221000,50874796,69,321320,1.76,BATY,12659
SUNE,20250717 15:55:53.221000,50874795,186,321251,1.76,BATY,12544
SUNE,20250717 15:55:55.130000,50886883,33,323375,1.76,NQEX,12659
SUNE,20250717 15:55:55.130000,50886882,22,323342,1.76,NQEX,12659
SUNE,20250717 15:55:55.130000,50886881,2000,323320,1.76,EDGX,12639
SUNE,20250717 15:55:55.130000,50886884,117,323492,1.76,EDGX,12639
SUNE,20250717 15:55:55.131000,50886885,109,323601,1.76,EDGX,12639
SUNE,20250717 15:55:55.131000,50886887,200,324575,1.77,NQEX,12639
SUNE,20250717 15:55:55.131000,50886888,100,324675,1.77,NQEX,12639
SUNE,20250717 15:55:55.131000,50886889,100,324775,1.77,NQEX,12639
SUNE,20250717 15:55:55.131000,50886890,22,324797,1.77,NQEX,12659
SUNE,20250717 15:55:55.131000,50886886,774,324375,1.76,EDGX,12639
SUNE,20250717 15:55:55.132000,50886893,200,324997,1.78,NQNX,12544
SUNE,20250717 15:55:55.133000,50886907,1463,326460,1.77,NQNX,12544
SUNE,20250717 15:55:55.134000,50886915,600,327060,1.77,NQNX,12544
SUNE,20250717 15:55:55.181000,50887153,44,327104,1.78,BOST,12659
SUNE,20250717 15:56:12.387000,51008923,200,327304,1.76,NQNX,12544
SUNE,20250717 15:56:17.800000,51041388,1,327305,1.76,NQNX,12659
SUNE,20250717 15:56:29.843000,51125126,500,327805,1.76,NQNX,12544
SUNE,20250717 15:56:31.408000,51137135,25,327830,1.76,NQNX,12659
SUNE,20250717 15:57:08.506000,51412694,93,327939,1.76,BATY,12659
SUNE,20250717 15:57:08.506000,51412693,16,327846,1.76,NQEX,12659
SUNE,20250717 15:57:09.982000,51421873,12,327951,1.75,NQNX,12659
SUNE,20250717 15:57:10.649000,51426955,1,327952,1.75,NQNX,12659
SUNE,20250717 15:57:25.257000,51538176,1,327953,1.75,NQNX,12659
SUNE,20250717 15:57:59.120000,51828080,100,328053,1.76,NQNX,12544
SUNE,20250717 15:58:00.211000,51846775,2,328828,1.76,NQEX,12659
SUNE,20250717 15:58:00.211000,51846774,2,328826,1.76,NQEX,12659
SUNE,20250717 15:58:00.211000,51846773,2,328824,1.76,NQEX,12659
SUNE,20250717 15:58:00.211000,51846772,2,328822,1.76,NQEX,12659
SUNE,20250717 15:58:00.211000,51846771,3,328820,1.76,NQEX,12659
SUNE,20250717 15:58:00.211000,51846770,2,328817,1.76,NQEX,12659
SUNE,20250717 15:58:00.211000,51846767,2,328806,1.76,NQEX,12659
SUNE,20250717 15:58:00.211000,51846766,36,328804,1.76,NQEX,12659
SUNE,20250717 15:58:00.211000,51846747,1,328673,1.76,NQEX,12659
SUNE,20250717 15:58:00.211000,51846768,9,328815,1.76,NQEX,12659
SUNE,20250717 15:58:00.211000,51846776,3,328831,1.76,NQEX,12659
SUNE,20250717 15:58:00.211000,51846777,2,328833,1.76,NQEX,12659
SUNE,20250717 15:58:00.211000,51846752,1,328676,1.76,NQEX,12659
SUNE,20250717 15:58:00.211000,51846750,1,328674,1.76,NQEX,12659
SUNE,20250717 15:58:00.211000,51846802,11,328857,1.76,BATY,12659
SUNE,20250717 15:58:00.211000,51846784,2,328846,1.76,NQEX,12659
SUNE,20250717 15:58:00.211000,51846783,1,328844,1.76,NQEX,12659
SUNE,20250717 15:58:00.211000,51846781,2,328841,1.76,NQEX,12659
SUNE,20250717 15:58:00.211000,51846780,2,328839,1.76,NQEX,12659
SUNE,20250717 15:58:00.211000,51846779,2,328837,1.76,NQEX,12659
SUNE,20250717 15:58:00.211000,51846778,2,328835,1.76,NQEX,12659
SUNE,20250717 15:58:00.211000,51846782,2,328843,1.76,NQEX,12659
SUNE,20250717 15:58:00.211000,51846751,1,328675,1.76,NQEX,12659
SUNE,20250717 15:58:00.211000,51846746,1,328672,1.76,NQEX,12659
SUNE,20250717 15:58:00.211000,51846745,1,328671,1.76,NQEX,12659
SUNE,20250717 15:58:00.211000,51846755,1,328679,1.76,NQEX,12659
SUNE,20250717 15:58:00.211000,51846754,1,328678,1.76,NQEX,12659
SUNE,20250717 15:58:00.211000,51846753,1,328677,1.76,NQEX,12659
SUNE,20250717 15:58:00.211000,51846738,484,328537,1.76,NQEX,12639
SUNE,20250717 15:58:00.211000,51846739,34,328571,1.76,NQEX,12659
SUNE,20250717 15:58:00.211000,51846740,36,328607,1.76,NQEX,12659
SUNE,20250717 15:58:00.211000,51846741,61,328668,1.76,NQEX,12659
SUNE,20250717 15:58:00.211000,51846742,1,328669,1.76,NQEX,12659
SUNE,20250717 15:58:00.211000,51846743,1,328670,1.76,NQEX,12659
SUNE,20250717 15:58:00.211000,51846756,1,328680,1.76,NQEX,12659
SUNE,20250717 15:58:00.211000,51846765,15,328768,1.76,NQEX,12659
SUNE,20250717 15:58:00.211000,51846764,66,328753,1.76,NQEX,12659
SUNE,20250717 15:58:00.211000,51846763,1,328687,1.76,NQEX,12659
SUNE,20250717 15:58:00.211000,51846762,1,328686,1.76,NQEX,12659
SUNE,20250717 15:58:00.211000,51846757,1,328681,1.76,NQEX,12659
SUNE,20250717 15:58:00.211000,51846760,1,328684,1.76,NQEX,12659
SUNE,20250717 15:58:00.211000,51846759,1,328683,1.76,NQEX,12659
SUNE,20250717 15:58:00.211000,51846758,1,328682,1.76,NQEX,12659
SUNE,20250717 15:58:00.211000,51846761,1,328685,1.76,NQEX,12659
SUNE,20250717 15:58:01.162000,51862647,200,329057,1.77,NQNX,12544
SUNE,20250717 15:58:08.416000,51952596,1215,330272,1.76,NQNX,12544
SUNE,20250717 15:58:08.420000,51952643,300,330572,1.77,NQNX,12544
SUNE,20250717 15:58:09.030000,51958189,29,330709,1.77,IEX,12659
SUNE,20250717 15:58:09.030000,51958188,4,330680,1.77,IEX,12659
SUNE,20250717 15:58:09.030000,51958186,100,330672,1.77,IEX,12544
SUNE,20250717 15:58:09.030000,51958187,4,330676,1.77,IEX,12659
SUNE,20250717 15:58:30.433000,52178204,7000,337709,1.76,NQNX,12544
SUNE,20250717 15:58:30.442000,52178275,3,337712,1.77,IEX,12659
SUNE,20250717 15:58:30.442000,52178283,79,337791,1.77,NQEX,12659
SUNE,20250717 15:58:30.442000,52178285,97,337888,1.77,BATY,12659
SUNE,20250717 15:58:30.448000,52178327,21,337909,1.77,NQEX,12659
SUNE,20250717 15:58:30.448000,52178328,100,338009,1.77,NQEX,12639
SUNE,20250717 15:58:30.448000,52178329,76,338085,1.77,NQEX,12659
SUNE,20250717 15:58:44.584000,52338578,5,338090,1.77,NQEX,12659
SUNE,20250717 15:58:59.308000,52502789,2,338092,1.77,IEX,12659
SUNE,20250717 15:58:59.308000,52502790,4,338096,1.77,IEX,12659
SUNE,20250717 15:58:59.310000,52502803,14,338209,1.77,NQEX,12659
SUNE,20250717 15:58:59.310000,52502802,36,338195,1.77,NQEX,12659
SUNE,20250717 15:58:59.310000,52502801,44,338159,1.77,NQEX,12659
SUNE,20250717 15:58:59.310000,52502800,19,338115,1.77,NQEX,12659
SUNE,20250717 15:59:11.272000,52674357,1,338210,1.76,NQNX,12659
SUNE,20250717 15:59:32.357000,53024345,100,338310,1.77,BOST,12544
SUNE,20250717 15:59:32.358000,53024351,1400,339710,1.77,NQNX,12544
SUNE,20250717 15:59:32.388000,53024806,100,339810,1.78,NQNX,12544
SUNE,20250717 15:59:32.416000,53025289,300,340110,1.78,NQNX,12544
SUNE,20250717 15:59:32.455000,53026210,70,340180,1.78,NQNX,12659
SUNE,20250717 15:59:32.461000,53026287,16,340196,1.78,NQNX,12659
SUNE,20250717 15:59:49.304000,53367255,2,340198,1.76,NQEX,12659
SUNE,20250717 15:59:49.304000,53367256,24,340222,1.76,NQEX,12659
SUNE,20250717 15:59:50.616000,53412089,2,340224,1.77,NQEX,12659
SUNE,20250717 15:59:52.765000,53464385,100,340632,1.78,NQEX,12639
SUNE,20250717 15:59:52.765000,53464383,100,340332,1.77,NQEX,12639
SUNE,20250717 15:59:52.765000,53464386,62,340694,1.78,NQEX,12659
SUNE,20250717 15:59:52.765000,53464382,8,340232,1.77,NQEX,12659
SUNE,20250717 15:59:52.765000,53464384,200,340532,1.78,NQEX,12639
SUNE,20250717 15:59:55.108000,53521117,20,340714,1.77,NQEX,12659
SUNE,20250717 16:00:00.065000,53653058,100,340814,1.78,PACF,12595
SUNE,20250717 16:00:00.114000,53656721,856,342526,1.76,NQEX,12595
SUNE,20250717 16:00:00.114000,53656717,856,341670,1.76,NQEX,12642
SUNE,20250717 16:00:41.437000,53699646,5,342531,1.71,PACF,12545
SUNE,20250717 16:01:09.114000,53706647,5,342536,1.7,NQNX,12545
SUNE,20250717 16:01:16.539000,53709452,3000,345536,1.68,NTRF,12545
SUNE,20250717 16:03:44.478000,53745314,1,345537,1.68,NQNX,12545
SUNE,20250717 16:04:03.584000,53750038,6,345543,1.7,NQNX,12545
SUNE,20250717 16:05:26.511000,53786777,21,345564,1.7,NQNX,12545
SUNE,20250717 16:06:35.963000,53803027,4,345568,1.76,NQEX,12545
SUNE,20250717 16:11:47.072000,53862816,8,345576,1.73,EDGX,12545
SUNE,20250717 16:11:47.072000,53862817,492,346068,1.73,EDGX,12545
SUNE,20250717 16:12:34.833000,53870034,8,346076,1.76,EDGX,12545
SUNE,20250717 16:12:34.833000,53870035,2,346078,1.76,PACF,12545
SUNE,20250717 16:12:34.835000,53870036,101,346179,1.77,NQNX,12545
SUNE,20250717 16:13:45.133000,53881645,49,346228,1.75,NQNX,12545
SUNE,20250717 16:15:18.174000,53897117,9,346237,1.71,NTRF,12545
SUNE,20250717 16:15:31.146000,53899040,5,346242,1.76,NQNX,12545
SUNE,20250717 16:17:42.989000,53920783,35,346277,1.76,EDGX,12545
SUNE,20250717 16:17:42.989000,53920784,265,346542,1.76,EDGX,12545
SUNE,20250717 16:17:42.989000,53920785,245,346787,1.76,EDGX,12545
SUNE,20250717 16:20:23.858000,53947388,108,346895,1.77,NQNX,12545
SUNE,20250717 16:20:51.343000,53951154,27,346922,1.76,NQNX,12545
SUNE,20250717 16:22:49.221000,53964778,2000,348922,1.7,NQNX,12545
SUNE,20250717 16:23:01.129000,53966343,30,348952,1.77,NQNX,12545
SUNE,20250717 16:23:57.654000,53972723,200,349152,1.77,NQNX,12545
SUNE,20250717 16:25:04.925000,53980386,130,349282,1.7,NTRF,12545
SUNE,20250717 16:26:15.134000,53989552,1,349283,1.75,PACF,12545
SUNE,20250717 16:27:06.748000,53994958,1,349284,1.75,PACF,12545
SUNE,20250717 16:27:23.445000,53996815,4,349288,1.77,NQNX,12545
SUNE,20250717 16:33:15.709000,54032432,56,349344,1.74,PACF,12545
SUNE,20250717 16:33:29.144000,54034258,50,349394,1.76,PACF,12545
SUNE,20250717 16:33:46.506000,54035952,894,350288,1.76,NQNX,12545
SUNE,20250717 16:34:08.219000,54037867,3,350291,1.76,NQNX,12545
SUNE,20250717 16:36:37.310000,54052380,17,350311,1.76,NQNX,12545
SUNE,20250717 16:36:37.310000,54052379,3,350294,1.74,PACF,12545
SUNE,20250717 16:37:28.420000,54057621,1,350312,1.7,NQNX,12545
SUNE,20250717 16:37:29.213000,54057682,5,350317,1.76,PACF,12545
SUNE,20250717 16:39:00.690000,54065031,200,350517,1.7,NQNX,12545
SUNE,20250717 16:44:41.638000,54092885,227,350744,1.71,NQNX,12545
SUNE,20250717 16:57:41.068000,54149052,26,350770,1.71,NQNX,12545
SUNE,20250717 17:03:37.434000,54176059,1,350771,1.75,NQNX,12545
SUNE,20250717 17:05:17.044000,54185069,2,350773,1.74,NQNX,12545
SUNE,20250717 17:06:40.069000,54191401,1,350774,1.74,NQNX,12545
SUNE,20250717 17:09:31.385000,54204483,14,350804,1.72,PACF,12545
SUNE,20250717 17:09:31.385000,54204481,15,350789,1.75,PACF,12545
SUNE,20250717 17:09:31.385000,54204482,1,350790,1.74,PACF,12545
SUNE,20250717 17:15:10.405000,54232474,1,350805,1.76,PACF,12545
SUNE,20250717 17:16:09.518000,54237799,5,350810,1.74,NQNX,12545
SUNE,20250717 17:16:53.033000,54242103,64,350952,1.77,NQEX,12545
SUNE,20250717 17:16:53.033000,54242102,9,350888,1.77,EDGX,12545
SUNE,20250717 17:16:53.033000,54242100,59,350869,1.76,PACF,12545
SUNE,20250717 17:16:53.033000,54242101,10,350879,1.77,EDGX,12545
SUNE,20250717 17:16:53.033000,54242104,858,351810,1.77,PACF,12545
SUNE,20250717 17:17:44.897000,54247060,4,351814,1.74,NQNX,12545
SUNE,20250717 17:17:48.033000,54247368,115,351929,1.77,NQNX,12545
SUNE,20250717 17:18:35.519000,54251104,12,351941,1.76,NQNX,12545
SUNE,20250717 17:20:18.084000,54260302,1,351942,1.76,NQNX,12545
SUNE,20250717 17:21:36.569000,54266630,10,351952,1.76,NQNX,12545
SUNE,20250717 17:29:33.817000,54301992,25,351977,1.76,PACF,12545
SUNE,20250717 17:29:33.819000,54301993,50,352027,1.76,NQNX,12545
SUNE,20250717 17:29:39.094000,54302385,5,352032,1.76,NQNX,12545
SUNE,20250717 17:29:40.179000,54302465,49,352081,1.77,NQNX,12545
SUNE,20250717 17:30:04.551000,54304011,475,352556,1.77,PACF,12545
SUNE,20250717 17:32:29.835000,54314686,300,352856,1.77,NQNX,12545
SUNE,20250717 17:32:51.550000,54316281,80,352936,1.77,NQNX,12545
SUNE,20250717 17:40:03.085000,54349813,2,353724,1.77,PACF,12545
SUNE,20250717 17:40:03.085000,54349808,71,353088,1.77,NQEX,12545
SUNE,20250717 17:40:03.085000,54349809,87,353175,1.77,EDGX,12545
SUNE,20250717 17:40:03.085000,54349810,328,353503,1.77,NQEX,12545
SUNE,20250717 17:40:03.085000,54349811,200,353703,1.77,NQEX,12545
SUNE,20250717 17:40:03.085000,54349812,19,353722,1.77,PACF,12545
SUNE,20250717 17:40:03.085000,54349807,25,353017,1.77,MEMX,12545
SUNE,20250717 17:40:03.085000,54349806,56,352992,1.76,PACF,12545
SUNE,20250717 17:40:03.086000,54349817,50,354609,1.77,PACF,12545
SUNE,20250717 17:40:03.086000,54349816,185,354559,1.77,NQNX,12545
SUNE,20250717 17:40:03.086000,54349815,600,354374,1.77,EDGX,12545
SUNE,20250717 17:40:03.086000,54349814,50,353774,1.77,NQEX,12545
SUNE,20250717 17:41:15.774000,54355718,1,354610,1.72,NQNX,12545
SUNE,20250717 17:45:53.684000,54376121,2,354612,1.76,NQNX,12545
SUNE,20250717 17:54:02.021000,54413538,50,354662,1.76,NQNX,12545
SUNE,20250717 17:59:28.252000,54440103,1,354663,1.74,NQNX,12545
SUNE,20250717 18:00:34.895000,54446127,50,354713,1.72,BATS,12545
SUNE,20250717 18:00:36.481000,54446208,10,354723,1.72,NQNX,12545
SUNE,20250717 18:00:52.218000,54447513,125,354848,1.72,NQNX,12545
SUNE,20250717 18:01:28.913000,54449716,1,354849,1.74,EDGX,12545
SUNE,20250717 18:02:20.172000,54453710,63,354913,1.74,EDGX,12545
SUNE,20250717 18:02:20.172000,54453709,1,354850,1.74,EDGX,12545
SUNE,20250717 18:02:56.660000,54456694,20,354933,1.73,NQNX,12545
SUNE,20250717 18:03:15.729000,54457744,2,354935,1.73,NQNX,12545
SUNE,20250717 18:03:17.301000,54457815,1,354936,1.74,EDGX,12545
SUNE,20250717 18:03:27.347000,54458491,2,354938,1.73,NQNX,12545
SUNE,20250717 18:03:43.623000,54459780,500,355438,1.74,EDGX,12545
SUNE,20250717 18:03:50.526000,54460226,1,355439,1.74,EDGX,12545
SUNE,20250717 18:05:29.269000,54466341,22,355461,1.73,NQNX,12545
SUNE,20250717 18:11:07.038000,54489805,44,355505,1.73,NQNX,12545
SUNE,20250717 18:11:45.889000,54492424,10,355515,1.73,NQNX,12545
SUNE,20250717 18:14:01.949000,54501045,10,355525,1.74,NQNX,12545
SUNE,20250717 18:27:04.320000,54548567,1,355526,1.73,NQNX,12545
SUNE,20250717 18:30:36.964000,54560782,1,355527,1.73,PACF,12545
SUNE,20250717 18:31:33.153000,54563700,50,355577,1.73,PACF,12545
SUNE,20250717 18:33:12.109000,54569064,1,355578,1.73,NQNX,12545
SUNE,20250717 18:37:02.442000,54581475,1,355579,1.73,NQNX,12545
SUNE,20250717 18:37:46.520000,54583654,9,355588,1.73,NQNX,12545
SUNE,20250717 18:38:21.431000,54585692,400,355988,1.74,EDGX,12545
SUNE,20250717 18:44:25.649000,54604578,24,356012,1.73,PACF,12545
SUNE,20250717 18:44:25.650000,54604579,476,356488,1.72,NQNX,12545
SUNE,20250717 18:44:47.499000,54605781,500,356988,1.72,NQNX,12545
SUNE,20250717 18:50:42.199000,54624197,1,356989,1.73,NQNX,12545
SUNE,20250717 18:53:19.249000,54632506,33,357022,1.74,EDGX,12545
SUNE,20250717 18:53:45.894000,54633819,500,357522,1.76,NQNX,12545
SUNE,20250717 18:54:07.966000,54635257,17,357539,1.77,NQNX,12545
SUNE,20250717 18:55:01.710000,54638248,58,357597,1.77,NQEX,12545
SUNE,20250717 18:55:31.500000,54639670,11,357608,1.76,NQNX,12545
SUNE,20250717 18:58:17.389000,54647337,171,357779,1.76,NQNX,12545
SUNE,20250717 19:00:54.649000,54653694,20,357799,1.76,NQNX,12545
SUNE,20250717 19:04:02.547000,54660955,5,357804,1.76,NQNX,12545
SUNE,20250717 19:04:04.899000,54661066,5,357809,1.76,NQNX,12545
SUNE,20250717 19:07:26.666000,54669437,167,357976,1.76,PACF,12545
SUNE,20250717 19:12:48.043000,54683188,1,357977,1.73,NQNX,12545
SUNE,20250717 19:18:10.082000,54696966,50,358027,1.73,NTRF,12545
SUNE,20250717 19:18:46.688000,54698398,22,358049,1.77,NQNX,12545
SUNE,20250717 19:24:44.828000,54713187,65,358114,1.77,NQNX,12545
SUNE,20250717 19:26:16.125000,54716840,1,358115,1.73,NQNX,12545
SUNE,20250717 19:26:27.810000,54717315,1000,359115,1.73,NTRF,12545
SUNE,20250717 19:26:50.937000,54718132,1,359116,1.76,EDGX,12545
SUNE,20250717 19:32:50.715000,54731606,500,359616,1.73,NQNX,12545
SUNE,20250717 19:33:45.086000,54733477,50,359666,1.73,NQNX,12545
SUNE,20250717 19:36:31.381000,54739078,1,359667,1.73,NQNX,12545
SUNE,20250717 19:38:06.180000,54742845,12,359679,1.77,NQNX,12545
SUNE,20250717 19:41:19.283000,54749798,10,359689,1.73,NQNX,12545
SUNE,20250717 19:42:19.967000,54752174,1,359690,1.76,EDGX,12545
SUNE,20250717 19:42:32.212000,54752695,1,359691,1.76,EDGX,12545
SUNE,20250717 19:45:47.783000,54759372,4,359695,1.73,NQNX,12545
SUNE,20250717 19:46:28.134000,54760876,25,359720,1.76,NQNX,12545
SUNE,20250717 19:48:25.331000,54766379,273,359993,1.76,NQNX,12545
SUNE,20250717 19:48:25.333000,54766380,100,360093,1.77,NTRF,12545
SUNE,20250717 19:48:33.106000,54766770,17,360110,1.73,NQNX,12545
SUNE,20250717 19:49:00.029000,54767919,1,360111,1.76,EDGX,12545
SUNE,20250717 19:49:14.011000,54768698,1,360112,1.76,EDGX,12545
SUNE,20250717 19:49:17.348000,54768823,6,360119,1.76,EDGX,12545
SUNE,20250717 19:49:17.348000,54768822,1,360113,1.76,EDGX,12545
SUNE,20250717 19:50:56.485000,54772799,1,360120,1.77,NQNX,12545
SUNE,20250717 19:56:21.799000,54786086,100,360220,1.77,NTRF,12545
SUNE,20250717 19:56:31.380000,54786487,10,360230,1.76,NQNX,12545
SUNE,20250717 19:59:31.302000,54795411,1,360231,1.71,NQNX,14337
