SymbolId,BarStartTime,Index,Interval,Open,High,Low,Close,Volume,Vwap
SUNE, 20250717 04:38:24.000000,12050,1,1.62,1.62,1.62,1.62,1,1.62
SUNE, 20250717 04:43:25.000000,18653,1,1.62,1.62,1.62,1.62,2,1.62
SUNE, 20250717 05:21:41.000000,18665,1,1.62,1.62,1.62,1.62,1,1.62
SUNE, 20250717 05:21:45.000000,18735,1,1.62,1.62,1.62,1.62,1,1.62
SUNE, 20250717 05:22:09.000000,18772,1,1.62,1.62,1.62,1.62,1,1.62
SUNE, 20250717 05:22:25.000000,19024,1,1.62,1.62,1.62,1.62,1,1.62
SUNE, 20250717 05:23:41.000000,20193,1,1.62,1.62,1.62,1.62,7,1.62
SUNE, 20250717 05:30:13.000000,22750,1,1.62,1.62,1.62,1.62,3,1.62
SUNE, 20250717 05:46:57.000000,25780,1,1.62,1.62,1.62,1.62,10,1.62
SUNE, 20250717 06:08:00.000000,31616,1,1.62,1.62,1.62,1.62,14,1.62
SUNE, 20250717 06:50:32.000000,33198,1,1.64,1.64,1.64,1.64,60,1.64
SUNE, 20250717 07:00:07.000000,37333,1,1.66,1.66,1.66,1.66,391,1.66
SUNE, 20250717 07:20:38.000000,37800,1,1.66,1.66,1.66,1.66,1,1.66
SUNE, 20250717 07:23:22.000000,38009,1,1.66,1.66,1.66,1.66,1,1.66
SUNE, 20250717 07:24:43.000000,44073,1,1.66,1.66,1.66,1.66,48,1.66
SUNE, 20250717 08:00:01.000000,44119,1,1.67,1.67,1.67,1.67,54,1.67
SUNE, 20250717 08:00:02.000000,44221,1,1.66,1.66,1.66,1.66,100,1.66
SUNE, 20250717 08:00:05.000000,44299,1,1.67,1.67,1.67,1.67,2,1.67
SUNE, 20250717 08:00:07.000000,46122,1,1.66,1.66,1.61,1.62,132,1.62
SUNE, 20250717 08:02:22.000000,46547,1,1.62,1.62,1.62,1.62,20,1.62
SUNE, 20250717 08:03:09.000000,47979,1,1.62,1.62,1.62,1.62,1,1.62
SUNE, 20250717 08:06:09.000000,48293,1,1.67,1.67,1.67,1.67,1,1.67
SUNE, 20250717 08:06:51.000000,48667,1,1.66,1.66,1.66,1.66,598,1.66
SUNE, 20250717 08:07:39.000000,50542,1,1.65,1.65,1.64,1.64,22,1.65
SUNE, 20250717 08:11:38.000000,50659,1,1.66,1.66,1.66,1.66,200,1.66
SUNE, 20250717 08:11:51.000000,51005,1,1.63,1.63,1.63,1.63,11,1.63
SUNE, 20250717 08:12:32.000000,56700,1,1.63,1.63,1.63,1.63,55,1.63
SUNE, 20250717 08:24:22.000000,57054,1,1.65,1.65,1.65,1.65,4,1.65
SUNE, 20250717 08:25:06.000000,59817,1,1.63,1.63,1.63,1.63,200,1.63
SUNE, 20250717 08:30:36.000000,60677,1,1.63,1.63,1.63,1.63,200,1.63
SUNE, 20250717 08:31:59.000000,62453,1,1.62,1.62,1.62,1.62,2,1.62
SUNE, 20250717 08:34:50.000000,62867,1,1.63,1.63,1.62,1.62,500,1.62
SUNE, 20250717 08:35:35.000000,64140,1,1.62,1.62,1.62,1.62,1,1.62
SUNE, 20250717 08:37:37.000000,66510,1,1.63,1.63,1.63,1.63,10,1.63
SUNE, 20250717 08:41:14.000000,66965,1,1.62,1.62,1.62,1.62,200,1.62
SUNE, 20250717 08:41:55.000000,77389,1,1.63,1.63,1.63,1.63,1,1.63
SUNE, 20250717 08:58:09.000000,79654,1,1.63,1.63,1.63,1.63,200,1.63
SUNE, 20250717 09:01:24.000000,82426,1,1.62,1.62,1.62,1.62,799,1.62
SUNE, 20250717 09:05:11.000000,82479,1,1.62,1.62,1.62,1.62,20,1.62
SUNE, 20250717 09:05:15.000000,82690,1,1.62,1.62,1.62,1.62,1,1.62
SUNE, 20250717 09:05:33.000000,88492,1,1.65,1.65,1.65,1.65,700,1.65
SUNE, 20250717 09:13:49.000000,91071,1,1.64,1.64,1.64,1.64,5,1.64
SUNE, 20250717 09:17:27.000000,93012,1,1.64,1.64,1.64,1.64,42,1.64
SUNE, 20250717 09:20:16.000000,94484,1,1.65,1.65,1.65,1.65,100,1.65
SUNE, 20250717 09:22:15.000000,94986,1,1.65,1.65,1.64,1.65,200,1.65
SUNE, 20250717 09:22:57.000000,96730,1,1.64,1.64,1.64,1.64,200,1.64
SUNE, 20250717 09:25:17.000000,96869,1,1.62,1.62,1.62,1.62,1,1.62
SUNE, 20250717 09:25:29.000000,100447,1,1.62,1.62,1.62,1.62,20,1.62
SUNE, 20250717 09:30:00.000000,100670,1,1.64,1.64,1.64,1.64,2819,1.64
SUNE, 20250717 09:30:06.000000,103540,1,1.63,1.63,1.63,1.63,1,1.63
SUNE, 20250717 09:31:37.000000,107178,1,1.64,1.64,1.64,1.64,1,1.64
SUNE, 20250717 09:33:27.000000,107810,1,1.64,1.64,1.64,1.64,1,1.64
SUNE, 20250717 09:33:46.000000,112108,1,1.64,1.64,1.64,1.64,4,1.64
SUNE, 20250717 09:35:58.000000,115054,1,1.64,1.64,1.64,1.64,100,1.64
SUNE, 20250717 09:37:29.000000,115291,1,1.64,1.64,1.64,1.64,300,1.64
SUNE, 20250717 09:37:37.000000,116691,1,1.64,1.64,1.64,1.64,500,1.64
SUNE, 20250717 09:38:21.000000,122172,1,1.64,1.64,1.64,1.64,10,1.64
SUNE, 20250717 09:41:12.000000,122328,1,1.64,1.64,1.64,1.64,439,1.64
SUNE, 20250717 09:41:17.000000,122368,1,1.64,1.64,1.64,1.64,228,1.64
SUNE, 20250717 09:41:18.000000,124412,1,1.64,1.64,1.64,1.64,30,1.64
SUNE, 20250717 09:42:21.000000,125565,1,1.63,1.63,1.63,1.63,100,1.63
SUNE, 20250717 09:42:57.000000,125873,1,1.64,1.64,1.64,1.64,28,1.64
SUNE, 20250717 09:43:06.000000,128070,1,1.64,1.64,1.64,1.64,5,1.64
SUNE, 20250717 09:44:14.000000,128562,1,1.64,1.64,1.64,1.64,107,1.64
SUNE, 20250717 09:44:30.000000,135311,1,1.64,1.64,1.64,1.64,100,1.64
SUNE, 20250717 09:48:00.000000,135522,1,1.64,1.64,1.64,1.64,934,1.64
SUNE, 20250717 09:48:07.000000,135772,1,1.63,1.63,1.63,1.63,50,1.63
SUNE, 20250717 09:48:15.000000,137776,1,1.63,1.63,1.63,1.63,100,1.63
SUNE, 20250717 09:49:18.000000,138010,1,1.63,1.63,1.63,1.63,500,1.63
SUNE, 20250717 09:49:25.000000,138757,1,1.63,1.63,1.63,1.63,61,1.63
SUNE, 20250717 09:49:48.000000,138899,1,1.63,1.63,1.63,1.63,50,1.63
SUNE, 20250717 09:49:53.000000,139164,1,1.64,1.64,1.64,1.64,500,1.64
SUNE, 20250717 09:50:01.000000,141848,1,1.64,1.64,1.64,1.64,20,1.64
SUNE, 20250717 09:51:23.000000,142779,1,1.64,1.64,1.64,1.64,5,1.64
SUNE, 20250717 09:51:53.000000,143446,1,1.63,1.63,1.63,1.63,1000,1.63
SUNE, 20250717 09:52:14.000000,143804,1,1.63,1.63,1.63,1.63,31,1.63
SUNE, 20250717 09:52:25.000000,144884,1,1.64,1.64,1.64,1.64,300,1.64
SUNE, 20250717 09:52:59.000000,145179,1,1.63,1.63,1.63,1.63,500,1.63
SUNE, 20250717 09:53:08.000000,145194,1,1.63,1.63,1.63,1.63,1200,1.63
SUNE, 20250717 09:53:09.000000,145516,1,1.63,1.63,1.63,1.63,1710,1.63
SUNE, 20250717 09:53:19.000000,147254,1,1.63,1.63,1.63,1.63,195,1.63
SUNE, 20250717 09:54:13.000000,147733,1,1.63,1.63,1.63,1.63,1420,1.63
SUNE, 20250717 09:54:29.000000,149078,1,1.62,1.62,1.62,1.62,2,1.62
SUNE, 20250717 09:55:11.000000,149663,1,1.63,1.63,1.63,1.63,100,1.63
SUNE, 20250717 09:55:29.000000,151388,1,1.62,1.62,1.62,1.62,1,1.62
SUNE, 20250717 09:56:23.000000,151908,1,1.63,1.63,1.63,1.63,50,1.63
SUNE, 20250717 09:56:39.000000,152241,1,1.62,1.62,1.62,1.62,20,1.62
SUNE, 20250717 09:56:49.000000,152261,1,1.62,1.62,1.62,1.62,1,1.62
SUNE, 20250717 09:56:50.000000,155035,1,1.62,1.62,1.62,1.62,100,1.62
SUNE, 20250717 09:58:16.000000,160724,1,1.62,1.62,1.62,1.62,7,1.62
SUNE, 20250717 10:01:10.000000,163671,1,1.62,1.62,1.62,1.62,1,1.62
SUNE, 20250717 10:02:41.000000,164359,1,1.62,1.62,1.62,1.62,2,1.62
SUNE, 20250717 10:03:02.000000,165047,1,1.62,1.62,1.62,1.62,61,1.62
SUNE, 20250717 10:03:23.000000,168616,1,1.62,1.62,1.62,1.62,600,1.62
SUNE, 20250717 10:05:12.000000,169214,1,1.62,1.62,1.62,1.62,2,1.62
SUNE, 20250717 10:05:30.000000,170405,1,1.62,1.62,1.62,1.62,1,1.62
SUNE, 20250717 10:06:06.000000,172167,1,1.62,1.62,1.62,1.62,1,1.62
SUNE, 20250717 10:07:00.000000,172415,1,1.62,1.62,1.62,1.62,289,1.62
SUNE, 20250717 10:07:07.000000,174501,1,1.62,1.62,1.62,1.62,366,1.62
SUNE, 20250717 10:08:10.000000,178389,1,1.62,1.62,1.62,1.62,1,1.62
SUNE, 20250717 10:10:11.000000,179091,1,1.62,1.62,1.62,1.62,137,1.62
SUNE, 20250717 10:10:33.000000,181312,1,1.62,1.62,1.62,1.62,681,1.62
SUNE, 20250717 10:11:42.000000,183722,1,1.62,1.62,1.62,1.62,157,1.62
SUNE, 20250717 10:13:00.000000,185250,1,1.62,1.62,1.62,1.62,5,1.62
SUNE, 20250717 10:13:48.000000,185317,1,1.62,1.62,1.62,1.62,10,1.62
SUNE, 20250717 10:13:50.000000,185439,1,1.62,1.62,1.62,1.62,1100,1.62
SUNE, 20250717 10:13:54.000000,185543,1,1.61,1.61,1.61,1.61,1300,1.61
SUNE, 20250717 10:13:57.000000,185916,1,1.62,1.62,1.62,1.62,1,1.62
SUNE, 20250717 10:14:09.000000,186278,1,1.61,1.61,1.61,1.61,1,1.61
SUNE, 20250717 10:14:21.000000,186515,1,1.62,1.62,1.62,1.62,1,1.62
SUNE, 20250717 10:14:29.000000,189295,1,1.61,1.61,1.61,1.61,15,1.61
SUNE, 20250717 10:15:56.000000,190228,1,1.6,1.6,1.6,1.6,5,1.6
SUNE, 20250717 10:16:25.000000,193100,1,1.6,1.6,1.6,1.6,101,1.6
SUNE, 20250717 10:17:54.000000,196463,1,1.6,1.6,1.6,1.6,322,1.6
SUNE, 20250717 10:19:39.000000,196500,1,1.6,1.6,1.6,1.6,50,1.6
SUNE, 20250717 10:19:40.000000,197747,1,1.6,1.6,1.6,1.6,1064,1.6
SUNE, 20250717 10:20:19.000000,198894,1,1.6,1.6,1.6,1.6,50,1.6
SUNE, 20250717 10:20:55.000000,199000,1,1.6,1.6,1.6,1.6,52,1.6
SUNE, 20250717 10:20:59.000000,202626,1,1.6,1.6,1.6,1.6,10,1.6
SUNE, 20250717 10:22:55.000000,203183,1,1.6,1.6,1.6,1.6,1,1.6
SUNE, 20250717 10:23:12.000000,206287,1,1.6,1.6,1.6,1.6,52,1.6
SUNE, 20250717 10:24:49.000000,208156,1,1.6,1.6,1.6,1.6,89,1.6
SUNE, 20250717 10:25:47.000000,208424,1,1.61,1.61,1.6,1.6,79,1.61
SUNE, 20250717 10:25:56.000000,209993,1,1.6,1.6,1.6,1.6,100,1.6
SUNE, 20250717 10:26:44.000000,211367,1,1.6,1.6,1.6,1.6,5,1.6
SUNE, 20250717 10:27:27.000000,212398,1,1.6,1.6,1.6,1.6,1,1.6
SUNE, 20250717 10:27:59.000000,213351,1,1.61,1.61,1.61,1.61,100,1.61
SUNE, 20250717 10:28:29.000000,215610,1,1.6,1.6,1.6,1.6,3,1.6
SUNE, 20250717 10:29:40.000000,217619,1,1.6,1.6,1.6,1.6,1,1.6
SUNE, 20250717 10:30:45.000000,219018,1,1.61,1.61,1.61,1.61,20,1.61
SUNE, 20250717 10:31:29.000000,219150,1,1.61,1.61,1.61,1.61,1,1.61
SUNE, 20250717 10:31:33.000000,219305,1,1.6,1.6,1.6,1.6,20,1.6
SUNE, 20250717 10:31:38.000000,220949,1,1.6,1.6,1.6,1.6,348,1.6
SUNE, 20250717 10:32:30.000000,221198,1,1.6,1.6,1.6,1.6,3,1.6
SUNE, 20250717 10:32:38.000000,224655,1,1.6,1.6,1.6,1.6,1,1.6
SUNE, 20250717 10:34:31.000000,226669,1,1.61,1.61,1.61,1.61,14,1.61
SUNE, 20250717 10:35:36.000000,226977,1,1.6,1.6,1.6,1.6,38,1.6
SUNE, 20250717 10:35:46.000000,227324,1,1.6,1.6,1.6,1.6,70,1.6
SUNE, 20250717 10:35:57.000000,234685,1,1.61,1.61,1.61,1.61,8,1.61
SUNE, 20250717 10:39:54.000000,234899,1,1.61,1.61,1.61,1.61,1,1.61
SUNE, 20250717 10:40:01.000000,235692,1,1.6,1.6,1.6,1.6,60,1.6
SUNE, 20250717 10:40:26.000000,238653,1,1.6,1.6,1.6,1.6,1000,1.6
SUNE, 20250717 10:42:00.000000,238983,1,1.6,1.6,1.6,1.6,500,1.6
SUNE, 20250717 10:42:11.000000,242588,1,1.6,1.6,1.6,1.6,9,1.6
SUNE, 20250717 10:44:09.000000,244171,1,1.6,1.6,1.6,1.6,4,1.6
SUNE, 20250717 10:44:58.000000,245668,1,1.61,1.61,1.61,1.61,220,1.61
SUNE, 20250717 10:45:46.000000,248155,1,1.61,1.61,1.61,1.61,15,1.61
SUNE, 20250717 10:47:07.000000,251964,1,1.61,1.61,1.61,1.61,1,1.61
SUNE, 20250717 10:49:13.000000,255108,1,1.61,1.61,1.61,1.61,20,1.61
SUNE, 20250717 10:50:52.000000,257593,1,1.62,1.62,1.62,1.62,40,1.62
SUNE, 20250717 10:52:12.000000,260921,1,1.62,1.62,1.62,1.62,100,1.62
SUNE, 20250717 10:53:59.000000,262495,1,1.62,1.62,1.62,1.62,100,1.62
SUNE, 20250717 10:54:50.000000,267479,1,1.61,1.61,1.61,1.61,10,1.61
SUNE, 20250717 10:57:27.000000,272444,1,1.61,1.61,1.61,1.61,28,1.61
SUNE, 20250717 11:00:06.000000,275079,1,1.61,1.61,1.61,1.61,4,1.61
SUNE, 20250717 11:01:29.000000,276072,1,1.61,1.61,1.61,1.61,1,1.61
SUNE, 20250717 11:02:02.000000,277712,1,1.61,1.61,1.61,1.61,1,1.61
SUNE, 20250717 11:02:54.000000,278465,1,1.61,1.61,1.61,1.61,1,1.61
SUNE, 20250717 11:03:18.000000,279343,1,1.61,1.62,1.61,1.62,115,1.61
SUNE, 20250717 11:03:47.000000,280168,1,1.62,1.62,1.62,1.62,1,1.62
SUNE, 20250717 11:04:14.000000,280612,1,1.62,1.62,1.62,1.62,87,1.62
SUNE, 20250717 11:04:28.000000,285152,1,1.62,1.62,1.62,1.62,47,1.62
SUNE, 20250717 11:06:54.000000,285717,1,1.62,1.62,1.62,1.62,3,1.62
SUNE, 20250717 11:07:13.000000,286418,1,1.62,1.62,1.62,1.62,50,1.62
SUNE, 20250717 11:07:37.000000,286761,1,1.63,1.63,1.63,1.63,3,1.63
SUNE, 20250717 11:07:48.000000,291513,1,1.62,1.62,1.62,1.62,11,1.62
SUNE, 20250717 11:10:23.000000,292077,1,1.61,1.61,1.61,1.61,12,1.61
SUNE, 20250717 11:10:41.000000,293117,1,1.62,1.62,1.62,1.62,7,1.62
SUNE, 20250717 11:11:15.000000,293201,1,1.62,1.62,1.62,1.62,50,1.62
SUNE, 20250717 11:11:17.000000,293895,1,1.62,1.62,1.62,1.62,1,1.62
SUNE, 20250717 11:11:39.000000,296954,1,1.62,1.62,1.62,1.62,1,1.62
SUNE, 20250717 11:13:19.000000,297711,1,1.62,1.62,1.62,1.62,300,1.62
SUNE, 20250717 11:13:42.000000,305591,1,1.62,1.62,1.62,1.62,1,1.62
SUNE, 20250717 11:17:50.000000,307100,1,1.62,1.62,1.62,1.62,50,1.62
SUNE, 20250717 11:18:38.000000,308860,1,1.62,1.62,1.62,1.62,2,1.62
SUNE, 20250717 11:19:35.000000,308875,1,1.62,1.62,1.62,1.62,1,1.62
SUNE, 20250717 11:19:36.000000,315735,1,1.63,1.63,1.62,1.62,5,1.63
SUNE, 20250717 11:23:18.000000,318250,1,1.62,1.62,1.62,1.62,1,1.62
SUNE, 20250717 11:24:41.000000,318639,1,1.62,1.62,1.62,1.62,250,1.62
SUNE, 20250717 11:24:54.000000,318747,1,1.62,1.62,1.62,1.62,65,1.62
SUNE, 20250717 11:24:57.000000,321269,1,1.63,1.63,1.63,1.63,500,1.63
SUNE, 20250717 11:26:18.000000,328435,1,1.62,1.62,1.62,1.62,10,1.62
SUNE, 20250717 11:30:15.000000,331338,1,1.62,1.62,1.62,1.62,55,1.62
SUNE, 20250717 11:31:51.000000,331530,1,1.62,1.62,1.62,1.62,1,1.62
SUNE, 20250717 11:31:57.000000,332241,1,1.63,1.63,1.63,1.63,6,1.63
SUNE, 20250717 11:32:20.000000,339058,1,1.62,1.62,1.62,1.62,2,1.62
SUNE, 20250717 11:36:02.000000,339697,1,1.62,1.62,1.62,1.62,11,1.62
SUNE, 20250717 11:36:22.000000,343407,1,1.62,1.62,1.62,1.62,4,1.62
SUNE, 20250717 11:38:22.000000,343707,1,1.62,1.62,1.62,1.62,1,1.62
SUNE, 20250717 11:38:31.000000,346094,1,1.63,1.63,1.63,1.63,5,1.63
SUNE, 20250717 11:39:47.000000,347569,1,1.62,1.62,1.62,1.62,5,1.62
SUNE, 20250717 11:40:34.000000,348526,1,1.62,1.62,1.62,1.62,20,1.62
SUNE, 20250717 11:41:05.000000,348707,1,1.62,1.62,1.62,1.62,180,1.62
SUNE, 20250717 11:41:11.000000,348904,1,1.62,1.62,1.62,1.62,20,1.62
SUNE, 20250717 11:41:18.000000,351195,1,1.62,1.62,1.62,1.62,10,1.62
SUNE, 20250717 11:42:34.000000,356499,1,1.63,1.63,1.63,1.63,10,1.63
SUNE, 20250717 11:45:24.000000,356973,1,1.62,1.62,1.62,1.62,4,1.62
SUNE, 20250717 11:45:40.000000,360088,1,1.62,1.62,1.62,1.62,36,1.62
SUNE, 20250717 11:47:21.000000,360808,1,1.63,1.63,1.63,1.63,6,1.63
SUNE, 20250717 11:47:45.000000,361918,1,1.63,1.63,1.63,1.63,2180,1.63
SUNE, 20250717 11:48:22.000000,366880,1,1.62,1.62,1.62,1.62,1,1.62
SUNE, 20250717 11:51:05.000000,366914,1,1.62,1.62,1.62,1.62,200,1.62
SUNE, 20250717 11:51:06.000000,367400,1,1.63,1.63,1.63,1.63,1215,1.63
SUNE, 20250717 11:51:22.000000,369220,1,1.63,1.63,1.63,1.63,1,1.63
SUNE, 20250717 11:52:22.000000,376174,1,1.63,1.63,1.63,1.63,7,1.63
SUNE, 20250717 11:56:11.000000,378870,1,1.63,1.63,1.63,1.63,5,1.63
SUNE, 20250717 11:57:44.000000,379250,1,1.64,1.64,1.64,1.64,7,1.64
SUNE, 20250717 11:57:57.000000,379968,1,1.63,1.63,1.63,1.63,1,1.63
SUNE, 20250717 11:58:21.000000,381504,1,1.63,1.63,1.63,1.63,3,1.63
SUNE, 20250717 11:59:12.000000,393868,1,1.63,1.63,1.63,1.63,4,1.63
SUNE, 20250717 12:06:00.000000,394253,1,1.63,1.63,1.63,1.63,200,1.63
SUNE, 20250717 12:06:13.000000,405760,1,1.63,1.63,1.63,1.63,7,1.63
SUNE, 20250717 12:12:36.000000,407511,1,1.63,1.63,1.63,1.63,1,1.63
SUNE, 20250717 12:13:33.000000,411362,1,1.63,1.63,1.63,1.63,1,1.63
SUNE, 20250717 12:15:38.000000,411993,1,1.63,1.63,1.63,1.63,5,1.63
SUNE, 20250717 12:15:58.000000,413371,1,1.64,1.64,1.64,1.64,2,1.64
SUNE, 20250717 12:16:46.000000,419548,1,1.63,1.63,1.63,1.63,10,1.63
SUNE, 20250717 12:20:11.000000,419570,1,1.63,1.63,1.63,1.63,3000,1.63
SUNE, 20250717 12:20:12.000000,419639,1,1.63,1.63,1.63,1.63,7,1.63
SUNE, 20250717 12:20:14.000000,419664,1,1.63,1.63,1.63,1.63,3000,1.63
SUNE, 20250717 12:20:15.000000,422463,1,1.63,1.64,1.63,1.63,103,1.64
SUNE, 20250717 12:21:45.000000,422538,1,1.63,1.63,1.63,1.63,1500,1.63
SUNE, 20250717 12:21:47.000000,422587,1,1.63,1.63,1.63,1.63,1500,1.63
SUNE, 20250717 12:21:49.000000,422612,1,1.63,1.63,1.63,1.63,1500,1.63
SUNE, 20250717 12:21:50.000000,423018,1,1.63,1.63,1.63,1.63,1500,1.63
SUNE, 20250717 12:22:03.000000,423042,1,1.63,1.63,1.63,1.63,2662,1.63
SUNE, 20250717 12:22:04.000000,423711,1,1.63,1.63,1.63,1.63,1,1.63
SUNE, 20250717 12:22:26.000000,431106,1,1.63,1.63,1.63,1.63,31,1.63
SUNE, 20250717 12:26:31.000000,434070,1,1.63,1.63,1.63,1.63,1,1.63
SUNE, 20250717 12:28:11.000000,435036,1,1.63,1.63,1.63,1.63,1,1.63
SUNE, 20250717 12:28:42.000000,435083,1,1.63,1.63,1.63,1.63,247,1.63
SUNE, 20250717 12:28:43.000000,437113,1,1.63,1.63,1.63,1.63,1,1.63
SUNE, 20250717 12:29:50.000000,437836,1,1.63,1.63,1.63,1.63,67,1.63
SUNE, 20250717 12:30:13.000000,438733,1,1.63,1.63,1.63,1.63,122,1.63
SUNE, 20250717 12:30:44.000000,440558,1,1.63,1.63,1.63,1.63,122,1.63
SUNE, 20250717 12:31:46.000000,442267,1,1.63,1.63,1.63,1.63,2,1.63
SUNE, 20250717 12:32:45.000000,442294,1,1.63,1.63,1.63,1.63,2,1.63
SUNE, 20250717 12:32:46.000000,443417,1,1.63,1.63,1.63,1.63,6,1.63
SUNE, 20250717 12:33:25.000000,447679,1,1.63,1.63,1.63,1.63,7,1.63
SUNE, 20250717 12:35:54.000000,448295,1,1.63,1.63,1.63,1.63,10,1.63
SUNE, 20250717 12:36:15.000000,450170,1,1.64,1.64,1.64,1.64,100,1.64
SUNE, 20250717 12:37:19.000000,450753,1,1.63,1.63,1.63,1.63,2,1.63
SUNE, 20250717 12:37:38.000000,452003,1,1.63,1.63,1.63,1.63,4,1.63
SUNE, 20250717 12:38:20.000000,453609,1,1.63,1.63,1.63,1.63,1,1.63
SUNE, 20250717 12:39:16.000000,453680,1,1.63,1.63,1.63,1.63,5,1.63
SUNE, 20250717 12:39:18.000000,454147,1,1.63,1.63,1.63,1.63,80,1.63
SUNE, 20250717 12:39:34.000000,455243,1,1.63,1.63,1.63,1.63,80,1.63
SUNE, 20250717 12:40:10.000000,455482,1,1.63,1.63,1.63,1.63,20,1.63
SUNE, 20250717 12:40:18.000000,459987,1,1.63,1.63,1.63,1.63,277,1.63
SUNE, 20250717 12:42:54.000000,460045,1,1.63,1.63,1.63,1.63,6,1.63
SUNE, 20250717 12:42:56.000000,460169,1,1.63,1.63,1.63,1.63,30,1.63
SUNE, 20250717 12:43:00.000000,468279,1,1.64,1.64,1.64,1.64,100,1.64
SUNE, 20250717 12:47:37.000000,468948,1,1.63,1.63,1.63,1.63,1,1.63
SUNE, 20250717 12:48:00.000000,476617,1,1.63,1.63,1.63,1.63,60,1.63
SUNE, 20250717 12:52:22.000000,477193,1,1.63,1.63,1.63,1.63,6,1.63
SUNE, 20250717 12:52:41.000000,483205,1,1.63,1.63,1.63,1.63,1,1.63
SUNE, 20250717 12:56:03.000000,483847,1,1.63,1.63,1.63,1.63,10,1.63
SUNE, 20250717 12:56:24.000000,484830,1,1.63,1.63,1.63,1.63,1,1.63
SUNE, 20250717 12:56:58.000000,501081,1,1.63,1.63,1.63,1.63,5,1.63
SUNE, 20250717 13:06:15.000000,501893,1,1.63,1.63,1.63,1.63,1,1.63
SUNE, 20250717 13:06:43.000000,502083,1,1.63,1.63,1.63,1.63,825,1.63
SUNE, 20250717 13:06:49.000000,504231,1,1.63,1.63,1.63,1.63,26,1.63
SUNE, 20250717 13:08:02.000000,510818,1,1.64,1.64,1.64,1.64,99,1.64
SUNE, 20250717 13:11:52.000000,517259,1,1.63,1.63,1.63,1.63,14,1.63
SUNE, 20250717 13:15:34.000000,518238,1,1.63,1.63,1.63,1.63,34,1.63
SUNE, 20250717 13:16:07.000000,520108,1,1.63,1.63,1.63,1.63,1,1.63
SUNE, 20250717 13:17:11.000000,524976,1,1.63,1.63,1.63,1.63,500,1.63
SUNE, 20250717 13:19:59.000000,525273,1,1.63,1.63,1.63,1.63,1,1.63
SUNE, 20250717 13:20:08.000000,525429,1,1.63,1.63,1.63,1.63,2,1.63
SUNE, 20250717 13:20:13.000000,527578,1,1.63,1.63,1.63,1.63,1,1.63
SUNE, 20250717 13:21:26.000000,538720,1,1.63,1.63,1.63,1.63,27,1.63
SUNE, 20250717 13:27:58.000000,542941,1,1.63,1.63,1.63,1.63,1,1.63
SUNE, 20250717 13:30:26.000000,551584,1,1.64,1.64,1.64,1.64,1,1.64
SUNE, 20250717 13:35:24.000000,553246,1,1.63,1.63,1.63,1.63,1,1.63
SUNE, 20250717 13:36:23.000000,553317,1,1.63,1.64,1.63,1.64,472,1.64
SUNE, 20250717 13:36:25.000000,554928,1,1.63,1.63,1.63,1.63,2,1.63
SUNE, 20250717 13:37:21.000000,555778,1,1.64,1.64,1.64,1.64,200,1.64
SUNE, 20250717 13:37:51.000000,557579,1,1.63,1.63,1.63,1.63,2,1.63
SUNE, 20250717 13:38:55.000000,558166,1,1.63,1.63,1.63,1.63,1,1.63
SUNE, 20250717 13:39:16.000000,560179,1,1.63,1.63,1.63,1.63,1,1.63
SUNE, 20250717 13:40:25.000000,560749,1,1.64,1.64,1.64,1.64,5,1.64
SUNE, 20250717 13:40:45.000000,561292,1,1.63,1.63,1.63,1.63,1,1.63
SUNE, 20250717 13:41:04.000000,563115,1,1.63,1.63,1.63,1.63,2,1.63
SUNE, 20250717 13:42:08.000000,565487,1,1.63,1.63,1.63,1.63,300,1.63
SUNE, 20250717 13:43:30.000000,565571,1,1.63,1.63,1.63,1.63,70,1.63
SUNE, 20250717 13:43:33.000000,566342,1,1.63,1.63,1.63,1.63,1,1.63
SUNE, 20250717 13:43:59.000000,567865,1,1.64,1.64,1.64,1.64,1015,1.64
SUNE, 20250717 13:44:52.000000,569291,1,1.64,1.64,1.64,1.64,1,1.64
SUNE, 20250717 13:45:39.000000,572224,1,1.65,1.65,1.65,1.65,1,1.65
SUNE, 20250717 13:47:20.000000,572935,1,1.64,1.64,1.64,1.64,1000,1.64
SUNE, 20250717 13:47:45.000000,578029,1,1.64,1.64,1.64,1.64,1,1.64
SUNE, 20250717 13:50:43.000000,579192,1,1.64,1.64,1.64,1.64,9,1.64
SUNE, 20250717 13:51:23.000000,579224,1,1.64,1.64,1.64,1.64,100,1.64
SUNE, 20250717 13:51:25.000000,582349,1,1.64,1.64,1.64,1.64,120,1.64
SUNE, 20250717 13:53:13.000000,586872,1,1.64,1.64,1.64,1.64,25,1.64
SUNE, 20250717 13:55:46.000000,587950,1,1.64,1.64,1.64,1.64,3,1.64
SUNE, 20250717 13:56:23.000000,589047,1,1.64,1.64,1.64,1.64,1,1.64
SUNE, 20250717 13:57:00.000000,598073,1,1.64,1.64,1.62,1.62,3399,1.63
SUNE, 20250717 14:02:06.000000,605770,1,1.63,1.63,1.63,1.63,45,1.63
SUNE, 20250717 14:06:28.000000,610048,1,1.63,1.63,1.63,1.63,50,1.63
SUNE, 20250717 14:08:53.000000,612676,1,1.64,1.64,1.64,1.64,1,1.64
SUNE, 20250717 14:10:24.000000,615518,1,1.64,1.64,1.64,1.64,3,1.64
SUNE, 20250717 14:12:04.000000,615551,1,1.64,1.64,1.64,1.64,100,1.64
SUNE, 20250717 14:12:05.000000,617225,1,1.64,1.64,1.64,1.64,100,1.64
SUNE, 20250717 14:13:04.000000,617817,1,1.64,1.64,1.64,1.64,1,1.64
SUNE, 20250717 14:13:24.000000,619733,1,1.64,1.64,1.64,1.64,2,1.64
SUNE, 20250717 14:14:32.000000,619941,1,1.64,1.64,1.64,1.64,500,1.64
SUNE, 20250717 14:14:39.000000,622946,1,1.64,1.64,1.64,1.64,4,1.64
SUNE, 20250717 14:16:23.000000,623556,1,1.64,1.64,1.64,1.64,1,1.64
SUNE, 20250717 14:16:43.000000,625374,1,1.64,1.64,1.64,1.64,1,1.64
SUNE, 20250717 14:17:47.000000,629440,1,1.64,1.64,1.64,1.64,7,1.64
SUNE, 20250717 14:20:08.000000,632337,1,1.64,1.64,1.64,1.64,400,1.64
SUNE, 20250717 14:21:49.000000,633314,1,1.64,1.64,1.64,1.64,30,1.64
SUNE, 20250717 14:22:25.000000,634766,1,1.64,1.64,1.64,1.64,300,1.64
SUNE, 20250717 14:23:15.000000,647758,1,1.64,1.64,1.64,1.64,24,1.64
SUNE, 20250717 14:30:43.000000,648880,1,1.65,1.65,1.65,1.65,103,1.65
SUNE, 20250717 14:31:21.000000,649939,1,1.64,1.64,1.64,1.64,1,1.64
SUNE, 20250717 14:31:56.000000,652923,1,1.63,1.63,1.63,1.63,1,1.63
SUNE, 20250717 14:33:41.000000,657085,1,1.65,1.65,1.65,1.65,245,1.65
SUNE, 20250717 14:36:07.000000,657522,1,1.64,1.64,1.64,1.64,2000,1.64
SUNE, 20250717 14:36:22.000000,657559,1,1.65,1.65,1.65,1.65,1,1.65
SUNE, 20250717 14:36:23.000000,658082,1,1.64,1.64,1.64,1.64,4000,1.64
SUNE, 20250717 14:36:42.000000,660487,1,1.64,1.65,1.64,1.65,6714,1.64
SUNE, 20250717 14:38:07.000000,660508,1,1.65,1.65,1.65,1.65,1,1.65
SUNE, 20250717 14:38:08.000000,661153,1,1.65,1.67,1.65,1.67,3213,1.66
SUNE, 20250717 14:38:30.000000,661171,1,1.65,1.65,1.65,1.65,700,1.65
SUNE, 20250717 14:38:31.000000,662624,1,1.65,1.65,1.65,1.65,1,1.65
SUNE, 20250717 14:39:20.000000,662927,1,1.64,1.64,1.64,1.64,500,1.64
SUNE, 20250717 14:39:31.000000,663108,1,1.66,1.66,1.66,1.66,121,1.66
SUNE, 20250717 14:39:37.000000,664671,1,1.65,1.65,1.65,1.65,5,1.65
SUNE, 20250717 14:40:30.000000,666061,1,1.64,1.64,1.64,1.64,31,1.64
SUNE, 20250717 14:41:17.000000,666447,1,1.65,1.65,1.65,1.65,20,1.65
SUNE, 20250717 14:41:30.000000,666708,1,1.66,1.66,1.66,1.66,200,1.66
SUNE, 20250717 14:41:39.000000,669432,1,1.64,1.64,1.64,1.64,500,1.64
SUNE, 20250717 14:43:11.000000,670156,1,1.66,1.66,1.66,1.66,30,1.66
SUNE, 20250717 14:43:36.000000,670462,1,1.66,1.66,1.64,1.64,508,1.66
SUNE, 20250717 14:43:46.000000,670746,1,1.66,1.67,1.66,1.67,15,1.66
SUNE, 20250717 14:43:56.000000,670764,1,1.66,1.66,1.66,1.66,500,1.66
SUNE, 20250717 14:43:57.000000,672866,1,1.66,1.66,1.66,1.66,1,1.66
SUNE, 20250717 14:45:07.000000,674473,1,1.66,1.66,1.66,1.66,345,1.66
SUNE, 20250717 14:46:02.000000,674503,1,1.67,1.67,1.67,1.67,3,1.67
SUNE, 20250717 14:46:03.000000,674863,1,1.67,1.67,1.67,1.67,4,1.67
SUNE, 20250717 14:46:15.000000,674894,1,1.67,1.67,1.67,1.67,1,1.67
SUNE, 20250717 14:46:16.000000,675404,1,1.67,1.67,1.67,1.67,1,1.67
SUNE, 20250717 14:46:34.000000,675744,1,1.66,1.66,1.66,1.66,204,1.66
SUNE, 20250717 14:46:46.000000,675766,1,1.66,1.66,1.66,1.66,230,1.66
SUNE, 20250717 14:46:47.000000,675816,1,1.66,1.67,1.66,1.67,21,1.66
SUNE, 20250717 14:46:49.000000,676672,1,1.67,1.67,1.67,1.67,771,1.67
SUNE, 20250717 14:47:18.000000,677309,1,1.68,1.68,1.68,1.68,5,1.68
SUNE, 20250717 14:47:40.000000,678797,1,1.66,1.66,1.66,1.66,1000,1.66
SUNE, 20250717 14:48:31.000000,680439,1,1.67,1.67,1.67,1.67,1,1.67
SUNE, 20250717 14:49:27.000000,682464,1,1.68,1.69,1.68,1.68,3567,1.68
SUNE, 20250717 14:50:34.000000,682488,1,1.68,1.68,1.68,1.68,1100,1.68
SUNE, 20250717 14:50:35.000000,682588,1,1.69,1.69,1.69,1.69,5,1.69
SUNE, 20250717 14:50:39.000000,682635,1,1.69,1.69,1.68,1.68,3200,1.69
SUNE, 20250717 14:50:40.000000,682977,1,1.69,1.69,1.68,1.68,3506,1.69
SUNE, 20250717 14:50:51.000000,683796,1,1.69,1.69,1.68,1.68,5694,1.69
SUNE, 20250717 14:51:19.000000,683992,1,1.69,1.69,1.69,1.69,120,1.69
SUNE, 20250717 14:51:26.000000,684217,1,1.68,1.68,1.68,1.68,198,1.68
SUNE, 20250717 14:51:33.000000,685248,1,1.69,1.69,1.69,1.69,6,1.69
SUNE, 20250717 14:52:09.000000,685582,1,1.68,1.68,1.68,1.68,2,1.68
SUNE, 20250717 14:52:20.000000,685765,1,1.68,1.68,1.68,1.68,1,1.68
SUNE, 20250717 14:52:26.000000,686413,1,1.69,1.69,1.69,1.69,5,1.69
SUNE, 20250717 14:52:47.000000,686491,1,1.69,1.69,1.68,1.68,1800,1.69
SUNE, 20250717 14:52:49.000000,686550,1,1.68,1.68,1.68,1.68,1700,1.68
SUNE, 20250717 14:52:51.000000,686569,1,1.68,1.68,1.68,1.68,1700,1.68
SUNE, 20250717 14:52:52.000000,686609,1,1.69,1.69,1.69,1.69,1,1.69
SUNE, 20250717 14:52:53.000000,686777,1,1.68,1.68,1.68,1.68,1699,1.68
SUNE, 20250717 14:52:59.000000,687300,1,1.68,1.69,1.68,1.69,1463,1.69
SUNE, 20250717 14:53:16.000000,688284,1,1.67,1.67,1.67,1.67,50,1.67
SUNE, 20250717 14:53:48.000000,690072,1,1.67,1.67,1.67,1.67,11,1.67
SUNE, 20250717 14:54:47.000000,690203,1,1.67,1.67,1.67,1.67,300,1.67
SUNE, 20250717 14:54:52.000000,690715,1,1.67,1.67,1.67,1.67,100,1.67
SUNE, 20250717 14:55:08.000000,692099,1,1.67,1.67,1.67,1.67,10,1.67
SUNE, 20250717 14:55:54.000000,694379,1,1.67,1.67,1.67,1.67,30,1.67
SUNE, 20250717 14:57:12.000000,694827,1,1.66,1.66,1.66,1.66,38,1.66
SUNE, 20250717 14:57:27.000000,694985,1,1.67,1.67,1.67,1.67,1,1.67
SUNE, 20250717 14:57:33.000000,696799,1,1.66,1.66,1.66,1.66,5000,1.66
SUNE, 20250717 14:58:35.000000,698198,1,1.66,1.66,1.66,1.66,5000,1.66
SUNE, 20250717 14:59:21.000000,698853,1,1.67,1.67,1.67,1.67,3000,1.67
SUNE, 20250717 14:59:44.000000,700893,1,1.67,1.67,1.67,1.67,5,1.67
SUNE, 20250717 15:00:52.000000,701627,1,1.68,1.68,1.68,1.68,2,1.68
SUNE, 20250717 15:01:17.000000,704212,1,1.67,1.67,1.67,1.67,30,1.67
SUNE, 20250717 15:02:46.000000,705382,1,1.67,1.67,1.67,1.67,91,1.67
SUNE, 20250717 15:03:27.000000,706715,1,1.67,1.67,1.67,1.67,194,1.67
SUNE, 20250717 15:04:13.000000,707117,1,1.67,1.67,1.67,1.67,10,1.67
SUNE, 20250717 15:04:26.000000,709184,1,1.68,1.68,1.68,1.68,1,1.68
SUNE, 20250717 15:05:37.000000,709237,1,1.68,1.68,1.68,1.68,1,1.68
SUNE, 20250717 15:05:39.000000,709390,1,1.67,1.67,1.67,1.67,100,1.67
SUNE, 20250717 15:05:44.000000,709452,1,1.68,1.69,1.67,1.69,3000,1.68
SUNE, 20250717 15:05:46.000000,713405,1,1.69,1.69,1.69,1.69,1,1.69
SUNE, 20250717 15:08:01.000000,715147,1,1.68,1.69,1.68,1.69,3500,1.69
SUNE, 20250717 15:09:01.000000,719592,1,1.66,1.66,1.66,1.66,1000,1.66
SUNE, 20250717 15:11:32.000000,720255,1,1.67,1.67,1.67,1.67,100,1.67
SUNE, 20250717 15:11:56.000000,721083,1,1.67,1.67,1.67,1.67,100,1.67
SUNE, 20250717 15:12:24.000000,721178,1,1.67,1.67,1.67,1.67,200,1.67
SUNE, 20250717 15:12:27.000000,721840,1,1.68,1.68,1.68,1.68,200,1.68
SUNE, 20250717 15:12:50.000000,722261,1,1.67,1.67,1.67,1.67,200,1.67
SUNE, 20250717 15:13:04.000000,722889,1,1.67,1.67,1.67,1.67,200,1.67
SUNE, 20250717 15:13:25.000000,723510,1,1.68,1.68,1.68,1.68,200,1.68
SUNE, 20250717 15:13:46.000000,723560,1,1.68,1.68,1.68,1.68,200,1.68
SUNE, 20250717 15:13:47.000000,723763,1,1.68,1.68,1.68,1.68,100,1.68
SUNE, 20250717 15:13:54.000000,723971,1,1.68,1.68,1.68,1.68,200,1.68
SUNE, 20250717 15:14:01.000000,724007,1,1.68,1.69,1.68,1.68,2550,1.69
SUNE, 20250717 15:14:02.000000,724559,1,1.69,1.69,1.69,1.69,100,1.69
SUNE, 20250717 15:14:21.000000,724970,1,1.69,1.69,1.69,1.69,500,1.69
SUNE, 20250717 15:14:35.000000,725024,1,1.69,1.69,1.69,1.69,1,1.69
SUNE, 20250717 15:14:36.000000,725228,1,1.69,1.69,1.69,1.69,500,1.69
SUNE, 20250717 15:14:43.000000,725711,1,1.69,1.7,1.69,1.7,223,1.7
SUNE, 20250717 15:14:59.000000,726342,1,1.69,1.69,1.69,1.69,500,1.69
SUNE, 20250717 15:15:21.000000,726938,1,1.69,1.69,1.69,1.69,500,1.69
SUNE, 20250717 15:15:41.000000,727112,1,1.69,1.69,1.69,1.69,500,1.69
SUNE, 20250717 15:15:47.000000,727142,1,1.69,1.69,1.68,1.68,8456,1.69
SUNE, 20250717 15:15:48.000000,727763,1,1.68,1.68,1.68,1.68,110,1.68
SUNE, 20250717 15:16:09.000000,727879,1,1.68,1.68,1.68,1.68,1,1.68
SUNE, 20250717 15:16:13.000000,728118,1,1.7,1.7,1.7,1.7,8,1.7
SUNE, 20250717 15:16:21.000000,728379,1,1.69,1.69,1.69,1.69,606,1.69
SUNE, 20250717 15:16:30.000000,729046,1,1.7,1.7,1.7,1.7,609,1.7
SUNE, 20250717 15:16:52.000000,730351,1,1.68,1.68,1.68,1.68,3153,1.68
SUNE, 20250717 15:17:37.000000,731083,1,1.69,1.69,1.69,1.69,118,1.69
SUNE, 20250717 15:18:01.000000,735458,1,1.68,1.68,1.68,1.68,9,1.68
SUNE, 20250717 15:20:30.000000,737258,1,1.67,1.67,1.67,1.67,550,1.67
SUNE, 20250717 15:21:29.000000,738746,1,1.68,1.68,1.68,1.68,1,1.68
SUNE, 20250717 15:22:20.000000,739112,1,1.68,1.68,1.68,1.68,245,1.68
SUNE, 20250717 15:22:31.000000,739181,1,1.68,1.68,1.68,1.68,1000,1.68
SUNE, 20250717 15:22:34.000000,739580,1,1.68,1.68,1.68,1.68,502,1.68
SUNE, 20250717 15:22:47.000000,739701,1,1.68,1.68,1.67,1.67,4500,1.67
SUNE, 20250717 15:22:51.000000,739778,1,1.68,1.69,1.68,1.68,2950,1.69
SUNE, 20250717 15:22:53.000000,740120,1,1.68,1.68,1.68,1.68,100,1.68
SUNE, 20250717 15:23:04.000000,741256,1,1.68,1.68,1.68,1.68,400,1.68
SUNE, 20250717 15:23:42.000000,741436,1,1.68,1.68,1.68,1.68,1000,1.68
SUNE, 20250717 15:23:49.000000,741685,1,1.68,1.68,1.68,1.68,257,1.68
SUNE, 20250717 15:23:57.000000,741724,1,1.68,1.68,1.68,1.68,1801,1.68
SUNE, 20250717 15:23:58.000000,741749,1,1.68,1.68,1.68,1.68,100,1.68
SUNE, 20250717 15:23:59.000000,742055,1,1.68,1.68,1.68,1.68,360,1.68
SUNE, 20250717 15:24:09.000000,742289,1,1.68,1.68,1.68,1.68,2000,1.68
SUNE, 20250717 15:24:17.000000,742330,1,1.68,1.68,1.68,1.68,100,1.68
SUNE, 20250717 15:24:18.000000,742359,1,1.68,1.68,1.68,1.68,100,1.68
SUNE, 20250717 15:24:19.000000,742472,1,1.68,1.68,1.68,1.68,900,1.68
SUNE, 20250717 15:24:23.000000,742537,1,1.68,1.68,1.68,1.68,100,1.68
SUNE, 20250717 15:24:25.000000,742681,1,1.68,1.68,1.68,1.68,26,1.68
SUNE, 20250717 15:24:30.000000,742884,1,1.68,1.68,1.68,1.68,3,1.68
SUNE, 20250717 15:24:37.000000,742916,1,1.69,1.69,1.69,1.69,5,1.69
SUNE, 20250717 15:24:38.000000,744103,1,1.68,1.7,1.68,1.69,1644,1.69
SUNE, 20250717 15:25:18.000000,744139,1,1.7,1.73,1.69,1.73,13741,1.7
SUNE, 20250717 15:25:19.000000,744152,1,1.71,1.71,1.71,1.71,416,1.71
SUNE, 20250717 15:25:20.000000,744619,1,1.71,1.71,1.71,1.71,1,1.71
SUNE, 20250717 15:25:35.000000,745253,1,1.73,1.73,1.73,1.73,8,1.73
SUNE, 20250717 15:25:56.000000,747591,1,1.73,1.73,1.73,1.73,5000,1.73
SUNE, 20250717 15:27:13.000000,747733,1,1.73,1.74,1.73,1.74,3824,1.73
SUNE, 20250717 15:27:18.000000,747932,1,1.72,1.72,1.72,1.72,500,1.72
SUNE, 20250717 15:27:24.000000,748040,1,1.73,1.73,1.73,1.73,1020,1.73
SUNE, 20250717 15:27:28.000000,748113,1,1.74,1.74,1.74,1.74,1996,1.74
SUNE, 20250717 15:27:30.000000,748556,1,1.75,1.75,1.74,1.75,1500,1.74
SUNE, 20250717 15:27:45.000000,748573,1,1.76,1.77,1.75,1.77,2137,1.76
SUNE, 20250717 15:27:46.000000,748653,1,1.75,1.75,1.75,1.75,5,1.75
SUNE, 20250717 15:27:49.000000,748745,1,1.77,1.77,1.76,1.76,1000,1.77
SUNE, 20250717 15:27:52.000000,748842,1,1.74,1.75,1.74,1.75,232,1.74
SUNE, 20250717 15:27:55.000000,749017,1,1.75,1.75,1.75,1.75,1400,1.75
SUNE, 20250717 15:28:01.000000,749251,1,1.77,1.77,1.77,1.77,10,1.77
SUNE, 20250717 15:28:09.000000,749342,1,1.77,1.77,1.77,1.77,50,1.77
SUNE, 20250717 15:28:12.000000,749583,1,1.75,1.75,1.75,1.75,11,1.75
SUNE, 20250717 15:28:20.000000,749666,1,1.75,1.77,1.75,1.77,2000,1.76
SUNE, 20250717 15:28:23.000000,749836,1,1.76,1.77,1.76,1.77,5967,1.76
SUNE, 20250717 15:28:29.000000,749877,1,1.75,1.75,1.75,1.75,500,1.75
SUNE, 20250717 15:28:30.000000,749935,1,1.77,1.77,1.77,1.77,231,1.77
SUNE, 20250717 15:28:32.000000,749990,1,1.75,1.76,1.75,1.76,48,1.75
SUNE, 20250717 15:28:34.000000,750025,1,1.75,1.75,1.75,1.75,1500,1.75
SUNE, 20250717 15:28:35.000000,750049,1,1.76,1.76,1.76,1.76,340,1.76
SUNE, 20250717 15:28:36.000000,750079,1,1.76,1.76,1.76,1.76,283,1.76
SUNE, 20250717 15:28:37.000000,750382,1,1.76,1.76,1.76,1.76,2,1.76
SUNE, 20250717 15:28:47.000000,750574,1,1.75,1.75,1.75,1.75,1,1.75
SUNE, 20250717 15:28:54.000000,750626,1,1.76,1.76,1.76,1.76,4,1.76
SUNE, 20250717 15:28:55.000000,750640,1,1.76,1.76,1.76,1.76,367,1.76
SUNE, 20250717 15:28:56.000000,750809,1,1.76,1.76,1.76,1.76,1,1.76
SUNE, 20250717 15:29:01.000000,751155,1,1.75,1.75,1.75,1.75,5,1.75
SUNE, 20250717 15:29:13.000000,751261,1,1.76,1.76,1.76,1.76,4,1.76
SUNE, 20250717 15:29:16.000000,751560,1,1.76,1.76,1.76,1.76,83,1.76
SUNE, 20250717 15:29:26.000000,751724,1,1.74,1.77,1.74,1.77,2070,1.74
SUNE, 20250717 15:29:31.000000,751836,1,1.75,1.75,1.75,1.75,1,1.75
SUNE, 20250717 15:29:35.000000,751866,1,1.76,1.76,1.76,1.76,1,1.76
SUNE, 20250717 15:29:36.000000,752111,1,1.74,1.74,1.74,1.74,1000,1.74
SUNE, 20250717 15:29:44.000000,752143,1,1.75,1.75,1.75,1.75,1000,1.75
SUNE, 20250717 15:29:45.000000,752277,1,1.76,1.76,1.76,1.76,300,1.76
SUNE, 20250717 15:29:49.000000,752422,1,1.76,1.76,1.76,1.76,100,1.76
SUNE, 20250717 15:29:53.000000,752536,1,1.74,1.74,1.74,1.74,100,1.74
SUNE, 20250717 15:29:57.000000,752624,1,1.76,1.76,1.76,1.76,300,1.76
SUNE, 20250717 15:30:00.000000,752984,1,1.76,1.76,1.76,1.76,29,1.76
SUNE, 20250717 15:30:11.000000,753048,1,1.76,1.76,1.76,1.76,4,1.76
SUNE, 20250717 15:30:13.000000,753152,1,1.76,1.76,1.76,1.76,1,1.76
SUNE, 20250717 15:30:17.000000,753208,1,1.76,1.76,1.76,1.76,250,1.76
SUNE, 20250717 15:30:18.000000,753269,1,1.76,1.77,1.76,1.77,5906,1.76
SUNE, 20250717 15:30:20.000000,753287,1,1.77,1.77,1.76,1.77,19642,1.77
SUNE, 20250717 15:30:21.000000,753326,1,1.76,1.76,1.76,1.76,1,1.76
SUNE, 20250717 15:30:22.000000,753511,1,1.77,1.77,1.77,1.77,30,1.77
SUNE, 20250717 15:30:28.000000,753647,1,1.77,1.77,1.77,1.77,5,1.77
SUNE, 20250717 15:30:32.000000,753876,1,1.77,1.77,1.77,1.77,1300,1.77
SUNE, 20250717 15:30:39.000000,753904,1,1.77,1.77,1.77,1.77,500,1.77
SUNE, 20250717 15:30:40.000000,754031,1,1.77,1.78,1.77,1.78,632,1.78
SUNE, 20250717 15:30:44.000000,754137,1,1.78,1.79,1.78,1.79,900,1.79
SUNE, 20250717 15:30:48.000000,754319,1,1.78,1.79,1.78,1.78,235,1.79
SUNE, 20250717 15:30:53.000000,754360,1,1.79,1.79,1.79,1.79,1691,1.79
SUNE, 20250717 15:30:55.000000,754468,1,1.8,1.8,1.8,1.8,5,1.8
SUNE, 20250717 15:30:58.000000,754586,1,1.79,1.79,1.79,1.79,320,1.79
SUNE, 20250717 15:31:02.000000,754656,1,1.79,1.79,1.79,1.79,81,1.79
SUNE, 20250717 15:31:04.000000,754680,1,1.79,1.8,1.79,1.8,1051,1.79
SUNE, 20250717 15:31:05.000000,754757,1,1.79,1.79,1.79,1.79,10,1.79
SUNE, 20250717 15:31:08.000000,754833,1,1.79,1.79,1.79,1.79,250,1.79
SUNE, 20250717 15:31:10.000000,755030,1,1.79,1.79,1.79,1.79,100,1.79
SUNE, 20250717 15:31:16.000000,755051,1,1.79,1.79,1.79,1.79,200,1.79
SUNE, 20250717 15:31:17.000000,755188,1,1.79,1.79,1.79,1.79,8,1.79
SUNE, 20250717 15:31:21.000000,755224,1,1.8,1.8,1.8,1.8,1,1.8
SUNE, 20250717 15:31:22.000000,755287,1,1.79,1.79,1.79,1.79,20,1.79
SUNE, 20250717 15:31:24.000000,755319,1,1.79,1.79,1.79,1.79,50,1.79
SUNE, 20250717 15:31:25.000000,755445,1,1.79,1.79,1.79,1.79,360,1.79
SUNE, 20250717 15:31:29.000000,755686,1,1.79,1.79,1.79,1.79,23,1.79
SUNE, 20250717 15:31:37.000000,755743,1,1.79,1.79,1.79,1.79,615,1.79
SUNE, 20250717 15:31:39.000000,755799,1,1.79,1.79,1.79,1.79,200,1.79
SUNE, 20250717 15:31:41.000000,755828,1,1.79,1.79,1.79,1.79,150,1.79
SUNE, 20250717 15:31:42.000000,755866,1,1.79,1.79,1.79,1.79,5000,1.79
SUNE, 20250717 15:31:43.000000,755926,1,1.79,1.79,1.79,1.79,50,1.79
SUNE, 20250717 15:31:45.000000,755973,1,1.8,1.8,1.8,1.8,10,1.8
SUNE, 20250717 15:31:47.000000,756077,1,1.79,1.79,1.79,1.79,5,1.79
SUNE, 20250717 15:31:50.000000,756143,1,1.79,1.79,1.79,1.79,100,1.79
SUNE, 20250717 15:31:52.000000,756254,1,1.79,1.79,1.79,1.79,4,1.79
SUNE, 20250717 15:31:56.000000,756299,1,1.79,1.79,1.79,1.79,10,1.79
SUNE, 20250717 15:31:57.000000,756386,1,1.79,1.79,1.79,1.79,2,1.79
SUNE, 20250717 15:32:00.000000,756586,1,1.79,1.79,1.79,1.79,1,1.79
SUNE, 20250717 15:32:07.000000,756622,1,1.78,1.78,1.78,1.78,62,1.78
SUNE, 20250717 15:32:08.000000,756675,1,1.79,1.79,1.79,1.79,10,1.79
SUNE, 20250717 15:32:10.000000,756846,1,1.79,1.79,1.79,1.79,2,1.79
SUNE, 20250717 15:32:16.000000,757073,1,1.79,1.79,1.79,1.79,503,1.79
SUNE, 20250717 15:32:23.000000,757135,1,1.78,1.78,1.78,1.78,145,1.78
SUNE, 20250717 15:32:25.000000,757256,1,1.77,1.77,1.77,1.77,1,1.77
SUNE, 20250717 15:32:29.000000,757304,1,1.78,1.78,1.78,1.78,1,1.78
SUNE, 20250717 15:32:31.000000,757399,1,1.78,1.78,1.78,1.78,4,1.78
SUNE, 20250717 15:32:33.000000,757468,1,1.78,1.78,1.78,1.78,1000,1.78
SUNE, 20250717 15:32:36.000000,757765,1,1.77,1.77,1.77,1.77,2,1.77
SUNE, 20250717 15:32:45.000000,757819,1,1.79,1.79,1.79,1.79,2,1.79
SUNE, 20250717 15:32:47.000000,758228,1,1.78,1.78,1.78,1.78,2000,1.78
SUNE, 20250717 15:33:01.000000,758266,1,1.78,1.78,1.78,1.78,50,1.78
SUNE, 20250717 15:33:02.000000,758386,1,1.78,1.78,1.78,1.78,100,1.78
SUNE, 20250717 15:33:06.000000,758443,1,1.77,1.77,1.77,1.77,400,1.77
SUNE, 20250717 15:33:08.000000,758621,1,1.77,1.77,1.77,1.77,125,1.77
SUNE, 20250717 15:33:14.000000,758725,1,1.78,1.79,1.78,1.78,281,1.79
SUNE, 20250717 15:33:17.000000,759170,1,1.78,1.78,1.78,1.78,5,1.78
SUNE, 20250717 15:33:32.000000,759196,1,1.78,1.78,1.78,1.78,57,1.78
SUNE, 20250717 15:33:33.000000,759234,1,1.78,1.78,1.77,1.77,2,1.78
SUNE, 20250717 15:33:34.000000,759353,1,1.77,1.77,1.77,1.77,2000,1.77
SUNE, 20250717 15:33:38.000000,759422,1,1.77,1.77,1.77,1.77,431,1.77
SUNE, 20250717 15:33:40.000000,760000,1,1.78,1.78,1.78,1.78,8,1.78
SUNE, 20250717 15:34:00.000000,760263,1,1.78,1.78,1.78,1.78,1000,1.78
SUNE, 20250717 15:34:08.000000,760282,1,1.78,1.78,1.78,1.78,6145,1.78
SUNE, 20250717 15:34:09.000000,760384,1,1.78,1.78,1.78,1.78,4,1.78
SUNE, 20250717 15:34:12.000000,760525,1,1.78,1.78,1.78,1.78,50,1.78
SUNE, 20250717 15:34:16.000000,760592,1,1.78,1.78,1.78,1.78,300,1.78
SUNE, 20250717 15:34:19.000000,760787,1,1.78,1.79,1.78,1.78,400,1.78
SUNE, 20250717 15:34:25.000000,760852,1,1.78,1.78,1.78,1.78,1,1.78
SUNE, 20250717 15:34:27.000000,761282,1,1.8,1.8,1.8,1.8,4,1.8
SUNE, 20250717 15:34:41.000000,761684,1,1.78,1.78,1.78,1.78,100,1.78
SUNE, 20250717 15:34:54.000000,761896,1,1.79,1.79,1.79,1.79,20,1.79
SUNE, 20250717 15:35:01.000000,762033,1,1.78,1.78,1.78,1.78,1,1.78
SUNE, 20250717 15:35:05.000000,762629,1,1.78,1.78,1.78,1.78,1,1.78
SUNE, 20250717 15:35:24.000000,762830,1,1.78,1.78,1.78,1.78,250,1.78
SUNE, 20250717 15:35:31.000000,763058,1,1.79,1.79,1.79,1.79,100,1.79
SUNE, 20250717 15:35:39.000000,763971,1,1.78,1.78,1.78,1.78,200,1.78
SUNE, 20250717 15:36:08.000000,764057,1,1.78,1.78,1.78,1.78,3,1.78
SUNE, 20250717 15:36:11.000000,764259,1,1.78,1.78,1.78,1.78,17,1.78
SUNE, 20250717 15:36:17.000000,764562,1,1.77,1.77,1.77,1.77,4,1.77
SUNE, 20250717 15:36:27.000000,764599,1,1.79,1.8,1.78,1.8,2029,1.8
SUNE, 20250717 15:36:28.000000,764623,1,1.79,1.79,1.79,1.79,1,1.79
SUNE, 20250717 15:36:29.000000,764661,1,1.79,1.79,1.79,1.79,3,1.79
SUNE, 20250717 15:36:31.000000,764783,1,1.8,1.8,1.8,1.8,200,1.8
SUNE, 20250717 15:36:34.000000,764840,1,1.79,1.79,1.79,1.79,1,1.79
SUNE, 20250717 15:36:36.000000,764998,1,1.79,1.79,1.79,1.79,650,1.79
SUNE, 20250717 15:36:41.000000,765142,1,1.79,1.79,1.79,1.79,92,1.79
SUNE, 20250717 15:36:46.000000,765324,1,1.79,1.79,1.79,1.79,5400,1.79
SUNE, 20250717 15:36:52.000000,765482,1,1.79,1.79,1.79,1.79,25,1.79
SUNE, 20250717 15:36:57.000000,765576,1,1.78,1.78,1.78,1.78,639,1.78
SUNE, 20250717 15:37:00.000000,766345,1,1.78,1.78,1.78,1.78,1,1.78
SUNE, 20250717 15:37:25.000000,766427,1,1.78,1.78,1.78,1.78,6,1.78
SUNE, 20250717 15:37:28.000000,766442,1,1.78,1.78,1.78,1.78,300,1.78
SUNE, 20250717 15:37:29.000000,766533,1,1.78,1.78,1.78,1.78,57,1.78
SUNE, 20250717 15:37:31.000000,766627,1,1.79,1.79,1.79,1.79,1,1.79
SUNE, 20250717 15:37:35.000000,766678,1,1.79,1.79,1.79,1.79,200,1.79
SUNE, 20250717 15:37:36.000000,767104,1,1.78,1.78,1.78,1.78,381,1.78
SUNE, 20250717 15:37:50.000000,767461,1,1.78,1.78,1.78,1.78,300,1.78
SUNE, 20250717 15:38:02.000000,767651,1,1.78,1.78,1.78,1.78,7,1.78
SUNE, 20250717 15:38:08.000000,767807,1,1.78,1.78,1.78,1.78,2093,1.78
SUNE, 20250717 15:38:13.000000,767912,1,1.79,1.79,1.79,1.79,200,1.79
SUNE, 20250717 15:38:16.000000,768055,1,1.78,1.78,1.78,1.78,5,1.78
SUNE, 20250717 15:38:21.000000,768566,1,1.78,1.78,1.78,1.78,1,1.78
SUNE, 20250717 15:38:38.000000,768603,1,1.78,1.78,1.78,1.78,200,1.78
SUNE, 20250717 15:38:39.000000,768698,1,1.78,1.78,1.78,1.78,10,1.78
SUNE, 20250717 15:38:42.000000,768734,1,1.79,1.79,1.79,1.79,10,1.79
SUNE, 20250717 15:38:43.000000,768914,1,1.78,1.78,1.78,1.78,70,1.78
SUNE, 20250717 15:38:49.000000,769006,1,1.78,1.78,1.78,1.78,6,1.78
SUNE, 20250717 15:38:52.000000,769258,1,1.78,1.78,1.78,1.78,200,1.78
SUNE, 20250717 15:39:00.000000,769357,1,1.78,1.78,1.78,1.78,400,1.78
SUNE, 20250717 15:39:03.000000,769719,1,1.78,1.78,1.78,1.78,281,1.78
SUNE, 20250717 15:39:15.000000,769795,1,1.78,1.78,1.78,1.78,200,1.78
SUNE, 20250717 15:39:17.000000,769826,1,1.78,1.78,1.78,1.78,2000,1.78
SUNE, 20250717 15:39:18.000000,770289,1,1.78,1.78,1.78,1.78,600,1.78
SUNE, 20250717 15:39:33.000000,770377,1,1.78,1.78,1.78,1.78,100,1.78
SUNE, 20250717 15:39:36.000000,770842,1,1.78,1.78,1.78,1.78,300,1.78
SUNE, 20250717 15:39:51.000000,770896,1,1.77,1.77,1.77,1.77,400,1.77
SUNE, 20250717 15:39:53.000000,771012,1,1.77,1.77,1.77,1.77,1,1.77
SUNE, 20250717 15:39:56.000000,771074,1,1.77,1.77,1.77,1.77,1000,1.77
SUNE, 20250717 15:39:59.000000,771447,1,1.77,1.77,1.77,1.77,300,1.77
SUNE, 20250717 15:40:11.000000,771650,1,1.77,1.77,1.77,1.77,3,1.77
SUNE, 20250717 15:40:17.000000,771831,1,1.77,1.77,1.77,1.77,1421,1.77
SUNE, 20250717 15:40:23.000000,772185,1,1.75,1.75,1.75,1.75,400,1.75
SUNE, 20250717 15:40:34.000000,772344,1,1.77,1.77,1.77,1.77,400,1.77
SUNE, 20250717 15:40:39.000000,772442,1,1.75,1.75,1.75,1.75,3,1.75
SUNE, 20250717 15:40:43.000000,772704,1,1.74,1.77,1.74,1.77,342,1.76
SUNE, 20250717 15:40:51.000000,773136,1,1.75,1.75,1.75,1.75,1,1.75
SUNE, 20250717 15:41:05.000000,773339,1,1.74,1.74,1.74,1.74,500,1.74
SUNE, 20250717 15:41:12.000000,773361,1,1.76,1.76,1.76,1.76,614,1.76
SUNE, 20250717 15:41:13.000000,773474,1,1.76,1.76,1.76,1.76,1,1.76
SUNE, 20250717 15:41:16.000000,773498,1,1.75,1.75,1.75,1.75,500,1.75
SUNE, 20250717 15:41:17.000000,774525,1,1.75,1.75,1.75,1.75,2000,1.75
SUNE, 20250717 15:41:50.000000,774585,1,1.77,1.77,1.77,1.77,2,1.77
SUNE, 20250717 15:41:52.000000,774834,1,1.76,1.76,1.76,1.76,758,1.76
SUNE, 20250717 15:42:00.000000,775426,1,1.75,1.75,1.75,1.75,3,1.75
SUNE, 20250717 15:42:20.000000,776282,1,1.76,1.76,1.76,1.76,10,1.76
SUNE, 20250717 15:42:48.000000,776563,1,1.75,1.75,1.75,1.75,6,1.75
SUNE, 20250717 15:42:57.000000,776593,1,1.75,1.75,1.75,1.75,2,1.75
SUNE, 20250717 15:42:58.000000,776655,1,1.77,1.77,1.77,1.77,1196,1.77
SUNE, 20250717 15:43:00.000000,776681,1,1.76,1.76,1.76,1.76,281,1.76
SUNE, 20250717 15:43:01.000000,776935,1,1.76,1.77,1.76,1.76,202,1.77
SUNE, 20250717 15:43:09.000000,777045,1,1.76,1.76,1.76,1.76,2000,1.76
SUNE, 20250717 15:43:12.000000,777088,1,1.77,1.77,1.77,1.77,200,1.77
SUNE, 20250717 15:43:14.000000,777120,1,1.77,1.77,1.77,1.77,200,1.77
SUNE, 20250717 15:43:15.000000,777215,1,1.77,1.77,1.76,1.76,220,1.77
SUNE, 20250717 15:43:17.000000,777658,1,1.76,1.76,1.76,1.76,1,1.76
SUNE, 20250717 15:43:31.000000,778064,1,1.76,1.76,1.76,1.76,3,1.76
SUNE, 20250717 15:43:44.000000,778230,1,1.76,1.76,1.76,1.76,397,1.76
SUNE, 20250717 15:43:49.000000,778263,1,1.76,1.76,1.76,1.76,500,1.76
SUNE, 20250717 15:43:50.000000,778322,1,1.76,1.76,1.76,1.76,20,1.76
SUNE, 20250717 15:43:52.000000,778488,1,1.76,1.76,1.76,1.76,2000,1.76
SUNE, 20250717 15:43:57.000000,778493,1,1.76,1.76,1.76,1.76,6,1.76
SUNE, 20250717 15:43:58.000000,778625,1,1.77,1.77,1.77,1.77,50,1.77
SUNE, 20250717 15:44:01.000000,779312,1,1.76,1.76,1.76,1.76,25,1.76
SUNE, 20250717 15:44:23.000000,779856,1,1.76,1.76,1.76,1.76,68,1.76
SUNE, 20250717 15:44:40.000000,780666,1,1.76,1.76,1.76,1.76,1569,1.76
SUNE, 20250717 15:45:06.000000,780731,1,1.75,1.75,1.75,1.75,29,1.75
SUNE, 20250717 15:45:07.000000,780948,1,1.76,1.76,1.76,1.76,3330,1.76
SUNE, 20250717 15:45:14.000000,781417,1,1.75,1.75,1.75,1.75,1,1.75
SUNE, 20250717 15:45:29.000000,781730,1,1.75,1.75,1.75,1.75,1,1.75
SUNE, 20250717 15:45:38.000000,781748,1,1.75,1.75,1.75,1.75,46,1.75
SUNE, 20250717 15:45:39.000000,781770,1,1.75,1.75,1.75,1.75,651,1.75
SUNE, 20250717 15:45:40.000000,781947,1,1.75,1.75,1.75,1.75,1,1.75
SUNE, 20250717 15:45:45.000000,782200,1,1.76,1.76,1.76,1.76,300,1.76
SUNE, 20250717 15:45:53.000000,783048,1,1.75,1.75,1.75,1.75,100,1.75
SUNE, 20250717 15:46:19.000000,783418,1,1.75,1.75,1.75,1.75,168,1.75
SUNE, 20250717 15:46:30.000000,783485,1,1.75,1.75,1.75,1.75,1,1.75
SUNE, 20250717 15:46:32.000000,783520,1,1.75,1.75,1.75,1.75,430,1.75
SUNE, 20250717 15:46:33.000000,784137,1,1.73,1.73,1.73,1.73,250,1.73
SUNE, 20250717 15:46:52.000000,784166,1,1.75,1.75,1.75,1.75,20,1.75
SUNE, 20250717 15:46:53.000000,785470,1,1.75,1.76,1.75,1.76,200,1.76
SUNE, 20250717 15:47:34.000000,785892,1,1.73,1.73,1.73,1.73,1,1.73
SUNE, 20250717 15:47:47.000000,785909,1,1.74,1.74,1.74,1.74,286,1.74
SUNE, 20250717 15:47:48.000000,786821,1,1.74,1.74,1.74,1.74,1,1.74
SUNE, 20250717 15:48:16.000000,788319,1,1.73,1.73,1.73,1.73,285,1.73
SUNE, 20250717 15:49:02.000000,790823,1,1.74,1.74,1.74,1.74,1,1.74
SUNE, 20250717 15:50:18.000000,792396,1,1.74,1.74,1.74,1.74,300,1.74
SUNE, 20250717 15:51:05.000000,792517,1,1.73,1.73,1.73,1.73,500,1.73
SUNE, 20250717 15:51:08.000000,792801,1,1.74,1.74,1.74,1.74,117,1.74
SUNE, 20250717 15:51:16.000000,793537,1,1.74,1.74,1.74,1.74,100,1.74
SUNE, 20250717 15:51:38.000000,793563,1,1.74,1.74,1.74,1.74,57,1.74
SUNE, 20250717 15:51:39.000000,794340,1,1.74,1.74,1.73,1.73,3,1.73
SUNE, 20250717 15:52:02.000000,794808,1,1.74,1.74,1.74,1.74,3,1.74
SUNE, 20250717 15:52:16.000000,795520,1,1.74,1.74,1.74,1.74,1,1.74
SUNE, 20250717 15:52:38.000000,796491,1,1.75,1.75,1.75,1.75,100,1.75
SUNE, 20250717 15:53:06.000000,796552,1,1.74,1.74,1.74,1.74,20,1.74
SUNE, 20250717 15:53:08.000000,797946,1,1.74,1.74,1.74,1.74,500,1.74
SUNE, 20250717 15:53:50.000000,798715,1,1.74,1.74,1.74,1.74,1,1.74
SUNE, 20250717 15:54:13.000000,801225,1,1.74,1.74,1.74,1.74,5800,1.74
SUNE, 20250717 15:55:26.000000,801537,1,1.73,1.73,1.73,1.73,80,1.73
SUNE, 20250717 15:55:35.000000,801804,1,1.74,1.74,1.74,1.74,14,1.74
SUNE, 20250717 15:55:43.000000,802094,1,1.74,1.74,1.74,1.74,20,1.74
SUNE, 20250717 15:55:51.000000,802161,1,1.74,1.74,1.74,1.74,100,1.74
SUNE, 20250717 15:55:53.000000,802228,1,1.76,1.76,1.76,1.76,255,1.76
SUNE, 20250717 15:55:55.000000,802827,1,1.76,1.78,1.76,1.78,5784,1.77
SUNE, 20250717 15:56:12.000000,803007,1,1.76,1.76,1.76,1.76,200,1.76
SUNE, 20250717 15:56:17.000000,803427,1,1.76,1.76,1.76,1.76,1,1.76
SUNE, 20250717 15:56:29.000000,803499,1,1.76,1.76,1.76,1.76,500,1.76
SUNE, 20250717 15:56:31.000000,804776,1,1.76,1.76,1.76,1.76,25,1.76
SUNE, 20250717 15:57:08.000000,804818,1,1.76,1.76,1.76,1.76,109,1.76
SUNE, 20250717 15:57:09.000000,804851,1,1.75,1.75,1.75,1.75,12,1.75
SUNE, 20250717 15:57:10.000000,805368,1,1.75,1.75,1.75,1.75,1,1.75
SUNE, 20250717 15:57:25.000000,806561,1,1.75,1.75,1.75,1.75,1,1.75
SUNE, 20250717 15:57:59.000000,806610,1,1.76,1.76,1.76,1.76,100,1.76
SUNE, 20250717 15:58:00.000000,806647,1,1.76,1.76,1.76,1.76,804,1.76
SUNE, 20250717 15:58:01.000000,806904,1,1.77,1.77,1.77,1.77,200,1.77
SUNE, 20250717 15:58:08.000000,806921,1,1.76,1.77,1.76,1.77,1515,1.76
SUNE, 20250717 15:58:09.000000,807708,1,1.77,1.77,1.77,1.77,137,1.77
SUNE, 20250717 15:58:30.000000,808232,1,1.76,1.77,1.76,1.77,7376,1.76
SUNE, 20250717 15:58:44.000000,808786,1,1.77,1.77,1.77,1.77,5,1.77
SUNE, 20250717 15:58:59.000000,809230,1,1.77,1.77,1.77,1.77,119,1.77
SUNE, 20250717 15:59:11.000000,810019,1,1.76,1.76,1.76,1.76,1,1.76
SUNE, 20250717 15:59:32.000000,810665,1,1.77,1.78,1.77,1.78,1986,1.77
SUNE, 20250717 15:59:49.000000,810710,1,1.76,1.76,1.76,1.76,26,1.76
SUNE, 20250717 15:59:50.000000,810789,1,1.77,1.77,1.77,1.77,2,1.77
SUNE, 20250717 15:59:52.000000,810907,1,1.78,1.78,1.77,1.78,470,1.78
SUNE, 20250717 15:59:55.000000,811093,1,1.77,1.77,1.77,1.77,20,1.77
SUNE, 20250717 16:00:00.000000,811770,1,1.78,1.78,1.76,1.76,1812,1.76
SUNE, 20250717 16:00:41.000000,812116,1,1.71,1.71,1.71,1.71,5,1.71
SUNE, 20250717 16:01:09.000000,812205,1,1.7,1.7,1.7,1.7,5,1.7
SUNE, 20250717 16:01:16.000000,813927,1,1.68,1.68,1.68,1.68,3000,1.68
SUNE, 20250717 16:03:44.000000,814117,1,1.68,1.68,1.68,1.68,1,1.68
SUNE, 20250717 16:04:03.000000,815122,1,1.7,1.7,1.7,1.7,6,1.7
SUNE, 20250717 16:05:26.000000,815748,1,1.7,1.7,1.7,1.7,21,1.7
SUNE, 20250717 16:06:35.000000,818560,1,1.76,1.76,1.76,1.76,4,1.76
SUNE, 20250717 16:11:47.000000,818973,1,1.73,1.73,1.73,1.73,500,1.73
SUNE, 20250717 16:12:34.000000,819593,1,1.76,1.77,1.76,1.77,111,1.77
SUNE, 20250717 16:13:45.000000,820359,1,1.75,1.75,1.75,1.75,49,1.75
SUNE, 20250717 16:15:18.000000,820448,1,1.71,1.71,1.71,1.71,9,1.71
SUNE, 20250717 16:15:31.000000,821433,1,1.76,1.76,1.76,1.76,5,1.76
SUNE, 20250717 16:17:42.000000,822644,1,1.76,1.76,1.76,1.76,545,1.76
SUNE, 20250717 16:20:23.000000,822829,1,1.77,1.77,1.77,1.77,108,1.77
SUNE, 20250717 16:20:51.000000,823633,1,1.76,1.76,1.76,1.76,27,1.76
SUNE, 20250717 16:22:49.000000,823705,1,1.7,1.7,1.7,1.7,2000,1.7
SUNE, 20250717 16:23:01.000000,824085,1,1.77,1.77,1.77,1.77,30,1.77
SUNE, 20250717 16:23:57.000000,824505,1,1.77,1.77,1.77,1.77,200,1.77
SUNE, 20250717 16:25:04.000000,825020,1,1.7,1.7,1.7,1.7,130,1.7
SUNE, 20250717 16:26:15.000000,825393,1,1.75,1.75,1.75,1.75,1,1.75
SUNE, 20250717 16:27:06.000000,825503,1,1.75,1.75,1.75,1.75,1,1.75
SUNE, 20250717 16:27:23.000000,827954,1,1.77,1.77,1.77,1.77,4,1.77
SUNE, 20250717 16:33:15.000000,828054,1,1.74,1.74,1.74,1.74,56,1.74
SUNE, 20250717 16:33:29.000000,828158,1,1.76,1.76,1.76,1.76,50,1.76
SUNE, 20250717 16:33:46.000000,828294,1,1.76,1.76,1.76,1.76,894,1.76
SUNE, 20250717 16:34:08.000000,829227,1,1.76,1.76,1.76,1.76,3,1.76
SUNE, 20250717 16:36:37.000000,829561,1,1.76,1.76,1.74,1.74,20,1.76
SUNE, 20250717 16:37:28.000000,829563,1,1.7,1.7,1.7,1.7,1,1.7
SUNE, 20250717 16:37:29.000000,830129,1,1.76,1.76,1.76,1.76,5,1.76
SUNE, 20250717 16:39:00.000000,832247,1,1.7,1.7,1.7,1.7,200,1.7
SUNE, 20250717 16:44:41.000000,836998,1,1.71,1.71,1.71,1.71,227,1.71
SUNE, 20250717 16:57:41.000000,839096,1,1.71,1.71,1.71,1.71,26,1.71
SUNE, 20250717 17:03:37.000000,839667,1,1.75,1.75,1.75,1.75,1,1.75
SUNE, 20250717 17:05:17.000000,840174,1,1.74,1.74,1.74,1.74,2,1.74
SUNE, 20250717 17:06:40.000000,841200,1,1.74,1.74,1.74,1.74,1,1.74
SUNE, 20250717 17:09:31.000000,843213,1,1.72,1.75,1.72,1.74,30,1.74
SUNE, 20250717 17:15:10.000000,843593,1,1.76,1.76,1.76,1.76,1,1.76
SUNE, 20250717 17:16:09.000000,843914,1,1.74,1.74,1.74,1.74,5,1.74
SUNE, 20250717 17:16:53.000000,844256,1,1.77,1.77,1.76,1.77,1000,1.77
SUNE, 20250717 17:17:44.000000,844281,1,1.74,1.74,1.74,1.74,4,1.74
SUNE, 20250717 17:17:48.000000,844599,1,1.77,1.77,1.77,1.77,115,1.77
SUNE, 20250717 17:18:35.000000,845258,1,1.76,1.76,1.76,1.76,12,1.76
SUNE, 20250717 17:20:18.000000,845772,1,1.76,1.76,1.76,1.76,1,1.76
SUNE, 20250717 17:21:36.000000,848720,1,1.76,1.76,1.76,1.76,10,1.76
SUNE, 20250717 17:29:33.000000,848754,1,1.76,1.76,1.76,1.76,75,1.76
SUNE, 20250717 17:29:39.000000,848760,1,1.76,1.76,1.76,1.76,5,1.76
SUNE, 20250717 17:29:40.000000,848899,1,1.77,1.77,1.77,1.77,49,1.77
SUNE, 20250717 17:30:04.000000,849775,1,1.77,1.77,1.77,1.77,475,1.77
SUNE, 20250717 17:32:29.000000,849899,1,1.77,1.77,1.77,1.77,300,1.77
SUNE, 20250717 17:32:51.000000,852348,1,1.77,1.77,1.77,1.77,80,1.77
SUNE, 20250717 17:40:03.000000,852758,1,1.77,1.77,1.76,1.77,1673,1.77
SUNE, 20250717 17:41:15.000000,854261,1,1.72,1.72,1.72,1.72,1,1.72
SUNE, 20250717 17:45:53.000000,856908,1,1.76,1.76,1.76,1.76,2,1.76
SUNE, 20250717 17:54:02.000000,858726,1,1.76,1.76,1.76,1.76,50,1.76
SUNE, 20250717 17:59:28.000000,859104,1,1.74,1.74,1.74,1.74,1,1.74
SUNE, 20250717 18:00:34.000000,859111,1,1.72,1.72,1.72,1.72,50,1.72
SUNE, 20250717 18:00:36.000000,859187,1,1.72,1.72,1.72,1.72,10,1.72
SUNE, 20250717 18:00:52.000000,859389,1,1.72,1.72,1.72,1.72,125,1.72
SUNE, 20250717 18:01:28.000000,859637,1,1.74,1.74,1.74,1.74,1,1.74
SUNE, 20250717 18:02:20.000000,859837,1,1.74,1.74,1.74,1.74,64,1.74
SUNE, 20250717 18:02:56.000000,859944,1,1.73,1.73,1.73,1.73,20,1.73
SUNE, 20250717 18:03:15.000000,859952,1,1.73,1.73,1.73,1.73,2,1.73
SUNE, 20250717 18:03:17.000000,860003,1,1.74,1.74,1.74,1.74,1,1.74
SUNE, 20250717 18:03:27.000000,860092,1,1.73,1.73,1.73,1.73,2,1.73
SUNE, 20250717 18:03:43.000000,860129,1,1.74,1.74,1.74,1.74,500,1.74
SUNE, 20250717 18:03:50.000000,860645,1,1.74,1.74,1.74,1.74,1,1.74
SUNE, 20250717 18:05:29.000000,862393,1,1.73,1.73,1.73,1.73,22,1.73
SUNE, 20250717 18:11:07.000000,862607,1,1.73,1.73,1.73,1.73,44,1.73
SUNE, 20250717 18:11:45.000000,863391,1,1.73,1.73,1.73,1.73,10,1.73
SUNE, 20250717 18:14:01.000000,867555,1,1.74,1.74,1.74,1.74,10,1.74
SUNE, 20250717 18:27:04.000000,868670,1,1.73,1.73,1.73,1.73,1,1.73
SUNE, 20250717 18:30:36.000000,868955,1,1.73,1.73,1.73,1.73,1,1.73
SUNE, 20250717 18:31:33.000000,869457,1,1.73,1.73,1.73,1.73,50,1.73
SUNE, 20250717 18:33:12.000000,870590,1,1.73,1.73,1.73,1.73,1,1.73
SUNE, 20250717 18:37:02.000000,870806,1,1.73,1.73,1.73,1.73,1,1.73
SUNE, 20250717 18:37:46.000000,870998,1,1.73,1.73,1.73,1.73,9,1.73
SUNE, 20250717 18:38:21.000000,872663,1,1.74,1.74,1.74,1.74,400,1.74
SUNE, 20250717 18:44:25.000000,872778,1,1.73,1.73,1.72,1.72,500,1.72
SUNE, 20250717 18:44:47.000000,874557,1,1.72,1.72,1.72,1.72,500,1.72
SUNE, 20250717 18:50:42.000000,875360,1,1.73,1.73,1.73,1.73,1,1.73
SUNE, 20250717 18:53:19.000000,875503,1,1.74,1.74,1.74,1.74,33,1.74
SUNE, 20250717 18:53:45.000000,875613,1,1.76,1.76,1.76,1.76,500,1.76
SUNE, 20250717 18:54:07.000000,875883,1,1.77,1.77,1.77,1.77,17,1.77
SUNE, 20250717 18:55:01.000000,876024,1,1.77,1.77,1.77,1.77,58,1.77
SUNE, 20250717 18:55:31.000000,876873,1,1.76,1.76,1.76,1.76,11,1.76
SUNE, 20250717 18:58:17.000000,877610,1,1.76,1.76,1.76,1.76,171,1.76
SUNE, 20250717 19:00:54.000000,878430,1,1.76,1.76,1.76,1.76,20,1.76
SUNE, 20250717 19:04:02.000000,878436,1,1.76,1.76,1.76,1.76,5,1.76
SUNE, 20250717 19:04:04.000000,879256,1,1.76,1.76,1.76,1.76,5,1.76
SUNE, 20250717 19:07:26.000000,880755,1,1.76,1.76,1.76,1.76,167,1.76
SUNE, 20250717 19:12:48.000000,882144,1,1.73,1.73,1.73,1.73,1,1.73
SUNE, 20250717 19:18:10.000000,882299,1,1.73,1.73,1.73,1.73,50,1.73
SUNE, 20250717 19:18:46.000000,883754,1,1.77,1.77,1.77,1.77,22,1.77
SUNE, 20250717 19:24:44.000000,884120,1,1.77,1.77,1.77,1.77,65,1.77
SUNE, 20250717 19:26:16.000000,884173,1,1.73,1.73,1.73,1.73,1,1.73
SUNE, 20250717 19:26:27.000000,884283,1,1.73,1.73,1.73,1.73,1000,1.73
SUNE, 20250717 19:26:50.000000,885815,1,1.76,1.76,1.76,1.76,1,1.76
SUNE, 20250717 19:32:50.000000,886041,1,1.73,1.73,1.73,1.73,500,1.73
SUNE, 20250717 19:33:45.000000,886710,1,1.73,1.73,1.73,1.73,50,1.73
SUNE, 20250717 19:36:31.000000,887130,1,1.73,1.73,1.73,1.73,1,1.73
SUNE, 20250717 19:38:06.000000,887951,1,1.77,1.77,1.77,1.77,12,1.77
SUNE, 20250717 19:41:19.000000,888220,1,1.73,1.73,1.73,1.73,10,1.73
SUNE, 20250717 19:42:19.000000,888282,1,1.76,1.76,1.76,1.76,1,1.76
SUNE, 20250717 19:42:32.000000,889137,1,1.76,1.76,1.76,1.76,1,1.76
SUNE, 20250717 19:45:47.000000,889305,1,1.73,1.73,1.73,1.73,4,1.73
SUNE, 20250717 19:46:28.000000,889824,1,1.76,1.76,1.76,1.76,25,1.76
SUNE, 20250717 19:48:25.000000,889859,1,1.76,1.77,1.76,1.77,373,1.76
SUNE, 20250717 19:48:33.000000,889976,1,1.73,1.73,1.73,1.73,17,1.73
SUNE, 20250717 19:49:00.000000,890024,1,1.76,1.76,1.76,1.76,1,1.76
SUNE, 20250717 19:49:14.000000,890043,1,1.76,1.76,1.76,1.76,1,1.76
SUNE, 20250717 19:49:17.000000,890382,1,1.76,1.76,1.76,1.76,7,1.76
SUNE, 20250717 19:50:56.000000,891510,1,1.77,1.77,1.77,1.77,1,1.77
SUNE, 20250717 19:56:21.000000,891547,1,1.77,1.77,1.77,1.77,100,1.77
SUNE, 20250717 19:56:31.000000,892129,1,1.76,1.76,1.76,1.76,10,1.76
