SymbolId,CurrentTime,Index,EMA9min,EMA20min,Vol1Min,Vol5Min,Vol10Min,Vol15Min,Vol30Min,Range_2M,RangePerc_2M,Range_5M,RangePerc_5M,Range_15M,RangePerc_15M,Range_30M,RangePerc_30M,Range_60M,RangePerc_60M,Range_120M,RangePerc_120M,Chg_2M,ChgPerc_2M,Chg_5M,ChgPerc_5M,Chg_10M,ChgPerc_10M,Chg_15M,ChgPerc_15M,Chg_30M,ChgPerc_30M,Chg_60M,ChgPerc_60M,Chg_120M,ChgPerc_120M,Low_60S,Low_120S,High_60S,High_120S,Low_300S,High_300S
SUNE,20250717 04:43:26.000000,0,1.62,1.62,1,1,1,1,1,0,0,0,0,0,0,0,0,0,0,0,0,0,0,0,0,0,0,0,0,0,0,0,0,0,0,1.62,1.62,1.62,1.62,1.62,1.62
SUNE,20250717 05:21:42.000000,0,1.62,1.62,2,2,3,3,3,0,0,0,0,0,0,0,0,0,0,0,0,0,0,0,0,0,0,0,0,0,0,0,0,0,0,1.62,1.62,1.62,1.62,1.62,1.62
SUNE,20250717 05:22:10.000000,0,1.62,1.62,2,2,2,2,2,0,0,0,0,0,0,0,0,0,0,0,0,0,0,0,0,0,0,0,0,0,0,0,0,0,0,1.62,1.62,1.62,1.62,1.62,1.62
SUNE,20250717 05:23:42.000000,0,1.62,1.62,2,4,4,4,4,0,0,0,0,0,0,0,0,0,0,0,0,0,0,0,0,0,0,0,0,0,0,0,0,0,0,1.62,1.62,1.62,1.62,1.62,1.62
SUNE,20250717 05:30:14.000000,0,1.62,1.62,7,11,11,11,11,0,0,0,0,0,0,0,0,0,0,0,0,0,0,0,0,0,0,0,0,0,0,0,0,0,0,1.62,1.62,1.62,1.62,1.62,1.62
SUNE,20250717 05:46:58.000000,0,1.62,1.62,3,3,14,14,14,0,0,0,0,0,0,0,0,0,0,0,0,0,0,0,0,0,0,0,0,0,0,0,0,0,0,1.62,1.62,1.62,1.62,1.62,1.62
SUNE,20250717 06:08:01.000000,0,1.62,1.62,10,10,10,10,24,0,0,0,0,0,0,0,0,0,0,0,0,0,0,0,0,0,0,0,0,0,0,0,0,0,0,1.62,1.62,1.62,1.62,1.62,1.62
SUNE,20250717 06:50:33.000000,0,1.62,1.62,14,14,14,14,24,0,0,0,0,0,0,0,0,0,0,0,0,0,0,0,0,0,0,0,0,0,0,0,0,0,0,1.62,1.62,1.62,1.62,1.62,1.62
SUNE,20250717 07:00:08.000000,0,1.62,1.62,60,60,60,60,60,0,0,0,0,0,0,0,0,0.01,1.21,0.01,1.21,0,0,0,0,0,0,0,0,0,0,0.01,1.21,0.01,1.21,1.64,1.64,1.64,1.64,1.64,1.64
SUNE,20250717 07:20:39.000000,0,1.63,1.62,391,391,391,451,451,0,0,0,0,0.02,1.2,0.02,1.2,0.03,2.4,0.03,2.4,0,0,0,0,0,0,0.02,1.2,0.02,1.2,0.03,2.4,0.03,2.4,1.66,1.66,1.66,1.66,1.66,1.66
SUNE,20250717 07:23:23.000000,0,1.63,1.62,1,1,1,1,392,0,0,0,0,0,0,0,0,0.02,1.2,0.03,2.4,0,0,0,0,0,0,0,0,0,0,0.02,1.2,0.03,2.4,1.66,1.66,1.66,1.66,1.66,1.66
SUNE,20250717 07:24:44.000000,0,1.64,1.63,1,2,2,2,393,0,0,0,0,0,0,0,0,0.02,1.2,0.03,2.4,0,0,0,0,0,0,0,0,0,0,0.02,1.2,0.03,2.4,1.66,1.66,1.66,1.66,1.66,1.66
SUNE,20250717 08:00:02.000000,0,1.64,1.63,48,50,50,50,441,0,0,0,0,0,0,0,0,0.02,1.2,0.03,2.4,0,0,0,0,0,0,0,0,0,0,0.02,1.2,0.03,2.4,1.66,1.66,1.66,1.66,1.66,1.66
SUNE,20250717 08:02:23.000000,0,1.64,1.63,288,288,288,288,288,0.05,3.7,0.05,3.7,0.05,3.7,0.05,3.7,0.05,3.7,0.05,3.7,0,0,0,0,0,0,0,0,0,0,-0.03,-2.46,0,0,1.61,1.61,1.67,1.67,1.61,1.67
SUNE,20250717 08:03:10.000000,0,1.63,1.63,20,308,308,308,308,0,0,0.05,3.7,0.05,3.7,0.05,3.7,0.05,3.7,0.05,3.7,0,0,0,0,0,0,0,0,0,0,-0.03,-2.46,0,0,1.62,1.62,1.62,1.62,1.61,1.67
SUNE,20250717 08:06:10.000000,0,1.63,1.63,1,309,309,309,309,0,0,0.05,3.7,0.05,3.7,0.05,3.7,0.05,3.7,0.05,3.7,0,0,0,0,0,0,0,0,0,0,-0.03,-2.46,0,0,1.62,1.62,1.62,1.62,1.61,1.67
SUNE,20250717 08:07:40.000000,0,1.63,1.63,599,620,908,908,908,0.01,0.6,0.04,3.01,0.05,3.61,0.05,3.61,0.05,3.61,0.05,3.61,0,0,0.03,2.4,0.03,2.4,0.03,2.4,0.03,2.4,0,0,0.03,2.4,1.66,1.66,1.67,1.67,1.62,1.67
SUNE,20250717 08:11:39.000000,0,1.63,1.63,22,622,930,930,930,0.03,1.82,0.04,3.04,0.05,3.65,0.05,3.65,0.05,3.65,0.05,3.65,-0.02,-1.21,0.01,1.21,0.01,1.21,0.01,1.21,0.01,1.21,-0.02,-1.21,0.01,1.21,1.64,1.64,1.65,1.67,1.62,1.67
SUNE,20250717 08:12:33.000000,0,1.63,1.63,211,233,853,1141,1141,0.03,1.84,0.03,1.84,0.05,3.68,0.05,3.68,0.05,3.68,0.05,3.68,0,0,-0.01,-0.61,0,0.61,0,0.61,0,0.61,-0.03,-1.84,-0.01,-0.61,1.63,1.63,1.66,1.66,1.63,1.66
SUNE,20250717 08:24:23.000000,0,1.63,1.63,55,266,888,1196,1196,0.03,1.84,0.03,1.84,0.05,3.68,0.05,3.68,0.05,3.68,0.05,3.68,0,0,0,0,0,0.61,0,0.61,0,0.61,-0.03,-1.84,-0.01,-0.61,1.63,1.63,1.63,1.66,1.63,1.66
SUNE,20250717 08:25:07.000000,0,1.63,1.63,4,4,4,270,1200,0,0,0,0,0.03,1.81,0.05,3.63,0.05,3.63,0.05,3.63,0,0,0,0,0,0,0.02,1.21,0.02,1.81,0.02,1.81,0.01,0.6,1.65,1.65,1.65,1.65,1.65,1.65
SUNE,20250717 08:30:37.000000,0,1.63,1.63,200,204,204,470,1400,0.02,1.22,0.02,1.22,0.03,1.84,0.05,3.68,0.05,3.68,0.05,3.68,-0.02,-1.22,-0.02,-1.22,-0.02,-1.22,0,0,0,0.61,0,0.61,-0.01,-0.61,1.63,1.63,1.63,1.65,1.63,1.65
SUNE,20250717 08:32:00.000000,0,1.63,1.63,200,200,404,404,1312,0,0,0,0,0.02,1.22,0.04,3.06,0.05,3.68,0.05,3.68,0,0,0,0,-0.02,-1.22,-0.02,-1.22,0,0.61,0,0.61,-0.01,-0.61,1.63,1.63,1.63,1.63,1.63,1.63
SUNE,20250717 08:34:51.000000,0,1.63,1.63,2,202,406,406,1314,0,0.61,0,0.61,0.02,1.85,0.04,3.08,0.05,3.7,0.05,3.7,0,-0.61,0,-0.61,-0.02,-1.85,-0.02,-1.85,0,0,0,0,-0.01,-1.23,1.62,1.62,1.62,1.63,1.62,1.63
SUNE,20250717 08:35:36.000000,0,1.62,1.63,500,702,902,906,1793,0,0.61,0,0.61,0.02,1.85,0.04,3.08,0.05,3.7,0.05,3.7,0,0,0,-0.61,0,-0.61,-0.02,-1.85,-0.03,-2.46,0,0,-0.01,-1.23,1.62,1.62,1.63,1.63,1.62,1.63
SUNE,20250717 08:37:38.000000,0,1.62,1.63,1,503,703,907,1794,0,0.61,0,0.61,0.02,1.85,0.04,3.08,0.05,3.7,0.05,3.7,0,0,0,0,0,-0.61,-0.02,-1.85,-0.03,-2.46,0,0,-0.01,-1.23,1.62,1.62,1.62,1.63,1.62,1.63
SUNE,20250717 08:41:15.000000,0,1.62,1.63,10,511,713,917,1183,0,0,0,0.61,0.02,1.84,0.03,2.45,0.05,3.68,0.05,3.68,0,0,0,0.61,0,0,-0.02,-1.22,0,0,0,0.61,-0.01,-0.61,1.63,1.63,1.63,1.63,1.62,1.63
SUNE,20250717 08:58:10.000000,0,1.62,1.63,201,211,712,914,1173,0,0.61,0,0.61,0,0.61,0.02,1.84,0.05,3.68,0.05,3.68,0,0,0,0,0,0.61,0,0,0,0,0,0.61,-0.01,-0.61,1.62,1.62,1.63,1.63,1.62,1.63
SUNE,20250717 09:01:25.000000,0,1.62,1.63,200,200,200,200,1114,0,0,0,0,0,0,0,0.61,0.05,3.68,0.05,3.68,0,0,0,0,0,0,0,0,0,0,0,0.61,-0.03,-1.84,1.63,1.63,1.63,1.63,1.63,1.63
SUNE,20250717 09:05:12.000000,0,1.62,1.62,799,999,999,999,1711,0,0,0,0.61,0,0.61,0,0.61,0.04,3.08,0.05,3.7,0,0,0,-0.61,0,-0.61,0,-0.61,0,0,0,0,-0.03,-2.46,1.62,1.62,1.62,1.62,1.62,1.63
SUNE,20250717 09:13:50.000000,0,1.63,1.63,721,1520,1720,1720,1931,0.02,1.81,0.02,1.81,0.02,1.81,0.02,1.81,0.04,3.03,0.05,3.63,0,0,0.02,1.81,0.02,1.21,0.02,1.21,0.02,1.21,-0.01,-0.6,-0.01,-0.6,1.62,1.62,1.65,1.65,1.62,1.65
SUNE,20250717 09:17:28.000000,0,1.63,1.63,5,5,726,1525,1725,0,0,0,0,0.02,1.82,0.02,1.82,0.02,1.82,0.05,3.65,0,0,0,0,-0.01,-0.6,0.01,1.21,0.01,0.6,-0.01,-0.6,-0.02,-1.21,1.64,1.64,1.64,1.64,1.64,1.64
SUNE,20250717 09:20:17.000000,0,1.63,1.63,42,47,47,768,1767,0,0,0,0,0.02,1.82,0.02,1.82,0.02,1.82,0.05,3.65,0,0,0,0,0,0,-0.01,-0.6,0.01,0.6,-0.01,-0.6,-0.02,-1.21,1.64,1.64,1.64,1.64,1.64,1.64
SUNE,20250717 09:22:16.000000,0,1.63,1.63,100,142,147,147,1867,0,0,0.01,0.6,0.01,0.6,0.02,1.81,0.02,1.81,0.05,3.63,0,0,0.01,0.6,0.01,0.6,0.01,0.6,0.02,1.21,0,0,-0.01,-0.6,1.65,1.65,1.65,1.65,1.64,1.65
SUNE,20250717 09:25:18.000000,0,1.63,1.63,400,500,547,547,2267,0.01,0.6,0.01,0.6,0.01,0.6,0.02,1.82,0.02,1.82,0.05,3.65,0,0,-0.01,-0.6,0,0,0,0,0.01,0.6,-0.01,-0.6,-0.02,-1.21,1.64,1.64,1.65,1.65,1.64,1.65
SUNE,20250717 09:30:01.000000,0,1.63,1.63,21,421,563,568,2288,0,0,0.02,1.85,0.02,1.85,0.02,1.85,0.02,1.85,0.05,3.7,0,0,-0.01,-1.23,-0.01,-1.23,-0.01,-1.23,0,-0.61,0,-0.61,0,0,1.62,1.62,1.62,1.62,1.62,1.65
SUNE,20250717 09:31:38.000000,0,1.63,1.63,2820,2820,3241,3383,4908,0.01,0.61,0.01,0.61,0.02,1.84,0.02,1.84,0.02,1.84,0.05,3.68,0,0,0,0,-0.01,-0.61,-0.01,-0.61,0,0.61,0,0.61,0,0.61,1.63,1.63,1.64,1.64,1.63,1.64
SUNE,20250717 09:33:28.000000,0,1.63,1.63,1,2821,3242,3384,4110,0.01,0.6,0.01,0.6,0.02,1.82,0.02,1.82,0.02,1.82,0.05,3.65,0.01,0.6,0.01,0.6,0,0,0,0,-0.01,-0.6,0.01,1.21,0.01,1.21,1.64,1.63,1.64,1.64,1.63,1.64
SUNE,20250717 09:35:59.000000,0,1.63,1.63,5,2826,2847,3347,4115,0,0,0.01,0.6,0.02,1.82,0.02,1.82,0.02,1.82,0.05,3.65,0,0,0.01,0.6,0.01,1.21,-0.01,-0.6,-0.01,-0.6,0.01,1.21,0.01,1.21,1.64,1.64,1.64,1.64,1.63,1.64
SUNE,20250717 09:37:30.000000,0,1.63,1.63,100,106,2926,3347,3494,0,0,0,0,0.02,1.82,0.02,1.82,0.02,1.82,0.05,3.65,0,0,0,0,0.01,0.6,0,0,0,0,0.01,0.6,0.01,1.21,1.64,1.64,1.64,1.64,1.64,1.64
SUNE,20250717 09:38:22.000000,0,1.63,1.63,800,905,3726,3747,4294,0,0,0,0,0.01,1.21,0.02,1.82,0.02,1.82,0.05,3.65,0,0,0,0,0.01,0.6,0.01,1.21,0,0,0.01,0.6,0.01,1.21,1.64,1.64,1.64,1.64,1.64,1.64
SUNE,20250717 09:41:13.000000,0,1.63,1.63,10,910,3736,3757,4304,0,0,0,0,0.01,1.21,0.02,1.82,0.02,1.82,0.05,3.65,0,0,0,0,0.01,0.6,0.01,1.21,0,0,0.01,0.6,0.01,1.21,1.64,1.64,1.64,1.64,1.64,1.64
SUNE,20250717 09:42:22.000000,0,1.63,1.63,697,1507,1612,4433,5001,0,0,0,0,0.01,0.6,0.02,1.82,0.02,1.82,0.05,3.65,0,0,0,0,0,0,0.01,0.6,0,0,0.01,0.6,0.01,1.21,1.64,1.64,1.64,1.64,1.64,1.64
SUNE,20250717 09:43:07.000000,0,1.63,1.63,128,835,1740,4561,5129,0.01,0.6,0.01,0.6,0.01,0.6,0.02,1.82,0.02,1.82,0.05,3.65,0,0,0,0,0,0,0.01,0.6,0,0,0.01,0.6,0.01,1.21,1.63,1.63,1.64,1.64,1.63,1.64
SUNE,20250717 09:44:15.000000,0,1.63,1.63,5,830,1740,4566,5129,0.01,0.6,0.01,0.6,0.01,0.6,0.02,1.82,0.02,1.82,0.05,3.65,0,0,0,0,0,0,0.01,0.6,0,0,0.01,0.6,0.01,1.21,1.64,1.63,1.64,1.64,1.63,1.64
SUNE,20250717 09:48:01.000000,0,1.63,1.63,207,1037,1947,4773,5336,0,0,0.01,0.6,0.01,0.6,0.02,1.82,0.02,1.82,0.05,3.65,0,0,0,0,0,0,0.01,0.6,0,0,0.01,0.6,0.01,1.21,1.64,1.64,1.64,1.64,1.63,1.64
SUNE,20250717 09:49:19.000000,0,1.63,1.63,1084,1291,2121,3031,6378,0.01,0.61,0.01,0.61,0.01,0.61,0.02,1.84,0.02,1.84,0.05,3.68,0,0,-0.01,-0.61,-0.01,-0.61,-0.01,-0.61,-0.02,-1.22,0,0,0,0.61,1.63,1.63,1.64,1.64,1.63,1.64
SUNE,20250717 09:50:02.000000,0,1.63,1.63,1111,2195,3232,4142,7489,0.01,0.6,0.01,0.6,0.01,0.6,0.02,1.82,0.02,1.82,0.05,3.65,0.01,0.6,0.01,0.6,0,0,0,0,-0.01,-0.6,0.01,0.6,0.01,1.21,1.63,1.63,1.64,1.64,1.63,1.64
SUNE,20250717 09:51:24.000000,0,1.63,1.63,20,2215,3252,4062,7409,0.01,0.6,0.01,0.6,0.01,0.6,0.02,1.82,0.02,1.82,0.05,3.65,0,0,0.01,0.6,0,0,0,0,0,0,0.01,0.6,0.01,1.21,1.64,1.63,1.64,1.64,1.63,1.64
SUNE,20250717 09:52:15.000000,0,1.63,1.63,1005,3220,3560,5067,8414,0.01,0.61,0.01,0.61,0.01,0.61,0.02,1.84,0.02,1.84,0.05,3.68,-0.01,-0.61,0,0,-0.01,-0.61,-0.01,-0.61,-0.01,-0.61,0,0,0,0.61,1.63,1.63,1.64,1.64,1.63,1.64
SUNE,20250717 09:53:09.000000,0,1.63,1.63,831,4051,4263,5098,8845,0.01,0.61,0.01,0.61,0.01,0.61,0.01,1.22,0.02,1.84,0.05,3.68,0,0,0,0,-0.01,-0.61,-0.01,-0.61,0,0.61,0,0,0,0.61,1.63,1.63,1.64,1.64,1.63,1.64
SUNE,20250717 09:54:14.000000,0,1.63,1.63,3105,6072,7363,8193,11950,0.01,0.61,0.01,0.61,0.01,0.61,0.01,1.22,0.02,1.84,0.05,3.68,0,0,-0.01,-0.61,-0.01,-0.61,-0.01,-0.61,0,0.61,0,0,0,0.61,1.63,1.63,1.63,1.64,1.63,1.64
SUNE,20250717 09:55:12.000000,0,1.63,1.63,1422,6383,8578,9615,13372,0,0.61,0.01,1.23,0.01,1.23,0.01,1.23,0.02,1.85,0.05,3.7,0,-0.61,-0.01,-1.23,0,-0.61,-0.01,-1.23,0,0,0,-0.61,0,0,1.62,1.62,1.63,1.63,1.62,1.64
SUNE,20250717 09:56:24.000000,0,1.62,1.63,101,6464,8679,9716,13452,0,0.61,0.01,1.23,0.01,1.23,0.01,1.23,0.02,1.85,0.05,3.7,0,0,0,-0.61,0,-0.61,-0.01,-1.23,0,-0.61,0,-0.61,0,0,1.62,1.62,1.63,1.63,1.62,1.64
SUNE,20250717 09:58:17.000000,0,1.62,1.63,171,5630,8850,9190,13623,0,0.61,0.01,1.23,0.01,1.23,0.01,1.23,0.02,1.85,0.05,3.7,0,0,0,-0.61,0,-0.61,-0.01,-1.23,0,-0.61,0,-0.61,0,0,1.62,1.62,1.63,1.63,1.62,1.64
SUNE,20250717 10:01:11.000000,0,1.62,1.63,7,1701,7773,9064,13630,0,0,0,0.61,0.01,1.23,0.01,1.23,0.02,1.85,0.05,3.7,0,0,0,0,-0.01,-1.23,-0.01,-1.23,0,-0.61,0,0,0,0,1.62,1.62,1.62,1.62,1.62,1.63
SUNE,20250717 10:02:42.000000,0,1.62,1.62,1,8,5638,8858,10810,0,0,0,0,0.01,1.23,0.01,1.23,0.02,1.85,0.04,3.08,0,0,0,0,0,-0.61,0,-0.61,-0.01,-1.23,-0.02,-1.85,0,0,1.62,1.62,1.62,1.62,1.62,1.62
SUNE,20250717 10:03:03.000000,0,1.62,1.62,2,10,4809,8860,10812,0,0,0,0,0.01,1.23,0.01,1.23,0.02,1.85,0.04,3.08,0,0,0,0,0,-0.61,0,-0.61,-0.01,-1.23,-0.02,-1.85,0,0,1.62,1.62,1.62,1.62,1.62,1.62
SUNE,20250717 10:05:13.000000,0,1.62,1.62,661,664,2365,8437,11468,0,0,0,0,0.01,1.23,0.01,1.23,0.02,1.85,0.04,3.08,0,0,0,0,0,0,-0.01,-1.23,-0.01,-1.23,-0.02,-1.85,-0.03,-2.46,1.62,1.62,1.62,1.62,1.62,1.62
SUNE,20250717 10:06:07.000000,0,1.62,1.62,3,667,845,7309,11371,0,0,0,0,0.01,1.23,0.01,1.23,0.02,1.85,0.04,3.08,0,0,0,0,0,0,0,-0.61,-0.01,-1.23,-0.01,-1.23,-0.03,-2.46,1.62,1.62,1.62,1.62,1.62,1.62
SUNE,20250717 10:07:01.000000,0,1.62,1.62,1,667,675,6305,11372,0,0,0,0,0.01,1.23,0.01,1.23,0.02,1.85,0.03,2.46,0,0,0,0,0,0,0,-0.61,-0.01,-1.23,-0.01,-1.23,-0.01,-1.23,1.62,1.62,1.62,1.62,1.62,1.62
SUNE,20250717 10:08:11.000000,0,1.62,1.62,655,1320,1330,6129,11227,0,0,0,0,0,0.61,0.01,1.23,0.02,1.85,0.03,2.46,0,0,0,0,0,0,0,-0.61,-0.01,-1.23,-0.01,-1.23,0,-0.61,1.62,1.62,1.62,1.62,1.62,1.62
SUNE,20250717 10:10:12.000000,0,1.62,1.62,1,660,1324,3025,11218,0,0,0,0,0,0.61,0.01,1.23,0.02,1.85,0.03,2.46,0,0,0,0,0,0,0,0,-0.01,-1.23,-0.01,-1.23,0,-0.61,1.62,1.62,1.62,1.62,1.62,1.62
SUNE,20250717 10:11:43.000000,0,1.62,1.62,818,1475,2142,2320,12036,0,0,0,0,0,0.61,0.01,1.23,0.02,1.85,0.03,2.46,0,0,0,0,0,0,0,0,-0.01,-1.23,-0.01,-1.23,0,-0.61,1.62,1.62,1.62,1.62,1.62,1.62
SUNE,20250717 10:13:01.000000,0,1.62,1.62,157,1631,2298,2306,11496,0,0,0,0,0,0,0.01,1.23,0.02,1.85,0.02,1.85,0,0,0,0,0,0,0,0,-0.01,-1.23,-0.01,-1.23,0,-0.61,1.62,1.62,1.62,1.62,1.62,1.62
SUNE,20250717 10:14:10.000000,0,1.62,1.62,2416,3391,4051,4715,13779,0.01,0.61,0.01,0.61,0.01,0.61,0.02,1.85,0.03,2.46,0.03,2.46,0,0,0,0,0,0,0,0,-0.01,-1.23,-0.01,-1.23,-0.02,-1.85,1.61,1.61,1.62,1.62,1.61,1.62
SUNE,20250717 10:15:57.000000,0,1.61,1.62,17,3408,4068,4732,13589,0.01,0.62,0.01,0.62,0.01,0.62,0.02,1.86,0.03,2.48,0.03,2.48,-0.01,-0.62,-0.01,-0.62,-0.01,-0.62,-0.01,-0.62,-0.01,-1.24,-0.02,-1.86,-0.03,-2.48,1.61,1.61,1.62,1.62,1.61,1.62
SUNE,20250717 10:16:26.000000,0,1.61,1.62,5,2595,4070,4737,13594,0.02,1.25,0.02,1.25,0.02,1.25,0.03,2.49,0.04,3.12,0.04,3.12,-0.01,-0.62,-0.02,-1.25,-0.02,-1.25,-0.02,-1.25,-0.02,-1.87,-0.03,-2.49,-0.04,-3.12,1.6,1.6,1.6,1.62,1.6,1.62
SUNE,20250717 10:17:55.000000,0,1.61,1.61,101,2539,4170,4837,13695,0,0,0.02,1.25,0.02,1.25,0.03,2.49,0.04,3.12,0.04,3.12,0,0,-0.02,-1.25,-0.02,-1.25,-0.02,-1.25,-0.02,-1.87,-0.03,-2.49,-0.04,-3.12,1.6,1.6,1.6,1.6,1.6,1.62
SUNE,20250717 10:19:40.000000,0,1.6,1.61,322,2861,3837,5157,14017,0,0,0.02,1.25,0.02,1.25,0.03,2.49,0.04,3.12,0.04,3.12,0,0,-0.02,-1.25,-0.02,-1.25,-0.02,-1.25,-0.02,-1.87,-0.04,-3.12,-0.04,-3.12,1.6,1.6,1.6,1.6,1.6,1.62
SUNE,20250717 10:20:20.000000,0,1.6,1.61,1114,1542,4950,5610,12936,0,0,0,0,0.02,1.25,0.03,2.49,0.04,3.12,0.04,3.12,0,0,0,0,-0.02,-1.25,-0.02,-1.25,-0.03,-2.49,-0.04,-3.12,-0.04,-3.12,1.6,1.6,1.6,1.6,1.6,1.6
SUNE,20250717 10:22:56.000000,0,1.6,1.61,112,1649,4244,5719,13028,0,0,0,0,0.02,1.25,0.03,2.49,0.04,3.12,0.04,3.12,0,0,0,0,-0.02,-1.25,-0.02,-1.25,-0.02,-1.87,-0.03,-2.49,-0.04,-3.12,1.6,1.6,1.6,1.6,1.6,1.6
SUNE,20250717 10:23:13.000000,0,1.6,1.61,1,1227,4088,5064,11193,0,0,0,0,0.02,1.25,0.02,1.87,0.03,2.49,0.04,3.12,0,0,0,0,-0.02,-1.25,-0.02,-1.25,-0.02,-1.87,-0.02,-1.25,-0.04,-3.12,1.6,1.6,1.6,1.6,1.6,1.6
SUNE,20250717 10:24:50.000000,0,1.6,1.61,52,1279,1724,5115,8140,0,0,0,0,0.02,1.25,0.02,1.87,0.03,2.49,0.04,3.12,0,0,0,0,-0.01,-0.62,-0.02,-1.25,-0.02,-1.25,-0.02,-1.25,-0.04,-3.12,1.6,1.6,1.6,1.6,1.6,1.6
SUNE,20250717 10:25:48.000000,0,1.6,1.61,89,254,1796,5204,6807,0,0,0,0,0.02,1.25,0.02,1.87,0.03,2.49,0.04,3.12,0,0,0,0,0,0,-0.02,-1.25,-0.02,-1.25,-0.02,-1.25,-0.02,-1.87,1.6,1.6,1.6,1.6,1.6,1.6
SUNE,20250717 10:26:45.000000,0,1.6,1.6,179,321,1970,4565,6885,0.01,0.62,0.01,0.62,0.02,1.25,0.02,1.87,0.03,2.49,0.04,3.12,0,0,0,0,0,0,-0.02,-1.25,-0.02,-1.25,-0.02,-1.87,-0.02,-1.87,1.6,1.6,1.61,1.61,1.6,1.61
SUNE,20250717 10:27:28.000000,0,1.6,1.6,5,326,1874,4413,6719,0.01,0.62,0.01,0.62,0.02,1.25,0.02,1.25,0.03,2.49,0.04,3.12,0,0,0,0,0,0,-0.02,-1.25,-0.02,-1.25,-0.02,-1.87,-0.02,-1.87,1.6,1.6,1.6,1.61,1.6,1.61
SUNE,20250717 10:28:30.000000,0,1.6,1.6,101,426,1653,4514,6820,0.01,0.62,0.01,0.62,0.02,1.24,0.02,1.24,0.03,2.48,0.04,3.1,0.01,0.62,0.01,0.62,0.01,0.62,-0.01,-0.62,-0.01,-0.62,-0.01,-1.24,-0.01,-1.24,1.6,1.6,1.61,1.61,1.6,1.61
SUNE,20250717 10:29:41.000000,0,1.6,1.6,3,377,1656,2101,6816,0.01,0.62,0.01,0.62,0.02,1.25,0.02,1.25,0.03,2.49,0.04,3.12,-0.01,-0.62,0,0,0,0,-0.01,-0.62,-0.02,-1.25,-0.02,-1.87,-0.02,-1.87,1.6,1.6,1.6,1.61,1.6,1.61
SUNE,20250717 10:30:46.000000,0,1.6,1.6,1,289,543,2085,6817,0,0,0.01,0.62,0.01,0.62,0.02,1.25,0.03,2.49,0.04,3.12,0,0,0,0,0,0,0,0,-0.02,-1.25,-0.02,-1.87,-0.02,-1.87,1.6,1.6,1.6,1.6,1.6,1.61
SUNE,20250717 10:31:30.000000,0,1.6,1.6,20,130,451,2100,6837,0.01,0.62,0.01,0.62,0.01,0.62,0.02,1.24,0.03,2.48,0.04,3.1,0.01,0.62,0.01,0.62,0.01,0.62,0.01,0.62,-0.01,-0.62,-0.02,-1.86,-0.01,-0.62,1.61,1.6,1.61,1.61,1.6,1.61
SUNE,20250717 10:32:31.000000,0,1.6,1.6,369,494,820,2368,7205,0.01,0.62,0.01,0.62,0.01,0.62,0.02,1.25,0.03,2.49,0.04,3.12,-0.01,-0.62,-0.01,-0.62,0,0,0,0,-0.02,-1.25,-0.03,-2.49,-0.02,-1.25,1.6,1.6,1.61,1.61,1.6,1.61
SUNE,20250717 10:34:32.000000,0,1.6,1.6,4,397,823,2050,7207,0.01,0.62,0.01,0.62,0.01,0.62,0.02,1.25,0.03,2.49,0.04,3.12,0,0,0,0,0,0,0,0,-0.02,-1.25,-0.03,-2.49,-0.02,-1.25,1.6,1.6,1.6,1.61,1.6,1.61
SUNE,20250717 10:35:37.000000,0,1.6,1.6,14,407,696,950,6560,0,0,0.01,0.62,0.01,0.62,0.02,1.24,0.03,2.48,0.04,3.1,0,0,0,0,0.01,0.62,0.01,0.62,-0.01,-0.62,-0.02,-1.86,-0.01,-0.62,1.61,1.61,1.61,1.61,1.6,1.61
SUNE,20250717 10:39:55.000000,0,1.6,1.6,116,503,633,954,6673,0.01,0.62,0.01,0.62,0.01,0.62,0.02,1.24,0.03,2.48,0.04,3.1,0,0,0.01,0.62,0.01,0.62,0.01,0.62,-0.01,-0.62,-0.02,-1.86,-0.01,-1.24,1.6,1.6,1.61,1.61,1.6,1.61
SUNE,20250717 10:40:02.000000,0,1.6,1.6,1,117,524,813,6017,0,0,0.01,0.62,0.01,0.62,0.02,1.24,0.03,2.48,0.04,3.1,0,0,0,0,0,0,0.01,0.62,-0.01,-0.62,-0.02,-1.86,-0.01,-1.24,1.61,1.61,1.61,1.61,1.6,1.61
SUNE,20250717 10:42:01.000000,0,1.6,1.6,1060,1061,1564,1694,6259,0.01,0.62,0.01,0.62,0.01,0.62,0.02,1.25,0.03,2.49,0.04,3.12,-0.01,-0.62,-0.01,-0.62,0,0,0,0,-0.02,-1.25,-0.03,-2.49,-0.02,-1.87,1.6,1.6,1.6,1.61,1.6,1.61
SUNE,20250717 10:44:10.000000,0,1.6,1.6,509,1570,1700,2097,6611,0,0,0.01,0.62,0.01,0.62,0.02,1.25,0.03,2.49,0.04,3.12,0,0,-0.01,-0.62,-0.01,-0.62,0,0,-0.02,-1.25,-0.03,-2.49,-0.02,-1.87,1.6,1.6,1.6,1.6,1.6,1.61
SUNE,20250717 10:45:47.000000,0,1.6,1.6,224,1793,1910,2317,4402,0.01,0.62,0.01,0.62,0.01,0.62,0.01,0.62,0.03,2.48,0.04,3.1,0,0,0.01,0.62,0,0,0,0,0.01,0.62,-0.01,-1.24,-0.01,-1.24,1.6,1.6,1.61,1.61,1.6,1.61
SUNE,20250717 10:47:08.000000,0,1.6,1.6,15,748,1809,2312,4412,0.01,0.62,0.01,0.62,0.01,0.62,0.01,0.62,0.03,2.48,0.04,3.1,0,0,0.01,0.62,0,0,0.01,0.62,0.01,0.62,-0.01,-1.24,-0.01,-1.24,1.61,1.6,1.61,1.61,1.6,1.61
SUNE,20250717 10:49:14.000000,0,1.6,1.6,1,240,1810,1940,3990,0,0,0.01,0.62,0.01,0.62,0.01,0.62,0.03,2.48,0.04,3.1,0,0,0,0,0,0,0,0,0.01,0.62,-0.01,-1.24,-0.01,-1.24,1.61,1.61,1.61,1.61,1.6,1.61
SUNE,20250717 10:50:53.000000,0,1.6,1.6,20,36,1829,1946,2896,0,0,0,0,0.01,0.62,0.01,0.62,0.03,2.48,0.04,3.1,0,0,0,0,0.01,0.62,0,0,0.01,0.62,-0.02,-1.86,-0.01,-1.24,1.61,1.61,1.61,1.61,1.61,1.61
SUNE,20250717 10:52:13.000000,0,1.61,1.6,40,61,809,1870,2824,0.01,0.61,0.01,0.61,0.02,1.23,0.02,1.23,0.03,2.46,0.04,3.08,0.01,0.61,0.01,0.61,0.02,1.23,0.01,0.61,0.02,1.23,0,-0.61,0,-0.61,1.62,1.61,1.62,1.62,1.61,1.62
SUNE,20250717 10:54:00.000000,0,1.61,1.6,100,160,400,1970,2923,0,0,0.01,0.61,0.02,1.23,0.02,1.23,0.02,1.85,0.04,3.08,0,0,0.01,0.61,0.01,0.61,0.01,0.61,0.02,1.23,0,-0.61,0,-0.61,1.62,1.62,1.62,1.62,1.61,1.62
SUNE,20250717 10:54:51.000000,0,1.61,1.61,100,260,500,2070,2971,0,0,0.01,0.61,0.02,1.23,0.02,1.23,0.02,1.85,0.04,3.08,0,0,0.01,0.61,0.01,0.61,0.01,0.61,0.02,1.23,0,0,0,-0.61,1.62,1.62,1.62,1.62,1.61,1.62
SUNE,20250717 10:57:28.000000,0,1.61,1.61,10,250,286,2079,2892,0.01,0.62,0.01,0.62,0.02,1.24,0.02,1.24,0.02,1.86,0.04,3.1,-0.01,-0.62,-0.01,-0.62,0,0,0.01,0.62,0.01,0.62,-0.01,-0.62,-0.01,-1.24,1.61,1.61,1.61,1.62,1.61,1.62
SUNE,20250717 11:00:07.000000,0,1.61,1.61,28,138,298,538,2635,0,0,0.01,0.62,0.02,1.24,0.02,1.24,0.02,1.24,0.04,3.1,0,0,-0.01,-0.62,0,0,0,0,0.01,0.62,-0.01,-0.62,-0.01,-1.24,1.61,1.61,1.61,1.61,1.61,1.62
SUNE,20250717 11:01:30.000000,0,1.61,1.61,4,32,242,303,2615,0,0,0,0,0.01,0.62,0.02,1.24,0.02,1.24,0.04,3.1,0,0,0,0,-0.01,-0.62,0,0,0.01,0.62,-0.01,-0.62,-0.01,-0.62,1.61,1.61,1.61,1.61,1.61,1.61
SUNE,20250717 11:02:03.000000,0,1.61,1.61,1,33,243,304,2247,0,0,0,0,0.01,0.62,0.02,1.24,0.02,1.24,0.04,3.1,0,0,0,0,-0.01,-0.62,0,0,0.01,0.62,-0.01,-0.62,-0.03,-2.48,1.61,1.61,1.61,1.61,1.61,1.61
SUNE,20250717 11:03:19.000000,0,1.61,1.61,2,7,145,305,2245,0,0,0,0,0.01,0.62,0.02,1.24,0.02,1.24,0.04,3.1,0,0,0,0,-0.01,-0.62,0,0,0,0,-0.01,-0.62,-0.03,-2.48,1.61,1.61,1.61,1.61,1.61,1.61
SUNE,20250717 11:04:15.000000,0,1.61,1.61,116,123,161,421,2361,0.01,0.61,0.01,0.61,0.01,0.61,0.02,1.23,0.02,1.23,0.04,3.08,0.01,0.61,0.01,0.61,0.01,0.61,0.01,0.61,0.01,0.61,0,0,-0.02,-1.85,1.61,1.61,1.62,1.62,1.61,1.62
SUNE,20250717 11:06:55.000000,0,1.61,1.61,134,257,285,535,2481,0.01,0.61,0.01,0.61,0.01,0.61,0.02,1.23,0.02,1.23,0.04,3.08,0,0,0.01,0.61,0.01,0.61,0,0,0.01,0.61,0,0,-0.02,-1.85,1.62,1.61,1.62,1.62,1.61,1.62
SUNE,20250717 11:07:14.000000,0,1.61,1.61,3,255,288,498,2368,0,0,0.01,0.61,0.01,0.61,0.02,1.23,0.02,1.23,0.04,3.08,0,0,0.01,0.61,0.01,0.61,0,0,0.01,0.61,0,0,-0.01,-1.23,1.62,1.62,1.62,1.62,1.61,1.62
SUNE,20250717 11:10:24.000000,0,1.61,1.61,64,317,324,462,2432,0,0.61,0.01,1.23,0.01,1.23,0.02,1.85,0.02,1.85,0.04,3.08,0,0,0,0,0.01,0.61,0,0,0.01,0.61,0,0,-0.01,-1.23,1.62,1.62,1.63,1.63,1.61,1.63
SUNE,20250717 11:11:16.000000,0,1.61,1.61,19,86,339,371,1390,0.01,0.61,0.01,1.23,0.01,1.23,0.02,1.85,0.02,1.85,0.04,3.08,0,0,0,0,0.01,0.61,0.01,0.61,0.02,1.23,0,0,-0.01,-1.23,1.61,1.61,1.62,1.62,1.61,1.63
SUNE,20250717 11:13:20.000000,0,1.61,1.61,52,135,390,423,1442,0.01,0.61,0.01,1.23,0.01,1.23,0.02,1.85,0.02,1.85,0.04,3.08,0,0,0,0,0.01,0.61,0.01,0.61,0.02,1.23,0,0,-0.01,-1.23,1.62,1.61,1.62,1.62,1.61,1.63
SUNE,20250717 11:17:51.000000,0,1.61,1.61,301,372,573,696,1234,0,0,0.01,0.61,0.01,1.23,0.02,1.85,0.02,1.85,0.04,3.08,0,0,0,0,0,0,0.01,0.61,0.01,0.61,0.01,0.61,-0.01,-1.23,1.62,1.62,1.62,1.62,1.61,1.62
SUNE,20250717 11:18:39.000000,0,1.61,1.61,50,351,422,739,1044,0,0,0,0,0.01,1.23,0.01,1.23,0.02,1.85,0.04,3.08,0,0,0,0,0,0,0,0,0.01,0.61,0.02,1.23,-0.02,-1.85,1.62,1.62,1.62,1.62,1.62,1.62
SUNE,20250717 11:19:36.000000,0,1.61,1.61,2,52,424,625,1046,0,0,0,0,0.01,1.23,0.01,1.23,0.02,1.85,0.04,3.08,0,0,0,0,0,0,0,0,0.01,0.61,0.02,1.23,-0.02,-1.85,1.62,1.62,1.62,1.62,1.62,1.62
SUNE,20250717 11:23:19.000000,0,1.61,1.61,6,58,430,497,1032,0,0.61,0,0.61,0.01,1.23,0.01,1.23,0.02,1.85,0.04,3.08,0,0,0,0,0,0,0,0,0,0,0.02,1.23,-0.02,-1.85,1.62,1.62,1.63,1.63,1.62,1.63
SUNE,20250717 11:24:42.000000,0,1.61,1.61,1,7,59,431,793,0,0,0,0.61,0.01,1.23,0.01,1.23,0.02,1.85,0.03,2.46,0,0,0,0,0,0,0,0,0.01,0.61,0.02,1.23,0,0,1.62,1.62,1.62,1.62,1.62,1.63
SUNE,20250717 11:26:19.000000,0,1.62,1.61,815,816,874,1246,1598,0,0.61,0,0.61,0.01,1.22,0.01,1.22,0.02,1.84,0.03,2.45,0,0.61,0,0.61,0,0.61,0,0.61,0.01,1.22,0.02,1.84,0,0.61,1.62,1.62,1.63,1.63,1.62,1.63
SUNE,20250717 11:30:16.000000,0,1.62,1.61,10,826,884,1185,1608,0,0,0,0.61,0,0.61,0.01,1.23,0.02,1.85,0.03,2.46,0,0,0,0,0,0,0,0,0.01,0.61,0.01,0.61,0,-0.61,1.62,1.62,1.62,1.62,1.62,1.63
SUNE,20250717 11:31:52.000000,0,1.62,1.61,55,65,881,939,1631,0,0,0,0,0,0.61,0.01,1.23,0.02,1.85,0.03,2.46,0,0,0,0,0,0,0,0,0.01,0.61,0.02,1.23,-0.01,-1.23,1.62,1.62,1.62,1.62,1.62,1.62
SUNE,20250717 11:32:21.000000,0,1.62,1.61,7,62,888,946,1637,0,0.61,0,0.61,0,0.61,0.01,1.22,0.02,1.84,0.03,2.45,0,0.61,0,0.61,0,0.61,0,0.61,0.01,1.22,0.02,1.84,-0.01,-0.61,1.62,1.62,1.63,1.63,1.62,1.63
SUNE,20250717 11:36:03.000000,0,1.62,1.61,2,64,890,898,1637,0,0.61,0,0.61,0,0.61,0.01,1.23,0.02,1.85,0.03,2.46,0,-0.61,0,0,0,0,0,0,0,0,0.01,0.61,-0.01,-1.23,1.62,1.62,1.62,1.63,1.62,1.63
SUNE,20250717 11:38:23.000000,0,1.62,1.61,15,17,79,905,1399,0,0,0,0,0,0.61,0.01,1.23,0.02,1.85,0.03,2.46,0,0,0,0,0,0,0,0,0,0,0.01,0.61,-0.01,-1.23,1.62,1.62,1.62,1.62,1.62,1.62
SUNE,20250717 11:39:48.000000,0,1.62,1.62,6,21,85,910,1341,0,0.61,0,0.61,0,0.61,0.01,1.22,0.02,1.84,0.03,2.45,0,0,0,0.61,0,0.61,0,0,0,0.61,0.01,1.22,-0.01,-0.61,1.62,1.62,1.63,1.63,1.62,1.63
SUNE,20250717 11:40:35.000000,0,1.62,1.62,5,26,90,100,1346,0,0.61,0,0.61,0,0.61,0.01,1.23,0.02,1.85,0.03,2.46,0,-0.61,0,0,0,0,0,0,0,0,0.02,1.23,-0.01,-1.23,1.62,1.62,1.62,1.63,1.62,1.63
SUNE,20250717 11:41:06.000000,0,1.62,1.62,20,46,55,120,1347,0,0,0,0.61,0,0.61,0,0.61,0.02,1.85,0.03,2.46,0,0,0,0,0,-0.61,0,0,0,0,0.02,1.23,-0.01,-1.23,1.62,1.62,1.62,1.62,1.62,1.63
SUNE,20250717 11:42:35.000000,0,1.62,1.62,210,241,258,320,1505,0,0,0,0.61,0,0.61,0,0.61,0.02,1.85,0.03,2.46,0,0,0,-0.61,0,0,0,0,0,0,0.02,1.23,-0.01,-1.23,1.62,1.62,1.62,1.62,1.62,1.63
SUNE,20250717 11:45:25.000000,0,1.62,1.62,10,251,266,330,1515,0,0.61,0,0.61,0,0.61,0,0.61,0.02,1.84,0.03,2.45,0,0.61,0,0,0,0.61,0,0.61,0,0.61,0.01,1.22,-0.01,-0.61,1.63,1.62,1.63,1.63,1.62,1.63
SUNE,20250717 11:47:22.000000,0,1.62,1.62,40,260,306,315,1254,0,0,0,0.61,0,0.61,0,0.61,0.01,1.23,0.03,2.46,0,0,0,0,0,0,0,-0.61,0,0,0.01,0.61,0,-0.61,1.62,1.62,1.62,1.62,1.62,1.63
SUNE,20250717 11:48:23.000000,0,1.62,1.62,2186,2226,2477,2492,3390,0,0,0,0.61,0,0.61,0,0.61,0.01,1.22,0.03,2.45,0,0,0,0.61,0,0,0,0.61,0,0.61,0.01,1.22,0,0,1.63,1.63,1.63,1.63,1.62,1.63
SUNE,20250717 11:51:06.000000,0,1.62,1.62,1,2227,2472,2493,3389,0,0.61,0,0.61,0,0.61,0,0.61,0.01,1.23,0.03,2.46,0,-0.61,0,0,0,0,0,0,0,0,0.01,0.61,-0.01,-1.23,1.62,1.62,1.62,1.63,1.62,1.63
SUNE,20250717 11:52:23.000000,0,1.62,1.62,1416,3603,3653,3894,4799,0,0.61,0,0.61,0,0.61,0,0.61,0.01,1.22,0.03,2.45,0,0,0,0,0,0,0,0,0,0.61,0,0.61,0,0,1.62,1.62,1.63,1.63,1.62,1.63
SUNE,20250717 11:56:12.000000,0,1.62,1.62,7,1424,3650,3901,4806,0,0.61,0,0.61,0,0.61,0,0.61,0.01,1.22,0.02,1.84,0,0,0,0.61,0,0.61,0,0,0,0.61,0,0.61,0,0,1.63,1.62,1.63,1.63,1.62,1.63
SUNE,20250717 11:57:45.000000,0,1.62,1.62,5,12,3615,3665,3985,0,0,0,0,0,0.61,0,0.61,0.01,1.22,0.02,1.84,0,0,0,0,0,0,0,0,0,0.61,0.01,1.22,0,0.61,1.63,1.63,1.63,1.63,1.63,1.63
SUNE,20250717 11:58:22.000000,0,1.62,1.62,8,13,1437,3663,3993,0.01,0.61,0.01,0.61,0.01,1.22,0.01,1.22,0.02,1.84,0.03,2.45,0,0,0,0,0,0.61,0,0.61,0,0.61,0.01,1.22,0,0.61,1.63,1.63,1.64,1.64,1.63,1.64
SUNE,20250717 11:59:13.000000,0,1.62,1.62,3,16,1439,3666,3996,0.01,0.61,0.01,0.61,0.01,1.22,0.01,1.22,0.02,1.84,0.03,2.45,0,0,0,0,0,0,0,0.61,0,0.61,0.01,1.22,0,0.61,1.63,1.63,1.63,1.64,1.63,1.64
SUNE,20250717 12:06:01.000000,0,1.62,1.62,4,20,1443,3670,4000,0,0,0.01,0.61,0.01,1.22,0.01,1.22,0.02,1.84,0.03,2.45,0,0,0,0,0,0,0,0.61,0,0.61,0.01,1.22,0,0.61,1.63,1.63,1.63,1.63,1.63,1.64
SUNE,20250717 12:12:37.000000,0,1.62,1.62,207,207,222,234,4128,0,0,0,0,0.01,0.61,0.01,1.22,0.02,1.84,0.03,2.45,0,0,0,0,0,0,0,0,0,0,0,0.61,0,0.61,1.63,1.63,1.63,1.63,1.63,1.63
SUNE,20250717 12:13:34.000000,0,1.62,1.62,1,1,208,215,3878,0,0,0,0,0,0,0.01,1.22,0.01,1.22,0.03,2.45,0,0,0,0,0,0,0,0,0,0.61,0,0.61,0,0.61,1.63,1.63,1.63,1.63,1.63,1.63
SUNE,20250717 12:15:39.000000,0,1.62,1.62,1,2,209,213,3879,0,0,0,0,0,0,0.01,1.22,0.01,1.22,0.03,2.45,0,0,0,0,0,0,0,0,0,0.61,0,0.61,0.01,1.22,1.63,1.63,1.63,1.63,1.63,1.63
SUNE,20250717 12:16:47.000000,0,1.63,1.62,7,9,216,216,3846,0.01,0.6,0.01,0.6,0.01,0.6,0.01,1.21,0.01,1.21,0.03,2.43,0,0,0.01,0.6,0.01,0.6,0.01,0.6,0.01,0.6,0.01,1.21,0.03,2.43,1.63,1.63,1.64,1.64,1.63,1.64
SUNE,20250717 12:20:12.000000,0,1.63,1.62,10,19,19,226,3856,0.01,0.61,0.01,0.61,0.01,0.61,0.01,1.22,0.01,1.22,0.03,2.45,-0.01,-0.61,0,0,0,0,0,0,0,0,0,0.61,0.02,1.84,1.63,1.63,1.63,1.64,1.63,1.64
SUNE,20250717 12:21:46.000000,0,1.63,1.62,6110,6120,6129,6336,7779,0.01,0.61,0.01,0.61,0.01,0.61,0.01,1.22,0.01,1.22,0.03,2.45,0,0,0,0,0,0,0,0,0,0,0,0.61,0.02,1.84,1.63,1.63,1.64,1.64,1.63,1.64
SUNE,20250717 12:22:04.000000,0,1.63,1.62,6000,12110,12129,12129,12363,0.01,0.61,0.01,0.61,0.01,0.61,0.01,0.61,0.01,1.22,0.03,2.45,0,0,0,0,0,0,0,0,0,0,0,0.61,0.02,1.84,1.63,1.63,1.63,1.64,1.63,1.64
SUNE,20250717 12:26:32.000000,0,1.63,1.62,2694,14804,14822,14823,15050,0,0,0.01,0.61,0.01,0.61,0.01,0.61,0.01,1.22,0.03,2.45,0,0,0,0,0,0,0,0,0,0,0,0.61,0.02,1.84,1.63,1.63,1.63,1.63,1.63,1.64
SUNE,20250717 12:28:12.000000,0,1.63,1.62,1,2695,14805,14824,15046,0,0,0,0,0.01,0.61,0.01,0.61,0.01,1.22,0.03,2.45,0,0,0,0,0,0,0,0,0,0,0,0.61,0.01,1.22,1.63,1.63,1.63,1.63,1.63,1.63
SUNE,20250717 12:29:51.000000,0,1.63,1.62,249,250,15054,15071,15284,0,0,0,0,0.01,0.61,0.01,0.61,0.01,1.22,0.03,2.45,0,0,0,0,0,0,-0.01,-0.61,0,0,0,0.61,0.02,1.84,1.63,1.63,1.63,1.63,1.63,1.63
SUNE,20250717 12:30:14.000000,0,1.63,1.62,67,317,15121,15138,15347,0,0,0,0,0.01,0.61,0.01,0.61,0.01,1.22,0.03,2.45,0,0,0,0,0,0,-0.01,-0.61,0,0,0,0.61,0.01,1.22,1.63,1.63,1.63,1.63,1.63,1.63
SUNE,20250717 12:31:47.000000,0,1.63,1.62,244,561,9255,15375,15591,0,0,0,0,0.01,0.61,0.01,0.61,0.01,1.22,0.03,2.45,0,0,0,0,0,0,0,0,0,0,0,0,0.02,1.84,1.63,1.63,1.63,1.63,1.63,1.63
SUNE,20250717 12:32:46.000000,0,1.63,1.62,2,562,3257,15367,15593,0,0,0,0,0.01,0.61,0.01,0.61,0.01,1.22,0.03,2.45,0,0,0,0,0,0,0,0,0,0,0,0.61,0.02,1.84,1.63,1.63,1.63,1.63,1.63,1.63
SUNE,20250717 12:33:26.000000,0,1.63,1.62,8,570,571,15375,15601,0,0,0,0,0.01,0.61,0.01,0.61,0.01,1.22,0.03,2.45,0,0,0,0,0,0,0,0,0,0,0,0.61,0.01,1.22,1.63,1.63,1.63,1.63,1.63,1.63
SUNE,20250717 12:35:55.000000,0,1.63,1.62,7,328,578,15382,15608,0,0,0,0,0.01,0.61,0.01,0.61,0.01,1.22,0.03,2.45,0,0,0,0,0,0,0,0,0,0,0,0.61,0.01,1.22,1.63,1.63,1.63,1.63,1.63,1.63
SUNE,20250717 12:36:16.000000,0,1.63,1.62,10,27,588,9282,15618,0,0,0,0,0,0,0.01,0.61,0.01,1.22,0.03,2.45,0,0,0,0,0,0,0,0,0,0,0,0.61,0.01,1.22,1.63,1.63,1.63,1.63,1.63,1.63
SUNE,20250717 12:37:20.000000,0,1.63,1.63,100,125,687,3382,15511,0.01,0.6,0.01,0.6,0.01,0.6,0.01,0.6,0.01,1.21,0.03,2.43,0.01,0.6,0.01,0.6,0.01,0.6,0.01,0.6,0.01,0.6,0.01,0.6,0.02,1.82,1.64,1.63,1.64,1.64,1.63,1.64
SUNE,20250717 12:38:21.000000,0,1.63,1.63,6,123,693,694,15517,0.01,0.61,0.01,0.61,0.01,0.61,0.01,0.61,0.01,1.22,0.03,2.45,-0.01,-0.61,0,0,0,0,0,0,0,0,0,0,0.01,1.22,1.63,1.63,1.63,1.64,1.63,1.64
SUNE,20250717 12:39:17.000000,0,1.63,1.63,1,117,445,695,15518,0,0,0.01,0.61,0.01,0.61,0.01,0.61,0.01,1.22,0.03,2.45,0,0,0,0,0,0,0,0,0,0,0,0.61,0.01,1.22,1.63,1.63,1.63,1.63,1.63,1.64
SUNE,20250717 12:40:11.000000,0,1.63,1.63,165,282,543,860,15683,0,0,0.01,0.61,0.01,0.61,0.01,0.61,0.01,1.22,0.03,2.45,0,0,0,0,0,0,0,0,0,0,0,0.61,0.02,1.84,1.63,1.63,1.63,1.63,1.63,1.64
SUNE,20250717 12:42:55.000000,0,1.63,1.63,297,569,596,1157,15980,0,0,0.01,0.61,0.01,0.61,0.01,0.61,0.01,1.22,0.03,2.45,0,0,-0.01,-0.61,0,0,0,0,0,0,0,0.61,0.02,1.84,1.63,1.63,1.63,1.63,1.63,1.64
SUNE,20250717 12:43:01.000000,0,1.63,1.63,36,499,622,1192,16015,0,0,0,0,0.01,0.61,0.01,0.61,0.01,1.22,0.03,2.45,0,0,0,0,0,0,0,0,0,0,0,0.61,0.01,1.22,1.63,1.63,1.63,1.63,1.63,1.63
SUNE,20250717 12:47:38.000000,0,1.63,1.63,100,598,715,1043,16114,0.01,0.6,0.01,0.6,0.01,0.6,0.01,0.6,0.01,1.21,0.03,2.43,0.01,0.6,0.01,0.6,0.01,0.6,0.01,0.6,0,0,0.01,1.21,0.02,1.82,1.64,1.63,1.64,1.64,1.63,1.64
SUNE,20250717 12:48:01.000000,0,1.63,1.63,1,101,600,723,16098,0,0,0.01,0.61,0.01,0.61,0.01,0.61,0.01,1.22,0.02,1.84,0,0,-0.01,-0.61,0,0,0,0,0,0,0,0.61,0.01,1.22,1.63,1.63,1.63,1.63,1.63,1.64
SUNE,20250717 12:52:23.000000,0,1.63,1.63,60,61,659,776,16158,0,0,0,0,0.01,0.61,0.01,0.61,0.01,1.22,0.02,1.84,0,0,0,0,0,0,0,0,0,0,0,0,0.01,1.22,1.63,1.63,1.63,1.63,1.63,1.63
SUNE,20250717 12:56:04.000000,0,1.63,1.63,7,67,168,667,1361,0,0,0,0,0.01,0.61,0.01,0.61,0.01,0.61,0.02,1.84,0,0,0,0,-0.01,-0.61,0,0,0,0,0,0,0,0.61,1.63,1.63,1.63,1.63,1.63,1.63
SUNE,20250717 13:06:16.000000,0,1.63,1.63,16,23,84,220,1376,0,0,0,0,0.01,0.61,0.01,0.61,0.01,0.61,0.02,1.84,0,0,0,0,0,0,0,0,0,0,0,0,0.01,1.22,1.63,1.63,1.63,1.63,1.63,1.63
SUNE,20250717 13:08:03.000000,0,1.63,1.63,852,852,852,875,1541,0,0,0,0,0,0,0.01,0.61,0.01,0.61,0.02,1.84,0,0,0,0,0,0,0,0,0,0,0,0,0,0.61,1.63,1.63,1.63,1.63,1.63,1.63
SUNE,20250717 13:11:53.000000,0,1.63,1.63,99,951,951,967,1633,0,0,0.01,0.6,0.01,0.6,0.01,0.6,0.01,0.6,0.02,1.82,0,0,0.01,0.6,0.01,0.6,0.01,0.6,0.01,0.6,0.01,0.6,0.01,1.21,1.64,1.64,1.64,1.64,1.63,1.64
SUNE,20250717 13:15:35.000000,0,1.63,1.63,14,113,965,965,1185,0,0,0.01,0.61,0.01,0.61,0.01,0.61,0.01,0.61,0.01,1.22,0,0,-0.01,-0.61,0,0,0,0,0,0,0,0,0,0.61,1.63,1.63,1.63,1.63,1.63,1.64
SUNE,20250717 13:16:08.000000,0,1.63,1.63,34,48,999,999,1083,0,0,0,0,0.01,0.61,0.01,0.61,0.01,0.61,0.01,1.22,0,0,0,0,0,0,0,0,0,0,0,0,0,0.61,1.63,1.63,1.63,1.63,1.63,1.63
SUNE,20250717 13:17:12.000000,0,1.63,1.63,1,35,148,1000,1084,0,0,0,0,0.01,0.61,0.01,0.61,0.01,0.61,0.01,1.22,0,0,0,0,-0.01,-0.61,0,0,0,0,0,0,0,0.61,1.63,1.63,1.63,1.63,1.63,1.63
SUNE,20250717 13:20:00.000000,0,1.63,1.63,500,535,648,1500,1583,0,0,0,0,0.01,0.61,0.01,0.61,0.01,0.61,0.01,1.22,0,0,0,0,-0.01,-0.61,0,0,0,0,0,0,0,0.61,1.63,1.63,1.63,1.63,1.63,1.63
SUNE,20250717 13:20:09.000000,0,1.63,1.63,1,536,550,1501,1524,0,0,0,0,0.01,0.61,0.01,0.61,0.01,0.61,0.01,1.22,0,0,0,0,0,0,0,0,0,0,0,0,0,0.61,1.63,1.63,1.63,1.63,1.63,1.63
SUNE,20250717 13:21:27.000000,0,1.63,1.63,3,505,553,1504,1527,0,0,0,0,0.01,0.61,0.01,0.61,0.01,0.61,0.01,1.22,0,0,0,0,0,0,0,0,0,0,0,0,0,0.61,1.63,1.63,1.63,1.63,1.63,1.63
SUNE,20250717 13:27:59.000000,0,1.63,1.63,27,531,566,679,1554,0,0,0,0,0.01,0.61,0.01,0.61,0.01,0.61,0.01,1.22,0,0,0,0,0,0,-0.01,-0.61,0,0,0,0,0,0.61,1.63,1.63,1.63,1.63,1.63,1.63
SUNE,20250717 13:30:27.000000,0,1.63,1.63,1,1,32,567,1532,0,0,0,0,0,0,0.01,0.61,0.01,0.61,0.01,1.22,0,0,0,0,0,0,0,0,0,0,0,0,0,0.61,1.63,1.63,1.63,1.63,1.63,1.63
SUNE,20250717 13:35:25.000000,0,1.63,1.63,1,2,29,534,1533,0,0,0.01,0.6,0.01,0.6,0.01,0.6,0.01,0.6,0.01,1.21,0,0,0.01,0.6,0.01,0.6,0.01,0.6,0.01,0.6,0.01,0.6,0.01,0.6,1.64,1.64,1.64,1.64,1.63,1.64
SUNE,20250717 13:36:24.000000,0,1.63,1.63,1,1,3,30,1534,0,0,0,0,0.01,0.61,0.01,0.61,0.01,0.61,0.01,1.22,0,0,0,0,0,0,0,0,0,0,-0.01,-0.61,0,0.61,1.63,1.63,1.63,1.63,1.63,1.63
SUNE,20250717 13:37:22.000000,0,1.63,1.63,474,475,477,477,1156,0.01,0.61,0.01,0.61,0.01,0.61,0.01,0.61,0.01,0.61,0.01,1.22,0,0,0,0,0,0,0,0,-0.01,-0.61,0,0,0,0,1.63,1.63,1.64,1.64,1.63,1.64
SUNE,20250717 13:38:56.000000,0,1.63,1.63,202,677,678,679,1358,0.01,0.61,0.01,0.61,0.01,0.61,0.01,0.61,0.01,0.61,0.01,1.22,0,0,0,0,-0.01,-0.61,0,0,-0.01,-0.61,0,0,0,0,1.63,1.63,1.64,1.64,1.63,1.64
SUNE,20250717 13:39:17.000000,0,1.63,1.63,1,678,679,680,1260,0.01,0.61,0.01,0.61,0.01,0.61,0.01,0.61,0.01,0.61,0.01,1.22,0,0,0,0,-0.01,-0.61,0,0,0,0,0,0,0,0.61,1.63,1.63,1.63,1.64,1.63,1.64
SUNE,20250717 13:40:26.000000,0,1.63,1.63,1,679,680,681,1261,0,0,0.01,0.61,0.01,0.61,0.01,0.61,0.01,0.61,0.01,1.22,0,0,0,0,-0.01,-0.61,0,0,0,0,0,0,0,0.61,1.63,1.63,1.63,1.63,1.63,1.64
SUNE,20250717 13:41:05.000000,0,1.63,1.63,6,684,685,687,1267,0.01,0.61,0.01,0.61,0.01,0.61,0.01,0.61,0.01,0.61,0.01,1.22,0,0,0,0,0,0,0,0,0,0,0,0,0,0.61,1.63,1.63,1.64,1.64,1.63,1.64
SUNE,20250717 13:42:09.000000,0,1.63,1.63,2,212,687,689,1255,0.01,0.61,0.01,0.61,0.01,0.61,0.01,0.61,0.01,0.61,0.01,1.22,0,0,0,0,0,0,0,0,0,0,0,0,0,0,1.63,1.63,1.63,1.64,1.63,1.64
SUNE,20250717 13:43:31.000000,0,1.63,1.63,300,310,987,988,1555,0,0,0.01,0.61,0.01,0.61,0.01,0.61,0.01,0.61,0.01,1.22,0,0,0,0,0,0,-0.01,-0.61,0,0,-0.01,-0.61,0,0.61,1.63,1.63,1.63,1.63,1.63,1.64
SUNE,20250717 13:44:53.000000,0,1.63,1.63,1086,1395,2073,2074,2641,0.01,0.6,0.01,0.6,0.01,0.6,0.01,0.6,0.01,0.6,0.01,1.21,0.01,0.6,0.01,0.6,0.01,0.6,0,0,0.01,0.6,0.01,0.6,0.01,1.21,1.63,1.63,1.64,1.64,1.63,1.64
SUNE,20250717 13:45:40.000000,0,1.63,1.63,1,1395,2074,2075,2642,0.01,0.6,0.01,0.6,0.01,0.6,0.01,0.6,0.01,0.6,0.01,1.21,0,0,0.01,0.6,0.01,0.6,0,0,0.01,0.6,0.01,0.6,0.01,1.21,1.64,1.63,1.64,1.64,1.63,1.64
SUNE,20250717 13:47:21.000000,0,1.63,1.63,1,1390,2074,2075,2609,0.01,0.6,0.02,1.21,0.02,1.21,0.02,1.21,0.02,1.21,0.02,1.81,0.01,0.6,0.02,1.21,0.02,1.21,0.02,1.21,0.02,1.21,0.02,1.21,0.02,1.21,1.65,1.64,1.65,1.65,1.63,1.65
SUNE,20250717 13:50:44.000000,0,1.63,1.63,1001,2089,2399,3076,3109,0,0,0.02,1.21,0.02,1.21,0.02,1.21,0.02,1.21,0.02,1.82,0,0,0,0,0.01,0.6,0.01,0.6,0.01,0.6,0.01,0.6,0.01,1.21,1.64,1.64,1.64,1.64,1.63,1.65
SUNE,20250717 13:51:24.000000,0,1.63,1.63,9,1010,2400,3084,3114,0,0,0,0,0.02,1.21,0.02,1.21,0.02,1.21,0.02,1.82,0,0,0,0,0.01,0.6,0.01,0.6,0.01,0.6,0.01,0.6,0.01,0.6,1.64,1.64,1.64,1.64,1.64,1.64
SUNE,20250717 13:53:14.000000,0,1.63,1.63,220,1230,2618,2830,3307,0,0,0,0,0.02,1.21,0.02,1.21,0.02,1.21,0.02,1.21,0,0,0,0,0.01,0.6,0.01,0.6,0.01,0.6,0.01,0.6,0.01,0.6,1.64,1.64,1.64,1.64,1.64,1.64
SUNE,20250717 13:55:47.000000,0,1.63,1.63,25,254,1257,2652,3332,0,0,0,0,0.02,1.21,0.02,1.21,0.02,1.21,0.02,1.21,0,0,0,0,0,0,0.01,0.6,0.01,0.6,0.01,0.6,0.01,0.6,1.64,1.64,1.64,1.64,1.64,1.64
SUNE,20250717 13:56:24.000000,0,1.63,1.63,3,248,1258,2648,3335,0,0,0,0,0.02,1.21,0.02,1.21,0.02,1.21,0.02,1.21,0,0,0,0,0,0,0.01,0.6,0.01,0.6,0.01,0.6,0.01,0.6,1.64,1.64,1.64,1.64,1.64,1.64
SUNE,20250717 13:57:01.000000,0,1.63,1.63,1,29,1259,2647,3336,0,0,0,0,0.02,1.21,0.02,1.21,0.02,1.21,0.02,1.21,0,0,0,0,0,0,0.01,0.6,0.01,0.6,0.01,0.6,0.01,0.6,1.64,1.64,1.64,1.64,1.64,1.64
SUNE,20250717 14:02:07.000000,0,1.63,1.63,3399,3428,3657,5746,6734,0.01,1.23,0.01,1.23,0.02,1.85,0.02,1.85,0.02,1.85,0.02,1.85,-0.01,-1.23,-0.01,-1.23,-0.01,-1.23,-0.01,-1.23,-0.01,-1.23,0,-0.61,0,-0.61,1.62,1.62,1.64,1.64,1.62,1.64
SUNE,20250717 14:06:29.000000,0,1.63,1.63,45,45,3473,3702,6778,0,0,0,0,0.01,1.22,0.02,1.84,0.02,1.84,0.02,1.84,0,0,0,0,-0.01,-0.61,-0.01,-0.61,0,0,0,0,0,0,1.63,1.63,1.63,1.63,1.63,1.63
SUNE,20250717 14:08:54.000000,0,1.63,1.63,50,95,3494,3523,6353,0,0,0,0,0.01,1.22,0.02,1.84,0.02,1.84,0.02,1.84,0,0,0,0,0,0.61,-0.01,-0.61,0,0,-0.01,-0.61,0,0,1.63,1.63,1.63,1.63,1.63,1.63
SUNE,20250717 14:10:25.000000,0,1.63,1.63,1,51,96,3499,6151,0,0,0.01,0.6,0.01,1.21,0.02,1.82,0.02,1.82,0.02,1.82,0,0,0.01,0.6,0.01,0.6,0,0,0.01,0.6,0.01,0.6,0.01,0.6,1.64,1.64,1.64,1.64,1.63,1.64
SUNE,20250717 14:12:05.000000,0,1.63,1.63,3,54,99,3499,6147,0,0,0.01,0.6,0.01,1.21,0.02,1.82,0.02,1.82,0.02,1.82,0,0,0.01,0.6,0.01,0.6,0,0,0.01,0.6,0.01,0.6,0.01,0.6,1.64,1.64,1.64,1.64,1.63,1.64
SUNE,20250717 14:13:05.000000,0,1.63,1.63,200,204,254,299,6045,0,0,0,0,0.01,0.6,0.02,1.82,0.02,1.82,0.02,1.82,0,0,0,0,0.01,0.6,0.01,0.6,0,0,0.01,0.6,0.01,0.6,1.64,1.64,1.64,1.64,1.64,1.64
SUNE,20250717 14:14:33.000000,0,1.63,1.63,3,206,257,302,4962,0,0,0,0,0.01,0.6,0.02,1.82,0.02,1.82,0.02,1.82,0,0,0,0,0.01,0.6,0.01,0.6,0,0,0.01,0.6,0,0,1.64,1.64,1.64,1.64,1.64,1.64
SUNE,20250717 14:16:24.000000,0,1.63,1.63,504,710,761,806,5465,0,0,0,0,0.01,0.6,0.02,1.82,0.02,1.82,0.02,1.82,0,0,0,0,0.01,0.6,0.01,0.6,-0.01,-0.6,0.01,0.6,0,0,1.64,1.64,1.64,1.64,1.64,1.64
SUNE,20250717 14:17:48.000000,0,1.63,1.63,2,709,713,808,5466,0,0,0,0,0.01,0.6,0.01,1.21,0.02,1.82,0.02,1.82,0,0,0,0,0,0,0.01,0.6,0,0,0.01,0.6,0.01,0.6,1.64,1.64,1.64,1.64,1.64,1.64
SUNE,20250717 14:20:09.000000,0,1.63,1.63,7,516,720,770,4472,0,0,0,0,0.01,0.6,0.01,1.21,0.02,1.82,0.02,1.82,0,0,0,0,0,0,0.01,0.6,0,0,0.01,0.6,0.01,0.6,1.64,1.64,1.64,1.64,1.64,1.64
SUNE,20250717 14:21:50.000000,0,1.63,1.63,400,409,1116,1170,4863,0,0,0,0,0.01,0.6,0.01,1.21,0.02,1.82,0.02,1.82,0,0,0,0,0,0,0.01,0.6,0,0,0.01,0.6,0.01,0.6,1.64,1.64,1.64,1.64,1.64,1.64
SUNE,20250717 14:22:26.000000,0,1.63,1.63,30,437,1146,1150,4673,0,0,0,0,0,0,0.01,1.21,0.02,1.82,0.02,1.82,0,0,0,0,0,0,0,0,0,0,0.01,0.6,0.01,0.6,1.64,1.64,1.64,1.64,1.64,1.64
SUNE,20250717 14:23:16.000000,0,1.63,1.63,300,730,1246,1450,4973,0,0,0,0,0,0,0.01,1.21,0.02,1.82,0.02,1.82,0,0,0,0,0,0,0,0,0,0,0.01,0.6,0.01,0.6,1.64,1.64,1.64,1.64,1.64,1.64
SUNE,20250717 14:30:44.000000,0,1.63,1.63,24,754,1267,1473,4972,0,0,0,0,0,0,0.01,1.21,0.02,1.82,0.02,1.82,0,0,0,0,0,0,0,0,0,0,0.01,0.6,0.01,0.6,1.64,1.64,1.64,1.64,1.64,1.64
SUNE,20250717 14:31:22.000000,0,1.64,1.63,103,103,457,866,1672,0,0,0,0,0.01,0.6,0.02,1.21,0.02,1.81,0.02,1.81,0,0,0,0,0.01,0.6,0.01,0.6,0.02,1.21,0.02,1.21,0.02,1.21,1.65,1.65,1.65,1.65,1.65,1.65
SUNE,20250717 14:33:42.000000,0,1.63,1.63,2,105,429,866,1674,0.02,1.22,0.02,1.22,0.02,1.22,0.02,1.22,0.02,1.84,0.02,1.84,-0.02,-1.22,-0.02,-1.22,-0.01,-0.61,-0.01,-0.61,0,0,0,0,0,0,1.63,1.63,1.64,1.65,1.63,1.65
SUNE,20250717 14:36:08.000000,0,1.64,1.63,245,350,350,1104,1874,0,0,0.02,1.21,0.02,1.21,0.02,1.21,0.02,1.81,0.02,1.81,0,0,0,0,0,0,0.01,0.6,0.02,1.21,0.02,1.21,0.02,1.21,1.65,1.65,1.65,1.65,1.63,1.65
SUNE,20250717 14:38:08.000000,0,1.64,1.64,12715,12960,13065,13389,14539,0.01,0.6,0.01,0.6,0.02,1.21,0.02,1.21,0.02,1.81,0.02,1.81,0,0,0,0,0,0,0.01,0.6,0.01,0.6,0.02,1.21,0.02,1.21,1.64,1.64,1.65,1.65,1.64,1.65
SUNE,20250717 14:39:21.000000,0,1.64,1.64,3915,16630,16980,16980,18453,0.02,1.21,0.03,1.81,0.04,2.42,0.04,2.42,0.04,3.03,0.04,3.03,0,0,0,0,0,0,0,0,0.01,0.6,0.02,1.21,0.02,1.21,1.65,1.65,1.67,1.67,1.64,1.67
SUNE,20250717 14:40:31.000000,0,1.64,1.64,626,17256,17606,17606,19079,0.03,1.81,0.03,1.81,0.04,2.42,0.04,2.42,0.04,3.03,0.04,3.03,0,0,0,0,0,0,0,0,0.01,0.6,0.02,1.21,0.02,1.21,1.64,1.64,1.66,1.67,1.64,1.67
SUNE,20250717 14:41:18.000000,0,1.64,1.64,31,17287,17534,17637,19107,0.02,1.21,0.03,1.82,0.04,2.43,0.04,2.43,0.04,3.04,0.04,3.04,-0.01,-0.6,-0.01,-0.6,0.01,0.6,-0.01,-0.6,0,0,0.01,0.6,0.01,0.6,1.64,1.64,1.64,1.66,1.64,1.67
SUNE,20250717 14:43:12.000000,0,1.64,1.64,720,5292,18252,18357,19827,0.02,1.21,0.03,1.82,0.04,2.43,0.04,2.43,0.04,3.04,0.04,3.04,0,0,-0.01,-0.6,-0.01,-0.6,-0.01,-0.6,0,0,0.01,0.6,0.01,0.6,1.64,1.64,1.66,1.66,1.64,1.67
SUNE,20250717 14:45:08.000000,0,1.64,1.64,1054,2431,19061,19411,20678,0.03,1.8,0.03,1.8,0.04,2.4,0.04,2.4,0.04,3.01,0.04,3.01,0,0,0.01,0.6,0.01,0.6,0.01,0.6,0.02,1.2,0.02,1.2,0.03,1.8,1.64,1.64,1.67,1.67,1.64,1.67
SUNE,20250717 14:46:03.000000,0,1.64,1.64,345,2119,19406,19653,20519,0,0,0.03,1.8,0.04,2.4,0.04,2.4,0.04,3.01,0.04,3.01,0,0,0.02,1.2,0.01,0.6,0.03,1.8,0.02,1.2,0.02,1.2,0.03,1.8,1.66,1.66,1.66,1.66,1.64,1.67
SUNE,20250717 14:47:19.000000,0,1.65,1.64,1235,2634,7926,20886,21752,0.01,0.59,0.03,1.79,0.03,1.79,0.04,2.39,0.04,2.99,0.04,2.99,0.01,0.59,0.01,0.59,0.02,1.19,0.02,1.19,0.03,1.79,0.03,1.79,0.04,2.39,1.66,1.66,1.67,1.67,1.64,1.67
SUNE,20250717 14:48:32.000000,0,1.65,1.64,1005,3639,8931,21891,22750,0.02,1.2,0.04,2.4,0.04,2.4,0.05,3.01,0.05,3.61,0.05,3.61,-0.01,-0.6,0,0,0.01,0.6,0.01,0.6,0.02,1.2,0.02,1.2,0.03,1.8,1.66,1.66,1.68,1.68,1.64,1.68
SUNE,20250717 14:49:28.000000,0,1.65,1.65,1,2586,5017,21647,22751,0.02,1.19,0.02,1.19,0.04,2.39,0.05,2.99,0.05,3.59,0.05,3.59,0.01,0.59,0.01,0.59,0.02,1.19,0.02,1.19,0.03,1.79,0.03,1.79,0.04,2.39,1.67,1.66,1.67,1.68,1.66,1.68
SUNE,20250717 14:50:35.000000,0,1.66,1.65,3567,6153,7958,25214,26318,0.02,1.19,0.03,1.78,0.05,2.97,0.06,3.57,0.06,4.16,0.06,4.16,0.01,0.59,0.02,1.19,0.04,2.38,0.03,1.78,0.04,2.38,0.04,2.38,0.05,2.97,1.68,1.67,1.69,1.69,1.66,1.69
SUNE,20250717 14:51:20.000000,0,1.66,1.65,13505,19313,21432,38719,39423,0.01,0.59,0.03,1.78,0.05,2.97,0.06,3.57,0.06,4.16,0.06,4.16,0,0,0.01,0.59,0.04,2.38,0.03,1.78,0.04,2.38,0.04,2.38,0.05,2.97,1.68,1.68,1.69,1.69,1.66,1.69
SUNE,20250717 14:52:10.000000,0,1.67,1.65,324,18402,21036,26328,39717,0.01,0.59,0.03,1.77,0.05,2.95,0.06,3.55,0.06,4.14,0.06,4.14,0.01,0.59,0.03,1.77,0.03,1.77,0.04,2.36,0.05,2.95,0.05,2.95,0.06,3.55,1.68,1.68,1.69,1.69,1.66,1.69
SUNE,20250717 14:53:17.000000,0,1.67,1.66,8371,25768,29407,34699,47788,0.01,0.59,0.02,1.18,0.05,2.95,0.06,3.55,0.06,4.14,0.06,4.14,0,0,0.02,1.18,0.03,1.77,0.04,2.36,0.05,2.95,0.05,2.95,0.06,3.55,1.68,1.68,1.69,1.69,1.67,1.69
SUNE,20250717 14:54:48.000000,0,1.67,1.66,61,25828,28414,30845,47825,0.02,1.19,0.02,1.19,0.05,2.99,0.06,3.59,0.06,4.19,0.06,4.19,-0.02,-1.19,-0.01,-0.59,0.01,0.59,0.02,1.19,0.02,1.19,0.03,1.79,0.04,2.39,1.67,1.67,1.67,1.69,1.67,1.69
SUNE,20250717 14:55:09.000000,0,1.67,1.66,400,22661,28814,30619,48225,0,0,0.02,1.19,0.05,2.99,0.06,3.59,0.06,4.19,0.06,4.19,0,0,-0.01,-0.59,0.01,0.59,0.03,1.79,0.02,1.19,0.03,1.79,0.04,2.39,1.67,1.67,1.67,1.67,1.67,1.69
SUNE,20250717 14:57:13.000000,0,1.67,1.66,40,9196,28509,30628,48265,0,0,0.02,1.19,0.05,2.99,0.06,3.59,0.06,4.19,0.06,4.19,0,0,-0.02,-1.19,0,0,0.03,1.79,0.02,1.19,0.03,1.79,0.04,2.39,1.67,1.67,1.67,1.67,1.67,1.69
SUNE,20250717 14:58:36.000000,0,1.66,1.66,5039,5540,31308,34947,53304,0.01,0.6,0.01,0.6,0.05,3.01,0.06,3.61,0.06,3.61,0.06,4.21,0,0,-0.01,-0.6,-0.01,-0.6,0,0,0.01,0.6,0.03,1.8,0.03,1.8,1.66,1.66,1.67,1.67,1.66,1.67
SUNE,20250717 14:59:22.000000,0,1.66,1.66,5000,10479,36307,38893,58304,0.01,0.6,0.01,0.6,0.03,1.8,0.06,3.61,0.06,3.61,0.06,4.21,0,0,-0.01,-0.6,-0.02,-1.2,0,0,0.01,0.6,0.03,1.8,0.03,1.8,1.66,1.66,1.66,1.67,1.66,1.67
SUNE,20250717 15:00:53.000000,0,1.66,1.66,3005,13084,35745,41898,61309,0.01,0.59,0.01,0.59,0.03,1.79,0.06,3.59,0.06,3.59,0.06,4.19,0.01,0.59,0,0,-0.01,-0.59,0.01,0.59,0.02,1.19,0.04,2.39,0.04,2.39,1.67,1.66,1.67,1.67,1.66,1.67
SUNE,20250717 15:01:18.000000,0,1.67,1.66,2,13046,22242,41555,61208,0.01,0.59,0.02,1.19,0.03,1.78,0.06,3.57,0.06,3.57,0.06,4.16,0.01,0.59,0.02,1.19,-0.01,-0.59,0.01,0.59,0.05,2.97,0.05,2.97,0.05,2.97,1.68,1.67,1.68,1.68,1.66,1.68
SUNE,20250717 15:02:47.000000,0,1.67,1.66,30,13076,21948,40350,61236,0.01,0.59,0.02,1.19,0.03,1.79,0.05,2.99,0.06,3.59,0.06,4.19,-0.01,-0.59,0.01,0.59,-0.02,-1.19,0.01,0.59,0.02,1.19,0.04,2.39,0.04,2.39,1.67,1.67,1.67,1.68,1.66,1.68
SUNE,20250717 15:03:28.000000,0,1.67,1.66,91,8128,13668,39436,61327,0,0,0.02,1.19,0.03,1.79,0.05,2.99,0.06,3.59,0.06,4.19,0,0,0.01,0.59,0,0,0,0,0.02,1.19,0.04,2.39,0.04,2.39,1.67,1.67,1.67,1.67,1.66,1.68
SUNE,20250717 15:04:14.000000,0,1.67,1.66,194,3322,13801,39629,61276,0,0,0.01,0.59,0.03,1.79,0.05,2.99,0.06,3.59,0.06,4.19,0,0,0,0,0,0,-0.01,-0.59,0.02,1.19,0.04,2.39,0.04,2.39,1.67,1.67,1.67,1.67,1.67,1.68
SUNE,20250717 15:05:38.000000,0,1.67,1.66,11,328,13412,36073,61287,0.01,0.59,0.01,0.59,0.03,1.78,0.05,2.97,0.06,3.57,0.06,4.16,0.01,0.59,0,0,0.01,0.59,0,0,0.03,1.78,0.05,2.97,0.05,2.97,1.67,1.67,1.68,1.68,1.67,1.68
SUNE,20250717 15:08:02.000000,0,1.67,1.67,3102,3428,16474,25670,64389,0.02,1.18,0.02,1.18,0.03,1.77,0.05,2.95,0.06,3.55,0.06,4.14,0.01,0.59,0.02,1.18,0.03,1.77,0,0,0.04,2.36,0.06,3.55,0.06,3.55,1.67,1.67,1.69,1.69,1.67,1.69
SUNE,20250717 15:09:02.000000,0,1.67,1.67,3500,6613,9935,20414,51259,0.01,0.59,0.02,1.18,0.03,1.77,0.05,2.95,0.06,3.55,0.06,4.14,0,0,0.01,0.59,0.02,1.18,0.02,1.18,0.04,2.36,0.05,2.95,0.06,3.55,1.68,1.68,1.69,1.69,1.67,1.69
SUNE,20250717 15:11:33.000000,0,1.67,1.67,1000,7602,7930,21014,51633,0.03,1.8,0.03,1.8,0.03,1.8,0.05,3.01,0.06,3.61,0.06,4.21,-0.03,-1.8,-0.03,-1.8,-0.02,-1.2,-0.01,-0.6,0.02,1.2,0.02,1.2,0.03,1.8,1.66,1.66,1.66,1.69,1.66,1.69
SUNE,20250717 15:12:25.000000,0,1.67,1.67,200,4700,8098,21174,51082,0,0,0.03,1.79,0.03,1.79,0.05,2.99,0.06,3.59,0.06,4.19,0,0,-0.02,-1.19,0,0,0.01,0.59,0.01,0.59,0.03,1.79,0.04,2.39,1.67,1.67,1.67,1.67,1.66,1.69
SUNE,20250717 15:13:05.000000,0,1.67,1.67,600,5300,8607,16735,51682,0.01,0.59,0.03,1.79,0.03,1.79,0.05,2.99,0.06,3.59,0.06,4.19,0,0,-0.02,-1.19,0,0,0.01,0.59,0.01,0.59,0.03,1.79,0.04,2.39,1.67,1.67,1.68,1.68,1.66,1.69
SUNE,20250717 15:14:02.000000,0,1.67,1.67,900,2700,9313,12635,51528,0.01,0.59,0.02,1.19,0.03,1.78,0.03,1.78,0.06,3.57,0.06,4.16,0.01,0.59,0.02,1.19,0,0,0.01,0.59,0.02,1.19,0.04,2.38,0.05,2.97,1.67,1.67,1.68,1.68,1.66,1.68
SUNE,20250717 15:15:22.000000,0,1.67,1.67,4374,6074,13676,14004,55902,0.03,1.77,0.03,1.77,0.04,2.36,0.04,2.36,0.07,4.14,0.07,4.73,0.01,0.59,0.02,1.18,0,0,0.01,0.59,0.03,1.77,0.05,2.95,0.06,3.55,1.68,1.67,1.7,1.7,1.67,1.7
SUNE,20250717 15:16:10.000000,0,1.67,1.67,9566,15640,20140,23568,65123,0.02,1.19,0.03,1.78,0.04,2.38,0.04,2.38,0.07,4.16,0.07,4.76,-0.01,-0.59,0.01,0.59,-0.01,-0.59,0.01,0.59,0.01,0.59,0.04,2.38,0.05,2.97,1.68,1.68,1.69,1.7,1.67,1.7
SUNE,20250717 15:17:38.000000,0,1.67,1.67,4377,19817,24517,27915,68265,0.02,1.19,0.03,1.78,0.04,2.38,0.04,2.38,0.07,4.16,0.07,4.76,0,0,0.01,0.59,-0.01,-0.59,0.01,0.59,0.02,1.19,0.04,2.38,0.05,2.97,1.68,1.68,1.7,1.7,1.67,1.7
SUNE,20250717 15:18:02.000000,0,1.68,1.67,118,19335,24635,27942,67378,0.02,1.18,0.03,1.77,0.04,2.36,0.04,2.36,0.07,4.14,0.07,4.73,0.01,0.59,0.01,0.59,0,0,0.02,1.18,0.02,1.18,0.05,2.95,0.06,3.55,1.69,1.68,1.69,1.7,1.67,1.7
SUNE,20250717 15:20:31.000000,0,1.68,1.67,9,18444,21144,27757,67386,0.01,0.59,0.02,1.19,0.04,2.38,0.04,2.38,0.07,4.16,0.07,4.76,-0.01,-0.59,-0.01,-0.59,0.02,1.19,0,0,0,0,0.04,2.38,0.05,2.97,1.68,1.68,1.68,1.69,1.68,1.7
SUNE,20250717 15:21:30.000000,0,1.67,1.67,550,5054,20694,25194,50864,0,0,0.03,1.79,0.04,2.39,0.04,2.39,0.07,4.19,0.07,4.79,0,0,-0.01,-0.59,0,0,-0.02,-1.19,-0.02,-1.19,0.03,1.79,0.04,2.39,1.67,1.67,1.67,1.67,1.67,1.7
SUNE,20250717 15:22:21.000000,0,1.67,1.67,1,678,20495,25195,50541,0.01,0.59,0.02,1.19,0.04,2.38,0.04,2.38,0.07,4.16,0.07,4.76,0.01,0.59,-0.01,-0.59,0.01,0.59,-0.01,-0.59,-0.01,-0.59,0.04,2.38,0.05,2.97,1.68,1.67,1.68,1.68,1.67,1.69
SUNE,20250717 15:23:05.000000,0,1.67,1.67,9297,9857,29192,34492,51467,0.02,1.19,0.02,1.19,0.04,2.38,0.04,2.38,0.07,4.16,0.07,4.76,0,0,0,0,0,0,-0.01,-0.59,0.01,0.59,0.04,2.38,0.05,2.97,1.67,1.67,1.69,1.69,1.67,1.69
SUNE,20250717 15:24:10.000000,0,1.67,1.67,3918,13766,32210,34910,55324,0.02,1.19,0.02,1.19,0.04,2.38,0.04,2.38,0.07,4.16,0.07,4.76,0,0,0.01,0.59,-0.01,-0.59,0.02,1.19,0.01,0.59,0.03,1.78,0.05,2.97,1.68,1.67,1.68,1.69,1.67,1.69
SUNE,20250717 15:25:19.000000,0,1.68,1.67,4878,18644,32714,38788,59802,0.02,1.18,0.03,1.77,0.03,1.77,0.04,2.36,0.07,4.14,0.07,4.73,0.01,0.59,0.02,1.18,0.01,0.59,0.02,1.18,0.02,1.18,0.04,2.36,0.06,3.55,1.68,1.68,1.7,1.7,1.67,1.7
SUNE,20250717 15:27:14.000000,0,1.69,1.68,19166,37260,42314,57954,78928,0.05,2.89,0.06,3.46,0.06,3.46,0.07,4.04,0.1,5.78,0.1,6.35,0.04,2.31,0.05,2.89,0.05,2.89,0.06,3.46,0.07,4.04,0.08,4.62,0.1,5.78,1.69,1.68,1.73,1.73,1.67,1.73
SUNE,20250717 15:28:02.000000,0,1.7,1.68,13614,41576,51433,70768,87503,0.05,2.85,0.09,5.14,0.1,5.71,0.11,6.28,0.14,8,0.14,8.57,0,0,0.07,4,0.07,4,0.07,4,0.09,5.14,0.1,5.71,0.11,6.28,1.72,1.72,1.77,1.77,1.68,1.77
SUNE,20250717 15:29:02.000000,0,1.71,1.69,11315,48973,62739,81183,93818,0.05,2.84,0.09,5.11,0.1,5.68,0.11,6.25,0.14,7.95,0.14,8.52,0.01,0.56,0.07,3.97,0.09,5.11,0.07,3.97,0.09,5.11,0.11,6.25,0.12,6.81,1.75,1.72,1.77,1.77,1.68,1.77
SUNE,20250717 15:30:01.000000,0,1.72,1.7,4964,49059,67703,81773,95777,0.03,1.7,0.08,4.54,0.1,5.68,0.11,6.25,0.14,7.95,0.14,8.52,0,0,0.03,1.7,0.09,5.11,0.08,4.54,0.08,4.54,0.11,6.25,0.12,6.81,1.74,1.74,1.77,1.77,1.69,1.77
SUNE,20250717 15:31:03.000000,0,1.73,1.71,31451,61344,98604,103658,127226,0.06,3.35,0.08,4.46,0.13,7.26,0.14,7.82,0.17,9.49,0.17,10.05,0.03,1.67,0.04,2.23,0.11,6.14,0.11,6.14,0.12,6.7,0.16,8.93,0.16,8.93,1.76,1.74,1.8,1.8,1.72,1.8
SUNE,20250717 15:32:01.000000,0,1.74,1.71,8300,69644,106903,107581,135496,0.04,2.23,0.08,4.46,0.13,7.26,0.14,7.82,0.16,8.93,0.17,10.05,0,0,0.04,2.23,0.11,6.14,0.1,5.58,0.12,6.7,0.14,7.82,0.16,8.93,1.79,1.76,1.8,1.8,1.72,1.8
SUNE,20250717 15:33:02.000000,0,1.75,1.72,3733,59763,101339,111196,139138,0.03,1.68,0.06,3.37,0.13,7.3,0.14,7.86,0.16,8.98,0.17,10.11,-0.01,-0.56,0.02,1.12,0.1,5.61,0.1,5.61,0.11,6.17,0.13,7.3,0.15,8.42,1.77,1.77,1.79,1.8,1.74,1.8
SUNE,20250717 15:34:01.000000,0,1.75,1.72,3459,51907,100880,114646,142403,0.02,1.12,0.06,3.37,0.13,7.3,0.14,7.86,0.16,8.98,0.17,10.11,0,0,0.02,1.12,0.09,5.05,0.11,6.17,0.1,5.61,0.13,7.3,0.15,8.42,1.77,1.77,1.79,1.79,1.74,1.8
SUNE,20250717 15:35:02.000000,0,1.76,1.73,8024,54967,104026,122670,150416,0.03,1.67,0.04,2.23,0.13,7.26,0.14,7.82,0.16,8.93,0.17,10.05,0.01,0.55,0,0,0.06,3.35,0.12,6.7,0.1,5.58,0.14,7.82,0.16,8.93,1.78,1.77,1.8,1.8,1.76,1.8
SUNE,20250717 15:36:09.000000,0,1.76,1.73,552,24068,85412,122672,147866,0.02,1.12,0.03,1.68,0.13,7.3,0.14,7.86,0.16,8.98,0.17,10.11,-0.01,-0.56,-0.01,-0.56,0.03,1.68,0.1,5.61,0.09,5.05,0.13,7.3,0.15,8.42,1.78,1.78,1.79,1.8,1.77,1.8
SUNE,20250717 15:37:01.000000,0,1.77,1.74,9064,24832,94476,131735,156930,0.03,1.68,0.03,1.68,0.13,7.3,0.14,7.86,0.16,8.98,0.17,10.11,0,0,0,0,0.03,1.68,0.1,5.61,0.09,5.05,0.13,7.3,0.15,8.42,1.77,1.77,1.8,1.8,1.77,1.8
SUNE,20250717 15:38:03.000000,0,1.77,1.74,1246,22345,82108,123684,158176,0.03,1.68,0.03,1.68,0.12,6.74,0.14,7.86,0.16,8.98,0.17,10.11,0,0,0,0,0.02,1.12,0.1,5.61,0.09,5.05,0.13,7.3,0.15,8.42,1.78,1.77,1.79,1.8,1.77,1.8
SUNE,20250717 15:39:01.000000,0,1.77,1.74,2802,21688,73595,122568,157478,0.01,0.56,0.03,1.68,0.12,6.74,0.14,7.86,0.16,8.98,0.17,10.11,0,0,-0.01,-0.56,0.02,1.12,0.09,5.05,0.12,6.74,0.13,7.3,0.15,8.42,1.78,1.78,1.79,1.79,1.77,1.8
SUNE,20250717 15:40:12.000000,0,1.77,1.75,5582,19246,74213,123272,162060,0.02,1.12,0.03,1.69,0.11,6.21,0.13,7.34,0.16,9.03,0.17,10.16,-0.01,-0.56,-0.01,-0.56,-0.02,-1.12,0.04,2.25,0.1,5.64,0.13,7.34,0.14,7.9,1.77,1.77,1.78,1.79,1.77,1.8
SUNE,20250717 15:41:06.000000,0,1.76,1.75,2570,21264,45332,106676,164630,0.04,2.28,0.06,3.42,0.08,4.57,0.13,7.42,0.16,9.14,0.17,10.28,-0.02,-1.14,-0.03,-1.71,-0.04,-2.28,0,0,0.08,4.57,0.11,6.28,0.12,6.85,1.74,1.74,1.77,1.78,1.74,1.8
SUNE,20250717 15:42:01.000000,0,1.76,1.75,4375,16575,41407,111051,168805,0.03,1.7,0.05,2.84,0.08,4.54,0.13,7.38,0.16,9.09,0.17,10.22,0.01,0.56,-0.02,-1.13,-0.02,-1.13,0.01,0.56,0.09,5.11,0.1,5.68,0.13,7.38,1.74,1.74,1.77,1.77,1.74,1.79
SUNE,20250717 15:43:01.000000,0,1.76,1.75,1217,16546,38891,98654,169422,0.03,1.69,0.05,2.82,0.06,3.38,0.13,7.34,0.16,9.03,0.17,10.16,0.01,0.56,-0.01,-0.56,-0.01,-0.56,0.01,0.56,0.09,5.08,0.11,6.21,0.13,7.34,1.75,1.74,1.77,1.77,1.74,1.79
SUNE,20250717 15:44:02.000000,0,1.76,1.75,6080,19824,41512,93419,174602,0.02,1.12,0.04,2.25,0.06,3.38,0.13,7.34,0.14,7.9,0.17,10.16,0,0,0,0,-0.02,-1.12,0.01,0.56,0.08,4.51,0.11,6.21,0.13,7.34,1.76,1.75,1.77,1.77,1.74,1.78
SUNE,20250717 15:45:07.000000,0,1.76,1.75,1662,15904,35150,90117,171890,0.01,0.56,0.03,1.7,0.06,3.4,0.13,7.38,0.14,7.95,0.17,10.22,-0.01,-0.56,0.01,0.56,-0.02,-1.13,-0.03,-1.7,0.08,4.54,0.1,5.68,0.11,6.25,1.76,1.76,1.76,1.77,1.74,1.77
SUNE,20250717 15:46:20.000000,0,1.76,1.75,4459,17793,39057,63125,166783,0.01,0.57,0.03,1.71,0.06,3.42,0.13,7.42,0.14,8,0.17,10.28,-0.01,-0.57,-0.01,-0.57,-0.03,-1.71,-0.04,-2.28,0.07,4,0.08,4.57,0.11,6.28,1.75,1.75,1.76,1.76,1.74,1.77
SUNE,20250717 15:47:35.000000,0,1.76,1.75,1069,14487,31062,55894,163475,0.03,1.7,0.04,2.27,0.07,3.97,0.13,7.38,0.14,7.95,0.17,10.22,0.01,0.56,-0.01,-0.56,-0.02,-1.13,-0.02,-1.13,0.07,3.97,0.1,5.68,0.12,6.81,1.73,1.73,1.76,1.76,1.73,1.77
SUNE,20250717 15:48:17.000000,0,1.75,1.75,288,13558,30104,52449,163645,0.03,1.72,0.04,2.29,0.07,4.02,0.13,7.47,0.14,8.04,0.17,10.34,-0.02,-1.14,-0.03,-1.72,-0.04,-2.29,-0.04,-2.29,0.06,3.44,0.07,4.02,0.1,5.74,1.73,1.73,1.74,1.76,1.73,1.77
SUNE,20250717 15:49:03.000000,0,1.75,1.75,285,7763,27587,49275,163921,0.01,0.57,0.03,1.73,0.07,4.04,0.13,7.51,0.14,8.09,0.17,10.4,-0.01,-0.57,-0.03,-1.73,-0.04,-2.31,-0.06,-3.46,0.06,3.46,0.05,2.89,0.09,5.2,1.73,1.73,1.73,1.74,1.73,1.76
SUNE,20250717 15:50:19.000000,0,1.74,1.75,1,6102,22006,41252,163922,0.01,0.57,0.03,1.72,0.07,4.02,0.13,7.47,0.14,8.04,0.17,10.34,0.01,0.57,-0.01,-0.57,-0.01,-0.57,-0.04,-2.29,0.07,4.02,0.06,3.44,0.1,5.74,1.74,1.73,1.74,1.74,1.73,1.76
SUNE,20250717 15:51:06.000000,0,1.74,1.74,300,1943,19736,41000,163672,0,0,0.03,1.72,0.07,4.02,0.13,7.47,0.14,8.04,0.17,10.34,0,0,-0.02,-1.14,-0.02,-1.14,-0.04,-2.29,0.06,3.44,0.05,2.87,0.1,5.74,1.74,1.74,1.74,1.74,1.73,1.76
SUNE,20250717 15:52:03.000000,0,1.74,1.74,777,1651,16138,32713,164448,0.01,0.57,0.01,0.57,0.06,3.46,0.13,7.51,0.14,8.09,0.17,10.4,-0.01,-0.57,-0.01,-0.57,-0.04,-2.31,-0.05,-2.89,0.05,2.89,0.04,2.31,0.09,5.2,1.73,1.73,1.74,1.74,1.73,1.74
SUNE,20250717 15:53:07.000000,0,1.74,1.74,104,1467,15025,31571,155255,0.02,1.14,0.02,1.14,0.06,3.42,0.12,6.85,0.14,8,0.17,10.28,0.02,1.14,0.02,1.14,-0.02,-1.14,-0.03,-1.71,0.07,4,0.08,4.57,0.11,6.28,1.74,1.73,1.75,1.75,1.73,1.75
SUNE,20250717 15:54:14.000000,0,1.74,1.74,521,1703,9466,29290,151858,0.01,0.57,0.02,1.14,0.05,2.87,0.12,6.89,0.14,8.04,0.17,10.34,-0.01,-0.57,0,0,-0.02,-1.14,-0.03,-1.72,0.05,2.87,0.07,4.02,0.1,5.74,1.74,1.74,1.74,1.75,1.73,1.75
SUNE,20250717 15:55:27.000000,0,1.74,1.74,5800,7502,13604,29508,152780,0,0,0.02,1.14,0.04,2.29,0.11,6.32,0.14,8.04,0.17,10.34,0,0,0,0,-0.01,-0.57,-0.01,-0.57,0.01,0.57,0.07,4.02,0.1,5.74,1.74,1.74,1.74,1.74,1.73,1.75
SUNE,20250717 15:56:13.000000,0,1.75,1.74,6253,13455,15398,33191,139867,0.05,2.8,0.05,2.8,0.05,2.8,0.08,4.49,0.14,7.86,0.17,10.11,0.04,2.24,0.05,2.8,0.02,1.12,0.02,1.12,0.03,1.68,0.12,6.74,0.14,7.86,1.73,1.73,1.78,1.78,1.73,1.78
SUNE,20250717 15:57:09.000000,0,1.75,1.75,726,13404,15055,29542,140593,0.05,2.84,0.05,2.84,0.05,2.84,0.08,4.54,0.14,7.95,0.17,10.22,-0.02,-1.13,0.01,0.56,0.02,1.13,-0.01,-0.56,0.01,0.56,0.1,5.68,0.13,7.95,1.76,1.73,1.76,1.78,1.73,1.78
SUNE,20250717 15:58:01.000000,0,1.75,1.75,223,13523,14990,28548,127202,0.01,0.56,0.05,2.84,0.05,2.84,0.07,3.97,0.14,7.95,0.17,9.65,0,0,0.02,1.13,0.03,1.7,-0.01,-0.56,0,0,0.1,5.68,0.13,7.38,1.75,1.75,1.76,1.76,1.73,1.78
SUNE,20250717 15:59:12.000000,0,1.75,1.75,10156,23158,24861,32624,126043,0.02,1.12,0.05,2.82,0.05,2.82,0.07,3.95,0.14,7.9,0.17,9.6,0.01,0.56,0.03,1.69,0.03,1.69,0.01,0.56,0.01,0.56,0.1,5.64,0.14,7.9,1.76,1.75,1.77,1.77,1.73,1.78
SUNE,20250717 16:00:01.000000,0,1.75,1.75,2505,19863,27365,33467,123584,0.02,1.12,0.05,2.82,0.05,2.82,0.07,3.95,0.14,7.9,0.17,9.6,0,0,-0.01,-0.56,0.03,1.69,0.02,1.12,-0.02,-1.12,0.09,5.08,0.14,7.9,1.76,1.76,1.78,1.78,1.73,1.78
SUNE,20250717 16:01:10.000000,0,1.74,1.75,1817,15427,28882,30825,93950,0.07,4.09,0.07,4.09,0.07,4.09,0.09,5.26,0.14,8.18,0.17,9.94,-0.06,-3.5,-0.05,-2.92,-0.02,-1.16,-0.05,-2.92,-0.08,-4.67,0.04,2.33,0.08,4.67,1.71,1.71,1.78,1.78,1.71,1.78
SUNE,20250717 16:03:45.000000,0,1.73,1.74,3005,17706,31110,32761,88655,0.1,5.95,0.1,5.95,0.1,5.95,0.12,7.14,0.14,8.33,0.17,10.11,-0.03,-1.78,-0.08,-4.76,-0.07,-4.16,-0.06,-3.57,-0.1,-5.95,0.01,0.59,0.05,2.97,1.68,1.68,1.7,1.78,1.68,1.78
SUNE,20250717 16:04:04.000000,0,1.72,1.73,1,7328,30486,32189,81464,0,0,0.1,5.95,0.1,5.95,0.12,7.14,0.14,8.33,0.17,10.11,0,0,-0.09,-5.35,-0.06,-3.57,-0.06,-3.57,-0.11,-6.54,0,0,0.05,2.97,1.68,1.68,1.68,1.68,1.68,1.78
SUNE,20250717 16:05:27.000000,0,1.71,1.73,6,4829,24692,32194,73446,0.02,1.17,0.1,5.88,0.1,5.88,0.12,7.05,0.14,8.23,0.17,10,0.02,1.17,-0.01,-0.58,-0.08,-4.7,-0.04,-2.35,-0.08,-4.7,0.01,0.58,0.07,4.11,1.7,1.68,1.7,1.7,1.68,1.78
SUNE,20250717 16:06:36.000000,0,1.71,1.73,21,3033,18460,31915,72915,0,0,0.02,1.17,0.1,5.88,0.12,7.05,0.14,8.23,0.17,10,0,0,0.02,1.17,-0.06,-3.52,-0.03,-1.76,-0.08,-4.7,0.01,0.58,0.07,4.11,1.7,1.7,1.7,1.7,1.68,1.7
SUNE,20250717 16:11:48.000000,0,1.72,1.73,4,32,17738,31142,63855,0.06,3.4,0.08,4.54,0.1,5.68,0.11,6.25,0.14,7.95,0.17,9.65,0.06,3.4,0.08,4.54,0,0,0.01,0.56,-0.02,-1.13,0.07,3.97,0.12,6.81,1.76,1.7,1.76,1.76,1.68,1.76
SUNE,20250717 16:12:35.000000,0,1.72,1.73,500,500,532,18238,47780,0,0,0,0,0.1,5.78,0.1,5.78,0.13,7.51,0.17,9.82,0,0,0,0,0.05,2.89,-0.03,-1.73,-0.04,-2.31,0.06,3.46,0.09,5.2,1.73,1.73,1.73,1.73,1.73,1.73
SUNE,20250717 16:13:46.000000,0,1.73,1.73,111,611,643,18126,46674,0.04,2.25,0.04,2.25,0.1,5.64,0.1,5.64,0.13,7.34,0.17,9.6,0.04,2.25,0.04,2.25,0.09,5.08,0,0,0,0,0.09,5.08,0.13,7.34,1.76,1.73,1.77,1.77,1.73,1.77
SUNE,20250717 16:15:19.000000,0,1.73,1.73,49,660,691,8019,40643,0.02,1.14,0.04,2.28,0.1,5.71,0.1,5.71,0.13,7.42,0.17,9.71,-0.02,-1.14,0.02,1.14,0.05,2.85,-0.02,-1.14,-0.01,-0.57,0.06,3.42,0.11,6.28,1.75,1.75,1.75,1.77,1.73,1.77
SUNE,20250717 16:17:43.000000,0,1.74,1.74,14,674,678,3711,34536,0.05,2.84,0.06,3.4,0.09,5.11,0.1,5.68,0.13,7.38,0.17,9.65,0,0,0.03,1.7,0,0,0.08,4.54,0,0,0.08,4.54,0.12,6.81,1.71,1.71,1.76,1.76,1.71,1.77
SUNE,20250717 16:20:24.000000,0,1.74,1.74,545,608,1219,1251,33724,0,0,0.05,2.84,0.09,5.11,0.1,5.68,0.13,7.38,0.17,9.65,0,0,0.01,0.56,0.03,1.7,0.08,4.54,0.03,1.7,0.08,4.54,0.12,6.81,1.76,1.76,1.76,1.76,1.71,1.76
SUNE,20250717 16:22:50.000000,0,1.74,1.74,135,680,1354,1358,33273,0.01,0.56,0.01,0.56,0.06,3.4,0.1,5.68,0.13,7.38,0.17,9.65,0,0,0,0,0.03,1.7,0,0,0.03,1.7,0.08,4.54,0.12,6.81,1.76,1.76,1.77,1.77,1.76,1.77
SUNE,20250717 16:23:02.000000,0,1.73,1.73,2000,2135,2743,3354,34392,0,0,0.07,4.11,0.07,4.11,0.1,5.88,0.12,7.05,0.17,10,0,0,-0.06,-3.52,-0.05,-2.94,-0.03,-1.76,-0.04,-2.35,0.02,1.17,0.06,3.52,1.7,1.7,1.7,1.7,1.7,1.77
SUNE,20250717 16:25:05.000000,0,1.74,1.74,230,2365,2924,3584,34101,0.07,3.95,0.07,3.95,0.07,3.95,0.1,5.64,0.12,6.77,0.17,9.6,0.07,3.95,0.01,0.56,0.01,0.56,0.04,2.25,0.03,1.69,0.08,4.51,0.12,6.77,1.77,1.7,1.77,1.77,1.7,1.77
SUNE,20250717 16:26:16.000000,0,1.73,1.73,130,2360,3040,3714,22178,0,0,0.07,4.11,0.07,4.11,0.1,5.88,0.12,7.05,0.17,10,0,0,0,0,-0.06,-3.52,-0.03,-1.76,-0.06,-3.52,-0.05,-2.94,0.05,2.94,1.7,1.7,1.7,1.7,1.7,1.77
SUNE,20250717 16:27:07.000000,0,1.73,1.73,1,2361,3041,3215,21453,0.05,2.85,0.07,4,0.07,4,0.1,5.71,0.12,6.85,0.17,9.71,0.05,2.85,0.05,2.85,-0.01,-0.57,-0.02,-1.14,-0.01,-0.57,0,0,0.1,5.71,1.75,1.7,1.75,1.75,1.7,1.77
SUNE,20250717 16:33:16.000000,0,1.74,1.74,5,366,2501,3109,21235,0.02,1.12,0.07,3.95,0.07,3.95,0.1,5.64,0.12,6.77,0.17,9.6,0.02,1.12,0,0,0.01,0.56,0.02,1.12,0,0,0.01,0.56,0.12,6.77,1.75,1.75,1.77,1.77,1.7,1.77
SUNE,20250717 16:34:09.000000,0,1.74,1.74,1000,1000,1136,3501,4751,0.02,1.13,0.02,1.13,0.07,3.97,0.07,3.97,0.12,6.81,0.16,9.09,0,0,0,0,0.06,3.4,0,0,0.06,3.4,-0.03,-1.7,0.11,6.25,1.74,1.74,1.76,1.76,1.74,1.76
SUNE,20250717 16:36:38.000000,0,1.75,1.74,3,1003,1139,3504,4748,0.02,1.13,0.02,1.13,0.07,3.97,0.07,3.97,0.12,6.81,0.16,9.09,0,0,0,0,0.06,3.4,0,0,0.06,3.4,-0.02,-1.13,0.11,6.25,1.76,1.74,1.76,1.76,1.74,1.76
SUNE,20250717 16:37:29.000000,0,1.74,1.74,20,1023,1028,3389,4743,0.02,1.14,0.02,1.14,0.07,4.02,0.07,4.02,0.11,6.32,0.16,9.19,0,0,-0.02,-1.14,-0.03,-1.72,0.04,2.29,0.01,0.57,-0.04,-2.29,0.09,5.17,1.74,1.74,1.76,1.76,1.74,1.76
SUNE,20250717 16:39:01.000000,0,1.75,1.74,6,1029,1029,1395,4749,0.06,3.4,0.06,3.4,0.07,3.97,0.07,3.97,0.11,6.25,0.16,9.09,0.02,1.13,0,0,0,0,-0.01,-0.56,0.03,1.7,-0.02,-1.13,0.11,6.25,1.7,1.7,1.76,1.76,1.7,1.76
SUNE,20250717 16:44:42.000000,0,1.74,1.74,200,226,1229,1365,4949,0,0,0.06,3.52,0.07,4.11,0.07,4.11,0.1,5.88,0.16,9.41,0,0,-0.04,-2.35,-0.06,-3.52,0,0,-0.03,-1.76,-0.05,-2.94,0.06,3.52,1.7,1.7,1.7,1.7,1.7,1.76
SUNE,20250717 16:57:42.000000,0,1.73,1.73,227,227,453,1456,4516,0,0,0,0,0.06,3.5,0.07,4.09,0.1,5.84,0.14,8.18,0,0,0,0,-0.03,-1.75,-0.05,-2.92,-0.05,-2.92,-0.04,-2.33,0.05,2.92,1.71,1.71,1.71,1.71,1.71,1.71
SUNE,20250717 17:03:38.000000,0,1.72,1.73,26,26,26,253,1482,0,0,0,0,0,0,0.06,3.5,0.1,5.84,0.14,8.18,0,0,0,0,0,0,0,0,-0.05,-2.92,-0.06,-3.5,0.05,2.92,1.71,1.71,1.71,1.71,1.71,1.71
SUNE,20250717 17:05:18.000000,0,1.73,1.73,1,1,27,27,483,0,0,0,0,0.04,2.28,0.06,3.42,0.07,4,0.14,8,0,0,0,0,0.04,2.28,0.04,2.28,-0.01,-0.57,0.05,2.85,0.07,4,1.75,1.75,1.75,1.75,1.75,1.75
SUNE,20250717 17:06:41.000000,0,1.73,1.73,2,3,29,29,482,0,0,0.01,0.57,0.04,2.29,0.06,3.44,0.07,4.02,0.14,8.04,0,0,-0.01,-0.57,0.03,1.72,0.03,1.72,0,0,-0.02,-1.14,0.05,2.87,1.74,1.74,1.74,1.74,1.74,1.75
SUNE,20250717 17:09:32.000000,0,1.73,1.73,1,4,30,30,463,0,0,0.01,0.57,0.04,2.29,0.06,3.44,0.07,4.02,0.14,8.04,0,0,-0.01,-0.57,0.03,1.72,0.03,1.72,-0.02,-1.14,0.01,0.57,0.05,2.87,1.74,1.74,1.74,1.74,1.74,1.75
SUNE,20250717 17:15:11.000000,0,1.73,1.73,30,33,34,60,287,0.03,1.72,0.03,1.72,0.04,2.29,0.04,2.29,0.07,4.02,0.13,7.47,0,0,0,0,-0.01,-0.57,0.03,1.72,0.03,1.72,0.01,0.57,0.07,4.02,1.72,1.72,1.75,1.75,1.72,1.75
SUNE,20250717 17:16:10.000000,0,1.74,1.74,1,1,32,35,61,0,0,0,0,0.04,2.27,0.05,2.84,0.07,3.97,0.13,7.38,0,0,0,0,0.02,1.13,0.01,0.56,0.05,2.84,0,0,0.08,4.54,1.76,1.76,1.76,1.76,1.76,1.76
SUNE,20250717 17:17:45.000000,0,1.74,1.74,1005,1006,1036,1040,1066,0.03,1.69,0.03,1.69,0.05,2.82,0.06,3.38,0.07,3.95,0.13,7.34,0.01,0.56,0.01,0.56,0.03,1.69,0.02,1.12,0.06,3.38,0.01,0.56,0.08,4.51,1.74,1.74,1.77,1.77,1.74,1.77
SUNE,20250717 17:18:36.000000,0,1.75,1.74,119,1125,1155,1159,1185,0.03,1.69,0.03,1.69,0.05,2.82,0.06,3.38,0.07,3.95,0.13,7.34,0,0,0.01,0.56,0.03,1.69,0.02,1.12,0.06,3.38,0.01,0.56,0.09,5.08,1.74,1.74,1.77,1.77,1.74,1.77
SUNE,20250717 17:20:19.000000,0,1.75,1.74,12,1137,1167,1170,1197,0.03,1.7,0.03,1.7,0.05,2.84,0.06,3.4,0.07,3.97,0.13,7.38,-0.01,-0.56,0,0,0.02,1.13,0.02,1.13,0.05,2.84,0,0,0.09,5.11,1.76,1.74,1.76,1.77,1.74,1.77
SUNE,20250717 17:21:37.000000,0,1.75,1.74,1,1137,1138,1169,1198,0,0,0.03,1.7,0.05,2.84,0.06,3.4,0.07,3.97,0.13,7.38,0,0,-0.01,-0.56,0,0,0.02,1.13,0.05,2.84,0.06,3.4,0.08,4.54,1.76,1.76,1.76,1.76,1.74,1.77
SUNE,20250717 17:29:34.000000,0,1.75,1.74,10,142,1148,1178,1208,0,0,0.03,1.7,0.05,2.84,0.06,3.4,0.07,3.97,0.13,7.38,0,0,-0.01,-0.56,0,0,0.02,1.13,0.05,2.84,0.06,3.4,0.08,4.54,1.76,1.76,1.76,1.76,1.74,1.77
SUNE,20250717 17:30:05.000000,0,1.75,1.75,129,129,140,1277,1311,0.01,0.56,0.01,0.56,0.03,1.69,0.05,2.82,0.07,3.95,0.12,6.77,0,0,0,0,0.01,0.56,0.01,0.56,0.02,1.12,0.01,0.56,-0.02,-1.12,1.76,1.76,1.77,1.77,1.76,1.77
SUNE,20250717 17:32:30.000000,0,1.76,1.75,475,604,614,1751,1786,0.01,0.56,0.01,0.56,0.03,1.69,0.05,2.82,0.07,3.95,0.12,6.77,0,0,0,0,0.01,0.56,0,0,0.02,1.12,0.01,0.56,-0.02,-1.12,1.77,1.76,1.77,1.77,1.76,1.77
SUNE,20250717 17:40:04.000000,0,1.76,1.75,380,984,984,1007,2166,0,0,0.01,0.56,0.01,0.56,0.05,2.82,0.07,3.95,0.12,6.77,0,0,0,0,0,0,0.01,0.56,0.02,1.12,0.01,0.56,-0.01,-0.56,1.77,1.77,1.77,1.77,1.76,1.77
SUNE,20250717 17:41:16.000000,0,1.76,1.75,1673,1673,2053,2657,3805,0.01,0.56,0.01,0.56,0.01,0.56,0.03,1.69,0.06,3.38,0.1,5.64,0,0,0,0,0,0,0,0,0.01,0.56,0.06,3.38,0.01,0.56,1.76,1.76,1.77,1.77,1.76,1.77
SUNE,20250717 17:45:54.000000,0,1.75,1.75,1,1674,2054,2658,3806,0.05,2.9,0.05,2.9,0.05,2.9,0.05,2.9,0.06,3.48,0.1,5.81,-0.05,-2.9,-0.05,-2.9,-0.05,-2.9,-0.05,-2.9,-0.04,-2.32,0.01,0.58,-0.05,-2.9,1.72,1.72,1.72,1.77,1.72,1.77
SUNE,20250717 17:54:03.000000,0,1.75,1.75,2,3,1676,2056,3807,0,0,0.04,2.27,0.05,2.84,0.05,2.84,0.06,3.4,0.1,5.68,0,0,0.04,2.27,-0.01,-0.56,-0.01,-0.56,-0.01,-0.56,0.05,2.84,0,0,1.76,1.76,1.76,1.76,1.72,1.76
SUNE,20250717 17:59:29.000000,0,1.75,1.75,50,50,52,1726,2710,0,0,0,0,0.05,2.84,0.05,2.84,0.06,3.4,0.1,5.68,0,0,0,0,0,0,-0.01,-0.56,-0.01,-0.56,0.05,2.84,-0.02,-1.13,1.76,1.76,1.76,1.76,1.76,1.76
SUNE,20250717 18:00:35.000000,0,1.75,1.75,1,1,51,53,2582,0,0,0,0,0.02,1.14,0.05,2.87,0.05,2.87,0.1,5.74,0,0,0,0,-0.02,-1.14,-0.02,-1.14,-0.03,-1.72,-0.01,-0.57,0.03,1.72,1.74,1.74,1.74,1.74,1.74,1.74
SUNE,20250717 18:01:29.000000,0,1.74,1.74,185,186,236,236,2292,0.02,1.16,0.02,1.16,0.04,2.32,0.05,2.9,0.05,2.9,0.09,5.23,-0.02,-1.16,-0.02,-1.16,-0.04,-2.32,-0.04,-2.32,-0.05,-2.9,-0.03,-1.74,0.04,2.32,1.72,1.72,1.72,1.74,1.72,1.74
SUNE,20250717 18:02:21.000000,0,1.74,1.74,1,187,237,237,2293,0.02,1.14,0.02,1.14,0.04,2.29,0.05,2.87,0.05,2.87,0.09,5.17,0.02,1.14,0,0,-0.02,-1.14,-0.02,-1.14,-0.03,-1.72,-0.01,-0.57,0.06,3.44,1.74,1.72,1.74,1.74,1.72,1.74
SUNE,20250717 18:03:16.000000,0,1.74,1.74,84,271,321,321,1997,0.01,0.57,0.02,1.15,0.04,2.31,0.05,2.89,0.05,2.89,0.09,5.2,-0.01,-0.57,-0.01,-0.57,-0.03,-1.73,-0.03,-1.73,-0.04,-2.31,-0.02,-1.15,0.05,2.89,1.73,1.73,1.74,1.74,1.72,1.74
SUNE,20250717 18:05:30.000000,0,1.74,1.74,506,777,827,827,2503,0.01,0.57,0.02,1.14,0.04,2.29,0.05,2.87,0.05,2.87,0.07,4.02,0.01,0.57,0,0,-0.02,-1.14,-0.02,-1.14,-0.03,-1.72,0,0,0.04,2.29,1.73,1.73,1.74,1.74,1.72,1.74
SUNE,20250717 18:11:08.000000,0,1.73,1.74,22,613,799,849,2525,0,0,0.01,0.57,0.04,2.31,0.05,2.89,0.05,2.89,0.07,4.04,0,0,-0.01,-0.57,-0.01,-0.57,-0.03,-1.73,-0.04,-2.31,-0.01,-0.57,-0.03,-1.73,1.73,1.73,1.73,1.73,1.73,1.74
SUNE,20250717 18:14:02.000000,0,1.73,1.74,54,54,666,853,905,0,0,0,0,0.02,1.15,0.04,2.31,0.05,2.89,0.07,4.04,0,0,0,0,0,0,-0.01,-0.57,-0.03,-1.73,-0.03,-1.73,-0.04,-2.31,1.73,1.73,1.73,1.73,1.73,1.73
SUNE,20250717 18:27:05.000000,0,1.73,1.74,10,64,86,862,915,0,0,0.01,0.57,0.02,1.14,0.04,2.29,0.05,2.87,0.07,4.02,0,0,0.01,0.57,0.01,0.57,0.02,1.14,-0.02,-1.14,-0.02,-1.14,-0.02,-1.14,1.74,1.74,1.74,1.74,1.73,1.74
SUNE,20250717 18:30:37.000000,0,1.73,1.74,1,1,1,11,864,0,0,0,0,0.01,0.57,0.02,1.15,0.05,2.89,0.07,4.04,0,0,0,0,0,0,-0.01,-0.57,-0.01,-0.57,-0.04,-2.31,-0.03,-1.73,1.73,1.73,1.73,1.73,1.73,1.73
SUNE,20250717 18:31:34.000000,0,1.73,1.74,1,2,2,2,679,0,0,0,0,0,0,0.01,0.57,0.05,2.89,0.07,4.04,0,0,0,0,0,0,0,0,-0.01,-0.57,-0.04,-2.31,-0.03,-1.73,1.73,1.73,1.73,1.73,1.73,1.73
SUNE,20250717 18:33:13.000000,0,1.73,1.73,50,52,52,52,728,0,0,0,0,0,0,0.01,0.57,0.05,2.89,0.07,4.04,0,0,0,0,0,0,0,0,0,0,-0.04,-2.31,-0.03,-1.73,1.73,1.73,1.73,1.73,1.73,1.73
SUNE,20250717 18:37:03.000000,0,1.73,1.73,1,52,53,53,139,0,0,0,0,0,0,0.01,0.57,0.05,2.89,0.07,4.04,0,0,0,0,0,0,0,0,0,0,-0.04,-2.31,-0.03,-1.73,1.73,1.73,1.73,1.73,1.73,1.73
SUNE,20250717 18:38:22.000000,0,1.73,1.73,10,11,62,63,127,0,0,0,0,0,0,0.01,0.57,0.05,2.89,0.07,4.04,0,0,0,0,0,0,0,0,0,0,-0.04,-2.31,0.03,1.73,1.73,1.73,1.73,1.73,1.73,1.73
SUNE,20250717 18:44:26.000000,0,1.73,1.73,400,410,462,463,527,0.01,0.57,0.01,0.57,0.01,0.57,0.01,0.57,0.05,2.87,0.07,4.02,0.01,0.57,0.01,0.57,0.01,0.57,0.01,0.57,0.01,0.57,-0.03,-1.72,0.04,2.29,1.74,1.73,1.74,1.74,1.73,1.74
SUNE,20250717 18:50:43.000000,0,1.73,1.73,1000,1000,1410,1462,1463,0.01,0.58,0.01,0.58,0.02,1.16,0.02,1.16,0.04,2.32,0.06,3.48,0,0,0,0,-0.01,-0.58,-0.01,-0.58,-0.01,-0.58,-0.04,-2.32,0.01,0.58,1.72,1.72,1.73,1.73,1.72,1.73
SUNE,20250717 18:53:20.000000,0,1.73,1.73,1,1,1001,1411,1464,0,0,0,0,0.02,1.15,0.02,1.15,0.04,2.31,0.06,3.46,0,0,0,0,0.01,0.57,0,0,0,0,-0.03,-1.73,0.02,1.15,1.73,1.73,1.73,1.73,1.73,1.73
SUNE,20250717 18:54:08.000000,0,1.73,1.73,533,534,1534,1534,1997,0.02,1.13,0.03,1.7,0.04,2.27,0.04,2.27,0.04,2.27,0.06,3.4,0,0,0.03,1.7,0.04,2.27,0.04,2.27,0.03,1.7,0,0,0.05,2.84,1.74,1.74,1.76,1.76,1.73,1.76
SUNE,20250717 18:55:02.000000,0,1.74,1.74,17,551,551,1551,2014,0.03,1.69,0.04,2.25,0.05,2.82,0.05,2.82,0.05,2.82,0.06,3.38,0.01,0.56,0.04,2.25,0.04,2.25,0.05,2.82,0.04,2.25,0.03,1.69,0.06,3.38,1.77,1.74,1.77,1.77,1.73,1.77
SUNE,20250717 18:58:18.000000,0,1.74,1.74,69,619,620,1620,2083,0.01,0.56,0.03,1.7,0.05,2.84,0.05,2.84,0.05,2.84,0.06,3.4,-0.01,-0.56,0,0,0.03,1.7,0.04,2.27,0.03,1.7,0.02,1.13,0.05,2.84,1.76,1.76,1.77,1.77,1.74,1.77
SUNE,20250717 19:00:55.000000,0,1.74,1.74,171,257,791,1791,2253,0,0,0.01,0.56,0.05,2.84,0.05,2.84,0.05,2.84,0.05,2.84,0,0,-0.01,-0.56,0.03,1.7,0.04,2.27,0.03,1.7,0.02,1.13,0.01,0.56,1.76,1.76,1.76,1.76,1.76,1.77
SUNE,20250717 19:04:03.000000,0,1.75,1.74,20,191,810,811,2272,0,0,0,0,0.04,2.27,0.05,2.84,0.05,2.84,0.05,2.84,0,0,0,0,0,0,0.03,1.7,0.03,1.7,0.02,1.13,0.01,0.56,1.76,1.76,1.76,1.76,1.76,1.76
SUNE,20250717 19:07:27.000000,0,1.75,1.74,10,30,270,821,2231,0,0,0,0,0.04,2.27,0.05,2.84,0.05,2.84,0.05,2.84,0,0,0,0,0,0,0.03,1.7,0.03,1.7,0.03,1.7,0.02,1.13,1.76,1.76,1.76,1.76,1.76,1.76
SUNE,20250717 19:12:49.000000,0,1.75,1.74,167,177,368,987,2388,0,0,0,0,0.03,1.7,0.05,2.84,0.05,2.84,0.05,2.84,0,0,0,0,0,0,0,0,0.02,1.13,0.03,1.7,0.02,1.13,1.76,1.76,1.76,1.76,1.76,1.76
SUNE,20250717 19:18:11.000000,0,1.74,1.74,1,1,178,369,1989,0,0,0,0,0.03,1.73,0.05,2.89,0.05,2.89,0.05,2.89,0,0,0,0,-0.03,-1.73,-0.03,-1.73,0.01,0.57,-0.01,-0.57,-0.03,-1.73,1.73,1.73,1.73,1.73,1.73,1.73
SUNE,20250717 19:24:45.000000,0,1.75,1.74,72,72,73,250,1061,0.04,2.25,0.04,2.25,0.04,2.25,0.04,2.25,0.05,2.82,0.05,2.82,0,0,0,0,0.04,2.25,0.01,0.56,0.04,2.25,0.04,2.25,0.01,0.56,1.73,1.73,1.77,1.77,1.73,1.77
SUNE,20250717 19:26:17.000000,0,1.75,1.75,65,65,137,138,575,0,0,0,0,0.04,2.25,0.04,2.25,0.05,2.82,0.05,2.82,0,0,0,0,0,0,0.04,2.25,0.01,0.56,0.04,2.25,0,0,1.77,1.77,1.77,1.77,1.77,1.77
SUNE,20250717 19:32:51.000000,0,1.75,1.75,1002,1067,1139,1140,1508,0.03,1.7,0.04,2.27,0.04,2.27,0.04,2.27,0.05,2.84,0.05,2.84,0,0,-0.01,-0.56,-0.01,-0.56,0.03,1.7,0,0,0.03,1.7,-0.01,-0.56,1.73,1.73,1.76,1.76,1.73,1.77
SUNE,20250717 19:33:46.000000,0,1.75,1.74,500,500,1567,1639,1817,0,0,0,0,0.04,2.31,0.04,2.31,0.05,2.89,0.05,2.89,0,0,0,0,-0.04,-2.31,-0.04,-2.31,-0.03,-1.73,0,0,-0.04,-2.31,1.73,1.73,1.73,1.73,1.73,1.73
SUNE,20250717 19:36:32.000000,0,1.74,1.74,50,550,1617,1617,1867,0,0,0,0,0.04,2.31,0.04,2.31,0.05,2.89,0.05,2.89,0,0,0,0,-0.04,-2.31,-0.04,-2.31,-0.03,-1.73,0,0,-0.04,-2.31,1.73,1.73,1.73,1.73,1.73,1.73
SUNE,20250717 19:38:07.000000,0,1.74,1.74,1,551,551,1618,1858,0,0,0,0,0.04,2.31,0.04,2.31,0.05,2.89,0.05,2.89,0,0,0,0,0,0,-0.04,-2.31,-0.03,-1.73,0,0,-0.04,-2.31,1.73,1.73,1.73,1.73,1.73,1.73
SUNE,20250717 19:41:20.000000,0,1.74,1.74,12,13,563,1630,1703,0,0,0.04,2.25,0.04,2.25,0.04,2.25,0.05,2.82,0.05,2.82,0,0,0.04,2.25,0.04,2.25,0,0,0.04,2.25,0.05,2.82,0,0,1.77,1.77,1.77,1.77,1.73,1.77
SUNE,20250717 19:42:20.000000,0,1.74,1.74,10,22,573,573,1713,0,0,0.04,2.31,0.04,2.31,0.04,2.31,0.05,2.89,0.05,2.89,0,0,-0.04,-2.31,0,0,0,0,0,0,0.01,0.57,-0.03,-1.73,1.73,1.73,1.73,1.73,1.73,1.77
SUNE,20250717 19:45:48.000000,0,1.74,1.74,2,24,75,575,1714,0.03,1.7,0.04,2.27,0.04,2.27,0.04,2.27,0.05,2.84,0.05,2.84,0.03,1.7,-0.01,-0.56,0.03,1.7,0.03,1.7,-0.01,-0.56,0.04,2.27,0,0,1.76,1.73,1.76,1.76,1.73,1.77
SUNE,20250717 19:46:29.000000,0,1.74,1.74,4,16,29,579,1718,0,0,0.03,1.73,0.04,2.31,0.04,2.31,0.04,2.31,0.05,2.89,0,0,0,0,0,0,0,0,-0.04,-2.31,0,0,-0.03,-1.73,1.73,1.73,1.73,1.73,1.73,1.76
SUNE,20250717 19:48:26.000000,0,1.74,1.74,25,31,53,604,1743,0.03,1.7,0.03,1.7,0.04,2.27,0.04,2.27,0.04,2.27,0.05,2.84,0.03,1.7,0,0,-0.01,-0.56,0.03,1.7,-0.01,-0.56,0.03,1.7,0,0,1.76,1.73,1.76,1.76,1.73,1.76
SUNE,20250717 19:49:01.000000,0,1.74,1.74,390,419,431,444,2061,0.04,2.31,0.04,2.31,0.04,2.31,0.04,2.31,0.04,2.31,0.05,2.89,0,0,0,0,0,0,0,0,-0.04,-2.31,0,0,-0.03,-1.73,1.73,1.73,1.77,1.77,1.73,1.77
SUNE,20250717 19:50:57.000000,0,1.74,1.74,9,428,440,453,2070,0.04,2.27,0.04,2.27,0.04,2.27,0.04,2.27,0.04,2.27,0.05,2.84,0.03,1.7,0.03,1.7,0.03,1.7,0.03,1.7,-0.01,-0.56,0.03,1.7,0,0,1.76,1.73,1.76,1.77,1.73,1.77
SUNE,20250717 19:56:22.000000,0,1.75,1.74,1,425,441,454,2071,0.01,0.56,0.04,2.25,0.04,2.25,0.04,2.25,0.04,2.25,0.05,2.82,0.01,0.56,0.01,0.56,0.04,2.25,0.04,2.25,0,0,0.01,0.56,0.01,0.56,1.77,1.76,1.77,1.77,1.73,1.77
